Building Ghost Labs OS Images...
=================================

Building alpine image...
#0 building with "default" instance using docker driver

#1 [internal] load build definition from Dockerfile
#1 transferring dockerfile: 581B done
#1 DONE 0.0s

#2 [internal] load metadata for docker.io/library/alpine:3.19
#2 DONE 3.4s

#3 [internal] load .dockerignore
#3 transferring context: 2B done
#3 DONE 0.0s

#4 [1/4] FROM docker.io/library/alpine:3.19@sha256:6baf43584bcb78f2e5847d1de515f23499913ac9f12bdf834811a3145eb11ca1
#4 CACHED

#5 [2/4] RUN apk add --no-cache     bash     git     vim     nano     curl     wget     nodejs     npm     python3     py3-pip     gcc     g++     make     sudo
#5 0.106 fetch https://dl-cdn.alpinelinux.org/alpine/v3.19/main/x86_64/APKINDEX.tar.gz
#5 1.062 fetch https://dl-cdn.alpinelinux.org/alpine/v3.19/community/x86_64/APKINDEX.tar.gz
#5 4.581 (1/65) Upgrading musl (1.2.4_git20230717-r5 -> 1.2.4_git20230717-r6)
#5 4.663 (2/65) Installing ncurses-terminfo-base (6.4_p20231125-r0)
#5 4.674 (3/65) Installing libncursesw (6.4_p20231125-r0)
#5 4.705 (4/65) Installing readline (8.2.1-r2)
#5 4.729 (5/65) Installing bash (5.2.21-r0)
#5 4.792 Executing bash-5.2.21-r0.post-install
#5 4.794 (6/65) Installing ca-certificates (20250911-r0)
#5 4.824 (7/65) Installing brotli-libs (1.1.0-r1)
#5 4.879 (8/65) Installing c-ares (1.27.0-r0)
#5 4.892 (9/65) Installing libunistring (1.1-r2)
#5 4.964 (10/65) Installing libidn2 (2.3.4-r4)
#5 4.983 (11/65) Installing nghttp2-libs (1.58.0-r0)
#5 4.993 (12/65) Installing libpsl (0.21.5-r0)
#5 5.017 (13/65) Installing libcurl (8.14.1-r2)
#5 5.053 (14/65) Installing curl (8.14.1-r2)
#5 5.071 (15/65) Installing libgcc (13.2.1_git20231014-r0)
#5 5.082 (16/65) Installing libstdc++ (13.2.1_git20231014-r0)
#5 5.175 (17/65) Installing libstdc++-dev (13.2.1_git20231014-r0)
#5 5.524 (18/65) Installing jansson (2.14-r4)
#5 5.553 (19/65) Installing zstd-libs (1.5.5-r8)
#5 5.589 (20/65) Installing binutils (2.41-r1)
#5 5.794 (21/65) Installing libgomp (13.2.1_git20231014-r0)
#5 5.806 (22/65) Installing libatomic (13.2.1_git20231014-r0)
#5 5.815 (23/65) Installing gmp (6.3.0-r0)
#5 5.832 (24/65) Installing isl26 (0.26-r1)
#5 5.883 (25/65) Installing mpfr4 (4.2.1-r0)
#5 5.905 (26/65) Installing mpc1 (1.3.1-r1)
#5 5.913 (27/65) Installing gcc (13.2.1_git20231014-r0)
#5 9.493 (28/65) Installing musl-dev (1.2.4_git20230717-r6)
#5 9.754 (29/65) Installing libc-dev (0.7.2-r5)
#5 9.761 (30/65) Installing g++ (13.2.1_git20231014-r0)
#5 10.89 (31/65) Installing libexpat (2.7.3-r0)
#5 10.90 (32/65) Installing pcre2 (10.42-r2)
#5 10.91 (33/65) Installing git (2.43.7-r0)
#5 11.15 (34/65) Installing make (4.4.1-r2)
#5 11.17 (35/65) Installing nano (7.2-r1)
#5 11.18 (36/65) Installing ada-libs (2.7.4-r0)
#5 11.20 (37/65) Installing libbase64 (0.5.0-r0)
#5 11.20 (38/65) Installing icu-data-en (74.1-r1)
#5 11.25 Executing icu-data-en-74.1-r1.post-install
#5 11.26 *
#5 11.26 * If you need ICU with non-English locales and legacy charset support, install
#5 11.26 * package icu-data-full.
#5 11.26 *
#5 11.26 (39/65) Installing icu-libs (74.1-r1)
#5 11.39 (40/65) Installing nodejs (20.15.1-r0)
#5 12.58 (41/65) Installing npm (10.2.5-r0)
#5 12.78 (42/65) Installing libbz2 (1.0.8-r6)
#5 12.79 (43/65) Installing libffi (3.4.4-r3)
#5 12.80 (44/65) Installing gdbm (1.23-r1)
#5 12.81 (45/65) Installing xz-libs (5.4.5-r1)
#5 12.82 (46/65) Installing mpdecimal (2.5.1-r2)
#5 12.83 (47/65) Installing libpanelw (6.4_p20231125-r0)
#5 12.84 (48/65) Installing sqlite-libs (3.44.2-r2)
#5 12.87 (49/65) Installing python3 (3.11.14-r0)
#5 13.58 (50/65) Installing python3-pycache-pyc0 (3.11.14-r0)
#5 13.90 (51/65) Installing pyc (3.11.14-r0)
#5 13.90 (52/65) Installing py3-setuptools-pyc (70.3.0-r0)
#5 14.01 (53/65) Installing py3-pip-pyc (23.3.1-r0)
#5 14.23 (54/65) Installing py3-parsing (3.1.1-r0)
#5 14.24 (55/65) Installing py3-parsing-pyc (3.1.1-r0)
#5 14.26 (56/65) Installing py3-packaging-pyc (23.2-r0)
#5 14.27 (57/65) Installing python3-pyc (3.11.14-r0)
#5 14.28 (58/65) Installing py3-packaging (23.2-r0)
#5 14.29 (59/65) Installing py3-setuptools (70.3.0-r0)
#5 14.33 (60/65) Installing py3-pip (23.3.1-r0)
#5 14.47 (61/65) Installing sudo (1.9.15_p2-r0)
#5 14.52 (62/65) Installing vim-common (9.0.2127-r0)
#5 15.15 (63/65) Installing xxd (9.0.2127-r0)
#5 15.16 (64/65) Installing vim (9.0.2127-r0)
#5 15.23 (65/65) Installing wget (1.21.4-r0)
#5 15.24 Executing busybox-1.36.1-r20.trigger
#5 15.25 Executing ca-certificates-20250911-r0.trigger
#5 15.28 OK: 391 MiB in 79 packages
#5 DONE 15.4s

#6 [3/4] WORKDIR /workspace
#6 DONE 0.0s

#7 [4/4] RUN adduser -D -h /workspace ghostuser &&     echo "ghostuser ALL=(ALL) NOPASSWD:ALL" >> /etc/sudoers &&     chown -R ghostuser:ghostuser /workspace
#7 DONE 0.1s

#8 exporting to image
#8 exporting layers
#8 exporting layers 1.2s done
#8 writing image sha256:0a39e9ffea61de823f8d6e422c27ede9b000b60158c14a024b38be34fffd19cc done
#8 naming to docker.io/library/colab-alpine:latest done
#8 DONE 1.2s
✅ Successfully built colab-alpine:latest

Building ubuntu image...
#0 building with "default" instance using docker driver

#1 [internal] load build definition from Dockerfile.ubuntu
#1 transferring dockerfile: 723B done
#1 DONE 0.0s

#2 [internal] load metadata for docker.io/library/ubuntu:22.04
#2 DONE 3.4s

#3 [internal] load .dockerignore
#3 transferring context: 2B done
#3 DONE 0.0s

#4 [1/4] FROM docker.io/library/ubuntu:22.04@sha256:3b06811b2afd352be909dd088a004166d665dc76d38b13eada33522a9d915c6f
#4 resolve docker.io/library/ubuntu:22.04@sha256:3b06811b2afd352be909dd088a004166d665dc76d38b13eada33522a9d915c6f 0.0s done
#4 sha256:39a945af8df2ad9343f141c82355d3f2c4b576d432eda34c460d630607462b60 0B / 29.74MB 0.1s
#4 sha256:3b06811b2afd352be909dd088a004166d665dc76d38b13eada33522a9d915c6f 6.69kB / 6.69kB done
#4 sha256:0199853f6d6b20b0424f3c5694a72a62764f01e6a771b1eb48a4197848986c7e 424B / 424B done
#4 sha256:92947e844d1b996f5e199c8a36460610142e46a427f2767e0bfb0f0f85e35946 2.05kB / 2.05kB done
#4 sha256:39a945af8df2ad9343f141c82355d3f2c4b576d432eda34c460d630607462b60 2.10MB / 29.74MB 0.6s
#4 sha256:39a945af8df2ad9343f141c82355d3f2c4b576d432eda34c460d630607462b60 5.24MB / 29.74MB 0.9s
#4 sha256:39a945af8df2ad9343f141c82355d3f2c4b576d432eda34c460d630607462b60 8.39MB / 29.74MB 1.1s
#4 sha256:39a945af8df2ad9343f141c82355d3f2c4b576d432eda34c460d630607462b60 12.58MB / 29.74MB 1.4s
#4 sha256:39a945af8df2ad9343f141c82355d3f2c4b576d432eda34c460d630607462b60 14.68MB / 29.74MB 1.6s
#4 sha256:39a945af8df2ad9343f141c82355d3f2c4b576d432eda34c460d630607462b60 17.83MB / 29.74MB 1.8s
#4 sha256:39a945af8df2ad9343f141c82355d3f2c4b576d432eda34c460d630607462b60 20.97MB / 29.74MB 2.1s
#4 sha256:39a945af8df2ad9343f141c82355d3f2c4b576d432eda34c460d630607462b60 24.12MB / 29.74MB 2.3s
#4 sha256:39a945af8df2ad9343f141c82355d3f2c4b576d432eda34c460d630607462b60 27.26MB / 29.74MB 2.6s
#4 sha256:39a945af8df2ad9343f141c82355d3f2c4b576d432eda34c460d630607462b60 29.36MB / 29.74MB 2.7s
#4 extracting sha256:39a945af8df2ad9343f141c82355d3f2c4b576d432eda34c460d630607462b60
#4 sha256:39a945af8df2ad9343f141c82355d3f2c4b576d432eda34c460d630607462b60 29.74MB / 29.74MB 2.8s done
#4 extracting sha256:39a945af8df2ad9343f141c82355d3f2c4b576d432eda34c460d630607462b60 1.0s done
#4 DONE 3.8s

#5 [2/4] RUN apt-get update && apt-get install -y     bash     git     vim     nano     curl     wget     build-essential     python3     python3-pip     nodejs     npm     sudo     && rm -rf /var/lib/apt/lists/*
#5 0.667 Get:1 http://security.ubuntu.com/ubuntu jammy-security InRelease [129 kB]
#5 0.962 Get:2 http://archive.ubuntu.com/ubuntu jammy InRelease [270 kB]
#5 2.404 Get:3 http://security.ubuntu.com/ubuntu jammy-security/universe amd64 Packages [1314 kB]
#5 7.142 Get:4 http://archive.ubuntu.com/ubuntu jammy-updates InRelease [128 kB]
#5 11.20 Get:5 http://archive.ubuntu.com/ubuntu jammy-backports InRelease [127 kB]
#5 16.12 Get:6 http://archive.ubuntu.com/ubuntu jammy/multiverse amd64 Packages [266 kB]
#5 23.34 Get:7 http://security.ubuntu.com/ubuntu jammy-security/multiverse amd64 Packages [84.1 kB]
#5 24.80 Get:8 http://security.ubuntu.com/ubuntu jammy-security/main amd64 Packages [4190 kB]
#5 28.97 Get:9 http://archive.ubuntu.com/ubuntu jammy/restricted amd64 Packages [164 kB]
#5 39.68 Get:10 http://archive.ubuntu.com/ubuntu jammy/main amd64 Packages [1792 kB]
#5 46.82 Get:11 http://security.ubuntu.com/ubuntu jammy-security/restricted amd64 Packages [7545 kB]
#5 55.04 Get:12 http://archive.ubuntu.com/ubuntu jammy/universe amd64 Packages [17.5 MB]
#5 247.1 Get:13 http://archive.ubuntu.com/ubuntu jammy-updates/main amd64 Packages [4528 kB]
#5 299.1 Get:14 http://archive.ubuntu.com/ubuntu jammy-updates/universe amd64 Packages [1616 kB]
#5 309.9 Get:15 http://archive.ubuntu.com/ubuntu jammy-updates/restricted amd64 Packages [7848 kB]
#5 364.3 Get:16 http://archive.ubuntu.com/ubuntu jammy-updates/multiverse amd64 Packages [92.7 kB]
#5 365.2 Get:17 http://archive.ubuntu.com/ubuntu jammy-backports/universe amd64 Packages [35.6 kB]
#5 367.1 Get:18 http://archive.ubuntu.com/ubuntu jammy-backports/main amd64 Packages [82.8 kB]
#5 367.6 Fetched 47.7 MB in 6min 7s (130 kB/s)
#5 367.6 Reading package lists...
#5 368.7 Reading package lists...
#5 369.8 Building dependency tree...
#5 370.0 Reading state information...
#5 370.3 bash is already the newest version (5.1-6ubuntu1.1).
#5 370.3 The following additional packages will be installed:
#5 370.3   adwaita-icon-theme at-spi2-core binutils binutils-common
#5 370.3   binutils-x86-64-linux-gnu bzip2 ca-certificates cpp cpp-11 dbus
#5 370.3   dbus-user-session dconf-gsettings-backend dconf-service dirmngr dmsetup
#5 370.3   dpkg-dev fakeroot fontconfig fontconfig-config fonts-dejavu-core g++ g++-11
#5 370.3   gcc gcc-11 gcc-11-base gir1.2-glib-2.0 git-man gnupg gnupg-l10n gnupg-utils
#5 370.3   gpg gpg-agent gpg-wks-client gpg-wks-server gpgconf gpgsm
#5 370.3   gsettings-desktop-schemas gtk-update-icon-cache gyp hicolor-icon-theme
#5 370.3   humanity-icon-theme javascript-common less libalgorithm-diff-perl
#5 370.3   libalgorithm-diff-xs-perl libalgorithm-merge-perl libapparmor1 libargon2-1
#5 370.3   libasan6 libassuan0 libatk-bridge2.0-0 libatk1.0-0 libatk1.0-data libatomic1
#5 370.3   libatspi2.0-0 libauthen-sasl-perl libavahi-client3 libavahi-common-data
#5 370.3   libavahi-common3 libbinutils libbrotli1 libbsd0 libc-ares2 libc-dev-bin
#5 370.3   libc-devtools libc6-dev libcairo-gobject2 libcairo2 libcbor0.8 libcc1-0
#5 370.3   libclone-perl libcolord2 libcrypt-dev libcryptsetup12 libctf-nobfd0 libctf0
#5 370.3   libcups2 libcurl3-gnutls libcurl4 libdata-dump-perl libdatrie1 libdbus-1-3
#5 370.3   libdconf1 libdeflate0 libdevmapper1.02.1 libdpkg-perl libdrm-amdgpu1
#5 370.3   libdrm-common libdrm-intel1 libdrm-nouveau2 libdrm-radeon1 libdrm2 libedit2
#5 370.3   libelf1 libencode-locale-perl libepoxy0 liberror-perl libexpat1
#5 370.3   libexpat1-dev libfakeroot libfido2-1 libfile-basedir-perl
#5 370.3   libfile-desktopentry-perl libfile-fcntllock-perl libfile-listing-perl
#5 370.3   libfile-mimeinfo-perl libfont-afm-perl libfontconfig1 libfontenc1
#5 370.3   libfreetype6 libfribidi0 libgcc-11-dev libgd3 libgdbm-compat4 libgdbm6
#5 370.3   libgdk-pixbuf-2.0-0 libgdk-pixbuf2.0-bin libgdk-pixbuf2.0-common
#5 370.3   libgirepository-1.0-1 libgl1 libgl1-amber-dri libgl1-mesa-dri libglapi-mesa
#5 370.3   libglib2.0-0 libglib2.0-data libglvnd0 libglx-mesa0 libglx0 libgomp1 libgpm2
#5 370.3   libgraphite2-3 libgtk-3-0 libgtk-3-bin libgtk-3-common libgtkd-3-0
#5 370.3   libharfbuzz0b libhtml-form-perl libhtml-format-perl libhtml-parser-perl
#5 370.3   libhtml-tagset-perl libhtml-tree-perl libhttp-cookies-perl
#5 370.3   libhttp-daemon-perl libhttp-date-perl libhttp-message-perl
#5 370.3   libhttp-negotiate-perl libice6 libicu70 libio-html-perl
#5 370.3   libio-socket-ssl-perl libio-stringy-perl libip4tc2 libipc-system-simple-perl
#5 370.3   libisl23 libitm1 libjbig0 libjpeg-turbo8 libjpeg8 libjs-events
#5 370.3   libjs-highlight.js libjs-inherits libjs-is-typedarray libjs-jquery libjs-psl
#5 370.3   libjs-source-map libjs-sphinxdoc libjs-sprintf-js libjs-typedarray-to-buffer
#5 370.3   libjs-underscore libjson-c5 libkmod2 libksba8 liblcms2-2 libldap-2.5-0
#5 370.3   libldap-common libllvm11 libllvm15 liblocale-gettext-perl liblsan0
#5 370.3   liblwp-mediatypes-perl liblwp-protocol-https-perl libmailtools-perl libmd0
#5 370.3   libmpc3 libmpdec3 libmpfr6 libnet-dbus-perl libnet-http-perl
#5 370.3   libnet-smtp-ssl-perl libnet-ssleay-perl libnghttp2-14 libnode-dev libnode72
#5 370.3   libnotify-bin libnotify4 libnpth0 libnsl-dev libnss-systemd libpam-systemd
#5 370.3   libpango-1.0-0 libpangocairo-1.0-0 libpangoft2-1.0-0 libpciaccess0
#5 370.3   libperl5.34 libphobos2-ldc-shared98 libpixman-1-0 libpng16-16 libpsl5
#5 370.3   libpython3-dev libpython3-stdlib libpython3.10 libpython3.10-dev
#5 370.3   libpython3.10-minimal libpython3.10-stdlib libquadmath0 libreadline8
#5 370.3   librsvg2-2 librsvg2-common librtmp1 libsasl2-2 libsasl2-modules
#5 370.3   libsasl2-modules-db libsensors-config libsensors5 libsm6 libsodium23
#5 370.3   libsqlite3-0 libssh-4 libssl-dev libstdc++-11-dev libsystemd0
#5 370.3   libtext-iconv-perl libthai-data libthai0 libtie-ixhash-perl libtiff5
#5 370.3   libtimedate-perl libtirpc-dev libtry-tiny-perl libtsan0 libubsan1 libunwind8
#5 370.3   liburi-perl libuv1 libuv1-dev libvte-2.91-0 libvte-2.91-common libvted-3-0
#5 370.3   libwayland-client0 libwayland-cursor0 libwayland-egl1 libwebp7 libwww-perl
#5 370.3   libwww-robotrules-perl libx11-6 libx11-data libx11-protocol-perl libx11-xcb1
#5 370.3   libxau6 libxaw7 libxcb-dri2-0 libxcb-dri3-0 libxcb-glx0 libxcb-present0
#5 370.3   libxcb-randr0 libxcb-render0 libxcb-shape0 libxcb-shm0 libxcb-sync1
#5 370.3   libxcb-xfixes0 libxcb1 libxcomposite1 libxcursor1 libxdamage1 libxdmcp6
#5 370.3   libxext6 libxfixes3 libxft2 libxi6 libxinerama1 libxkbcommon0 libxkbfile1
#5 370.3   libxml-parser-perl libxml-twig-perl libxml-xpathengine-perl libxml2 libxmu6
#5 370.3   libxmuu1 libxpm4 libxrandr2 libxrender1 libxshmfence1 libxt6 libxtst6 libxv1
#5 370.3   libxxf86dga1 libxxf86vm1 linux-libc-dev lto-disabled-list make manpages
#5 370.3   manpages-dev media-types netbase networkd-dispatcher node-abab node-abbrev
#5 370.3   node-agent-base node-ansi-regex node-ansi-styles node-ansistyles node-aproba
#5 370.3   node-archy node-are-we-there-yet node-argparse node-arrify node-asap
#5 370.3   node-asynckit node-balanced-match node-brace-expansion node-builtins
#5 370.3   node-cacache node-chalk node-chownr node-clean-yaml-object node-cli-table
#5 370.3   node-clone node-color-convert node-color-name node-colors node-columnify
#5 370.3   node-combined-stream node-commander node-console-control-strings
#5 370.3   node-copy-concurrently node-core-util-is node-coveralls node-cssom
#5 370.3   node-cssstyle node-debug node-decompress-response node-defaults
#5 370.3   node-delayed-stream node-delegates node-depd node-diff node-encoding
#5 370.3   node-end-of-stream node-err-code node-escape-string-regexp node-esprima
#5 370.3   node-events node-fancy-log node-fetch node-foreground-child node-form-data
#5 370.3   node-fs-write-stream-atomic node-fs.realpath node-function-bind node-gauge
#5 370.3   node-get-stream node-glob node-got node-graceful-fs node-growl node-gyp
#5 370.3   node-has-flag node-has-unicode node-hosted-git-info node-https-proxy-agent
#5 370.3   node-iconv-lite node-iferr node-imurmurhash node-indent-string node-inflight
#5 370.3   node-inherits node-ini node-ip node-ip-regex node-is-buffer
#5 370.3   node-is-plain-obj node-is-typedarray node-isarray node-isexe node-js-yaml
#5 370.3   node-jsdom node-json-buffer node-json-parse-better-errors node-jsonparse
#5 370.3   node-kind-of node-lcov-parse node-lodash-packages node-log-driver
#5 370.3   node-lowercase-keys node-lru-cache node-mime node-mime-types
#5 370.3   node-mimic-response node-minimatch node-minimist node-minipass node-mkdirp
#5 370.3   node-move-concurrently node-ms node-mute-stream node-negotiator node-nopt
#5 370.3   node-normalize-package-data node-npm-bundled node-npm-package-arg
#5 370.3   node-npmlog node-object-assign node-once node-opener node-osenv
#5 370.3   node-p-cancelable node-p-map node-path-is-absolute node-process-nextick-args
#5 370.3   node-promise-inflight node-promise-retry node-promzard node-psl node-pump
#5 370.3   node-punycode node-quick-lru node-read node-read-package-json
#5 370.3   node-readable-stream node-resolve node-retry node-rimraf node-run-queue
#5 370.3   node-safe-buffer node-semver node-set-blocking node-signal-exit node-slash
#5 370.3   node-slice-ansi node-source-map node-source-map-support node-spdx-correct
#5 370.3   node-spdx-exceptions node-spdx-expression-parse node-spdx-license-ids
#5 370.3   node-sprintf-js node-ssri node-stack-utils node-stealthy-require
#5 370.3   node-string-decoder node-string-width node-strip-ansi node-supports-color
#5 370.3   node-tap node-tap-mocha-reporter node-tap-parser node-tar node-text-table
#5 370.3   node-time-stamp node-tmatch node-tough-cookie node-typedarray-to-buffer
#5 370.3   node-unique-filename node-universalify node-util-deprecate
#5 370.3   node-validate-npm-package-license node-validate-npm-package-name
#5 370.3   node-wcwidth.js node-webidl-conversions node-whatwg-fetch node-which
#5 370.3   node-wide-align node-wrappy node-write-file-atomic node-ws node-yallist
#5 370.3   nodejs-doc openssh-client openssl patch perl perl-modules-5.34
#5 370.3   perl-openssl-defaults pinentry-curses publicsuffix python3-dbus python3-dev
#5 370.3   python3-distutils python3-gi python3-lib2to3 python3-minimal
#5 370.3   python3-pkg-resources python3-setuptools python3-wheel python3.10
#5 370.3   python3.10-dev python3.10-minimal readline-common rpcsvc-proto
#5 370.3   session-migration shared-mime-info systemd systemd-sysv systemd-timesyncd
#5 370.3   tilix tilix-common ubuntu-mono ucf vim-common vim-runtime x11-common
#5 370.3   x11-utils x11-xserver-utils xauth xdg-user-dirs xdg-utils xkb-data xxd
#5 370.3   xz-utils zlib1g-dev
#5 370.3 Suggested packages:
#5 370.3   binutils-doc bzip2-doc cpp-doc gcc-11-locales pinentry-gnome3 tor
#5 370.3   debian-keyring g++-multilib g++-11-multilib gcc-11-doc gcc-multilib autoconf
#5 370.3   automake libtool flex bison gdb gcc-doc gcc-11-multilib gettext-base
#5 370.3   git-daemon-run | git-daemon-sysvinit git-doc git-email git-gui gitk gitweb
#5 370.3   git-cvs git-mediawiki git-svn parcimonie xloadimage scdaemon apache2
#5 370.3   | lighttpd | httpd libdigest-hmac-perl libgssapi-perl glibc-doc colord
#5 370.3   cups-common bzr libgd-tools gdbm-l10n gpm gvfs libjs-angularjs
#5 370.3   liblcms2-utils libcrypt-ssleay-perl gnome-shell | notification-daemon
#5 370.3   pciutils librsvg2-bin libsasl2-modules-gssapi-mit
#5 370.3   | libsasl2-modules-gssapi-heimdal libsasl2-modules-ldap libsasl2-modules-otp
#5 370.3   libsasl2-modules-sql lm-sensors libssl-doc libstdc++-11-doc libsub-name-perl
#5 370.3   libbusiness-isbn-perl libauthen-ntlm-perl libunicode-map8-perl
#5 370.3   libunicode-string-perl xml-twig-tools make-doc man-browser hunspell iw
#5 370.3   | wireless-tools node-nyc keychain libpam-ssh monkeysphere ssh-askpass ed
#5 370.3   diffutils-doc perl-doc libterm-readline-gnu-perl
#5 370.3   | libterm-readline-perl-perl libtap-harness-archive-perl pinentry-doc
#5 370.3   python3-doc python3-tk python3-venv python-dbus-doc python-setuptools-doc
#5 370.3   python3.10-venv python3.10-doc binfmt-support readline-doc systemd-container
#5 370.3   libtss2-esys-3.0.2-0 libtss2-mu0 libtss2-rc0 policykit-1 python-nautilus
#5 370.3   ctags vim-doc vim-scripts mesa-utils nickle cairo-5c xorg-docs-core
#5 371.6 The following NEW packages will be installed:
#5 371.6   adwaita-icon-theme at-spi2-core binutils binutils-common
#5 371.6   binutils-x86-64-linux-gnu build-essential bzip2 ca-certificates cpp cpp-11
#5 371.6   curl dbus dbus-user-session dconf-gsettings-backend dconf-service dirmngr
#5 371.6   dmsetup dpkg-dev fakeroot fontconfig fontconfig-config fonts-dejavu-core g++
#5 371.6   g++-11 gcc gcc-11 gcc-11-base gir1.2-glib-2.0 git git-man gnupg gnupg-l10n
#5 371.6   gnupg-utils gpg gpg-agent gpg-wks-client gpg-wks-server gpgconf gpgsm
#5 371.6   gsettings-desktop-schemas gtk-update-icon-cache gyp hicolor-icon-theme
#5 371.6   humanity-icon-theme javascript-common less libalgorithm-diff-perl
#5 371.6   libalgorithm-diff-xs-perl libalgorithm-merge-perl libapparmor1 libargon2-1
#5 371.6   libasan6 libassuan0 libatk-bridge2.0-0 libatk1.0-0 libatk1.0-data libatomic1
#5 371.6   libatspi2.0-0 libauthen-sasl-perl libavahi-client3 libavahi-common-data
#5 371.6   libavahi-common3 libbinutils libbrotli1 libbsd0 libc-ares2 libc-dev-bin
#5 371.6   libc-devtools libc6-dev libcairo-gobject2 libcairo2 libcbor0.8 libcc1-0
#5 371.6   libclone-perl libcolord2 libcrypt-dev libcryptsetup12 libctf-nobfd0 libctf0
#5 371.6   libcups2 libcurl3-gnutls libcurl4 libdata-dump-perl libdatrie1 libdbus-1-3
#5 371.6   libdconf1 libdeflate0 libdevmapper1.02.1 libdpkg-perl libdrm-amdgpu1
#5 371.6   libdrm-common libdrm-intel1 libdrm-nouveau2 libdrm-radeon1 libdrm2 libedit2
#5 371.6   libelf1 libencode-locale-perl libepoxy0 liberror-perl libexpat1
#5 371.6   libexpat1-dev libfakeroot libfido2-1 libfile-basedir-perl
#5 371.6   libfile-desktopentry-perl libfile-fcntllock-perl libfile-listing-perl
#5 371.6   libfile-mimeinfo-perl libfont-afm-perl libfontconfig1 libfontenc1
#5 371.6   libfreetype6 libfribidi0 libgcc-11-dev libgd3 libgdbm-compat4 libgdbm6
#5 371.6   libgdk-pixbuf-2.0-0 libgdk-pixbuf2.0-bin libgdk-pixbuf2.0-common
#5 371.6   libgirepository-1.0-1 libgl1 libgl1-amber-dri libgl1-mesa-dri libglapi-mesa
#5 371.6   libglib2.0-0 libglib2.0-data libglvnd0 libglx-mesa0 libglx0 libgomp1 libgpm2
#5 371.6   libgraphite2-3 libgtk-3-0 libgtk-3-bin libgtk-3-common libgtkd-3-0
#5 371.6   libharfbuzz0b libhtml-form-perl libhtml-format-perl libhtml-parser-perl
#5 371.6   libhtml-tagset-perl libhtml-tree-perl libhttp-cookies-perl
#5 371.6   libhttp-daemon-perl libhttp-date-perl libhttp-message-perl
#5 371.6   libhttp-negotiate-perl libice6 libicu70 libio-html-perl
#5 371.6   libio-socket-ssl-perl libio-stringy-perl libip4tc2 libipc-system-simple-perl
#5 371.6   libisl23 libitm1 libjbig0 libjpeg-turbo8 libjpeg8 libjs-events
#5 371.6   libjs-highlight.js libjs-inherits libjs-is-typedarray libjs-jquery libjs-psl
#5 371.6   libjs-source-map libjs-sphinxdoc libjs-sprintf-js libjs-typedarray-to-buffer
#5 371.6   libjs-underscore libjson-c5 libkmod2 libksba8 liblcms2-2 libldap-2.5-0
#5 371.6   libldap-common libllvm11 libllvm15 liblocale-gettext-perl liblsan0
#5 371.6   liblwp-mediatypes-perl liblwp-protocol-https-perl libmailtools-perl libmd0
#5 371.6   libmpc3 libmpdec3 libmpfr6 libnet-dbus-perl libnet-http-perl
#5 371.6   libnet-smtp-ssl-perl libnet-ssleay-perl libnghttp2-14 libnode-dev libnode72
#5 371.6   libnotify-bin libnotify4 libnpth0 libnsl-dev libnss-systemd libpam-systemd
#5 371.6   libpango-1.0-0 libpangocairo-1.0-0 libpangoft2-1.0-0 libpciaccess0
#5 371.6   libperl5.34 libphobos2-ldc-shared98 libpixman-1-0 libpng16-16 libpsl5
#5 371.6   libpython3-dev libpython3-stdlib libpython3.10 libpython3.10-dev
#5 371.6   libpython3.10-minimal libpython3.10-stdlib libquadmath0 libreadline8
#5 371.6   librsvg2-2 librsvg2-common librtmp1 libsasl2-2 libsasl2-modules
#5 371.6   libsasl2-modules-db libsensors-config libsensors5 libsm6 libsodium23
#5 371.6   libsqlite3-0 libssh-4 libssl-dev libstdc++-11-dev libtext-iconv-perl
#5 371.6   libthai-data libthai0 libtie-ixhash-perl libtiff5 libtimedate-perl
#5 371.6   libtirpc-dev libtry-tiny-perl libtsan0 libubsan1 libunwind8 liburi-perl
#5 371.6   libuv1 libuv1-dev libvte-2.91-0 libvte-2.91-common libvted-3-0
#5 371.6   libwayland-client0 libwayland-cursor0 libwayland-egl1 libwebp7 libwww-perl
#5 371.6   libwww-robotrules-perl libx11-6 libx11-data libx11-protocol-perl libx11-xcb1
#5 371.6   libxau6 libxaw7 libxcb-dri2-0 libxcb-dri3-0 libxcb-glx0 libxcb-present0
#5 371.6   libxcb-randr0 libxcb-render0 libxcb-shape0 libxcb-shm0 libxcb-sync1
#5 371.6   libxcb-xfixes0 libxcb1 libxcomposite1 libxcursor1 libxdamage1 libxdmcp6
#5 371.6   libxext6 libxfixes3 libxft2 libxi6 libxinerama1 libxkbcommon0 libxkbfile1
#5 371.6   libxml-parser-perl libxml-twig-perl libxml-xpathengine-perl libxml2 libxmu6
#5 371.6   libxmuu1 libxpm4 libxrandr2 libxrender1 libxshmfence1 libxt6 libxtst6 libxv1
#5 371.6   libxxf86dga1 libxxf86vm1 linux-libc-dev lto-disabled-list make manpages
#5 371.6   manpages-dev media-types nano netbase networkd-dispatcher node-abab
#5 371.6   node-abbrev node-agent-base node-ansi-regex node-ansi-styles node-ansistyles
#5 371.6   node-aproba node-archy node-are-we-there-yet node-argparse node-arrify
#5 371.6   node-asap node-asynckit node-balanced-match node-brace-expansion
#5 371.6   node-builtins node-cacache node-chalk node-chownr node-clean-yaml-object
#5 371.6   node-cli-table node-clone node-color-convert node-color-name node-colors
#5 371.6   node-columnify node-combined-stream node-commander
#5 371.6   node-console-control-strings node-copy-concurrently node-core-util-is
#5 371.6   node-coveralls node-cssom node-cssstyle node-debug node-decompress-response
#5 371.6   node-defaults node-delayed-stream node-delegates node-depd node-diff
#5 371.6   node-encoding node-end-of-stream node-err-code node-escape-string-regexp
#5 371.6   node-esprima node-events node-fancy-log node-fetch node-foreground-child
#5 371.6   node-form-data node-fs-write-stream-atomic node-fs.realpath
#5 371.6   node-function-bind node-gauge node-get-stream node-glob node-got
#5 371.6   node-graceful-fs node-growl node-gyp node-has-flag node-has-unicode
#5 371.6   node-hosted-git-info node-https-proxy-agent node-iconv-lite node-iferr
#5 371.6   node-imurmurhash node-indent-string node-inflight node-inherits node-ini
#5 371.6   node-ip node-ip-regex node-is-buffer node-is-plain-obj node-is-typedarray
#5 371.6   node-isarray node-isexe node-js-yaml node-jsdom node-json-buffer
#5 371.6   node-json-parse-better-errors node-jsonparse node-kind-of node-lcov-parse
#5 371.6   node-lodash-packages node-log-driver node-lowercase-keys node-lru-cache
#5 371.6   node-mime node-mime-types node-mimic-response node-minimatch node-minimist
#5 371.6   node-minipass node-mkdirp node-move-concurrently node-ms node-mute-stream
#5 371.6   node-negotiator node-nopt node-normalize-package-data node-npm-bundled
#5 371.6   node-npm-package-arg node-npmlog node-object-assign node-once node-opener
#5 371.6   node-osenv node-p-cancelable node-p-map node-path-is-absolute
#5 371.6   node-process-nextick-args node-promise-inflight node-promise-retry
#5 371.6   node-promzard node-psl node-pump node-punycode node-quick-lru node-read
#5 371.6   node-read-package-json node-readable-stream node-resolve node-retry
#5 371.6   node-rimraf node-run-queue node-safe-buffer node-semver node-set-blocking
#5 371.6   node-signal-exit node-slash node-slice-ansi node-source-map
#5 371.6   node-source-map-support node-spdx-correct node-spdx-exceptions
#5 371.6   node-spdx-expression-parse node-spdx-license-ids node-sprintf-js node-ssri
#5 371.6   node-stack-utils node-stealthy-require node-string-decoder node-string-width
#5 371.6   node-strip-ansi node-supports-color node-tap node-tap-mocha-reporter
#5 371.6   node-tap-parser node-tar node-text-table node-time-stamp node-tmatch
#5 371.6   node-tough-cookie node-typedarray-to-buffer node-unique-filename
#5 371.6   node-universalify node-util-deprecate node-validate-npm-package-license
#5 371.6   node-validate-npm-package-name node-wcwidth.js node-webidl-conversions
#5 371.6   node-whatwg-fetch node-which node-wide-align node-wrappy
#5 371.6   node-write-file-atomic node-ws node-yallist nodejs nodejs-doc npm
#5 371.6   openssh-client openssl patch perl perl-modules-5.34 perl-openssl-defaults
#5 371.6   pinentry-curses publicsuffix python3 python3-dbus python3-dev
#5 371.6   python3-distutils python3-gi python3-lib2to3 python3-minimal python3-pip
#5 371.6   python3-pkg-resources python3-setuptools python3-wheel python3.10
#5 371.6   python3.10-dev python3.10-minimal readline-common rpcsvc-proto
#5 371.6   session-migration shared-mime-info sudo systemd systemd-sysv
#5 371.6   systemd-timesyncd tilix tilix-common ubuntu-mono ucf vim vim-common
#5 371.6   vim-runtime wget x11-common x11-utils x11-xserver-utils xauth xdg-user-dirs
#5 371.6   xdg-utils xkb-data xxd xz-utils zlib1g-dev
#5 371.6 The following packages will be upgraded:
#5 371.6   libsystemd0
#5 372.5 1 upgraded, 530 newly installed, 0 to remove and 1 not upgraded.
#5 372.5 Need to get 242 MB of archives.
#5 372.5 After this operation, 963 MB of additional disk space will be used.
#5 372.5 Get:1 http://archive.ubuntu.com/ubuntu jammy-updates/main amd64 libsystemd0 amd64 249.11-0ubuntu3.22 [316 kB]
#5 379.0 Get:2 http://archive.ubuntu.com/ubuntu jammy/main amd64 liblocale-gettext-perl amd64 1.07-4build3 [17.1 kB]
#5 379.3 Get:3 http://archive.ubuntu.com/ubuntu jammy-updates/main amd64 libpython3.10-minimal amd64 3.10.12-1~22.04.16 [817 kB]
#5 390.2 Get:4 http://archive.ubuntu.com/ubuntu jammy-updates/main amd64 libexpat1 amd64 2.4.7-1ubuntu0.7 [92.1 kB]
#5 391.2 Get:5 http://archive.ubuntu.com/ubuntu jammy-updates/main amd64 python3.10-minimal amd64 3.10.12-1~22.04.16 [2254 kB]
#5 416.3 Get:6 http://archive.ubuntu.com/ubuntu jammy-updates/main amd64 python3-minimal amd64 3.10.6-1~22.04.1 [24.3 kB]
#5 416.3 Get:7 http://archive.ubuntu.com/ubuntu jammy/main amd64 media-types all 7.0.0 [25.5 kB]
#5 416.3 Get:8 http://archive.ubuntu.com/ubuntu jammy/main amd64 libmpdec3 amd64 2.5.1-2build2 [86.8 kB]
#5 417.3 Get:9 http://archive.ubuntu.com/ubuntu jammy/main amd64 readline-common all 8.1.2-1 [53.5 kB]
#5 418.1 Get:10 http://archive.ubuntu.com/ubuntu jammy/main amd64 libreadline8 amd64 8.1.2-1 [153 kB]
#5 421.4 Get:11 http://archive.ubuntu.com/ubuntu jammy-updates/main amd64 libsqlite3-0 amd64 3.37.2-2ubuntu0.7 [643 kB]
#5 427.4 Get:12 http://archive.ubuntu.com/ubuntu jammy-updates/main amd64 libpython3.10-stdlib amd64 3.10.12-1~22.04.16 [1850 kB]
#5 467.5 Get:13 http://archive.ubuntu.com/ubuntu jammy-updates/main amd64 python3.10 amd64 3.10.12-1~22.04.16 [508 kB]
#5 476.7 Get:14 http://archive.ubuntu.com/ubuntu jammy-updates/main amd64 libpython3-stdlib amd64 3.10.6-1~22.04.1 [6812 B]
#5 476.8 Get:15 http://archive.ubuntu.com/ubuntu jammy-updates/main amd64 python3 amd64 3.10.6-1~22.04.1 [22.8 kB]
#5 477.4 Get:16 http://archive.ubuntu.com/ubuntu jammy-updates/main amd64 libapparmor1 amd64 3.0.4-2ubuntu2.5 [39.6 kB]
#5 478.4 Get:17 http://archive.ubuntu.com/ubuntu jammy/main amd64 libargon2-1 amd64 0~20171227-0.3 [19.5 kB]
#5 479.2 Get:18 http://archive.ubuntu.com/ubuntu jammy-updates/main amd64 libdevmapper1.02.1 amd64 2:1.02.175-2.1ubuntu5 [139 kB]
#5 480.2 Get:19 http://archive.ubuntu.com/ubuntu jammy-updates/main amd64 libjson-c5 amd64 0.15-3~ubuntu1.22.04.2 [33.5 kB]
#5 480.5 Get:20 http://archive.ubuntu.com/ubuntu jammy-updates/main amd64 libcryptsetup12 amd64 2:2.4.3-1ubuntu1.3 [211 kB]
#5 483.4 Get:21 http://archive.ubuntu.com/ubuntu jammy-updates/main amd64 libip4tc2 amd64 1.8.7-1ubuntu5.2 [19.9 kB]
#5 483.8 Get:22 http://archive.ubuntu.com/ubuntu jammy-updates/main amd64 libkmod2 amd64 29-1ubuntu1.1 [48.1 kB]
#5 485.4 Get:23 http://archive.ubuntu.com/ubuntu jammy-updates/main amd64 systemd amd64 249.11-0ubuntu3.22 [4587 kB]
#5 497.0 Get:24 http://archive.ubuntu.com/ubuntu jammy-updates/main amd64 systemd-sysv amd64 249.11-0ubuntu3.22 [10.5 kB]
#5 497.3 Get:25 http://archive.ubuntu.com/ubuntu jammy-updates/main amd64 perl-modules-5.34 all 5.34.0-3ubuntu1.7 [2977 kB]
#5 504.8 Get:26 http://archive.ubuntu.com/ubuntu jammy/main amd64 libgdbm6 amd64 1.23-1 [33.9 kB]
#5 505.4 Get:27 http://archive.ubuntu.com/ubuntu jammy/main amd64 libgdbm-compat4 amd64 1.23-1 [6606 B]
#5 505.6 Get:28 http://archive.ubuntu.com/ubuntu jammy-updates/main amd64 libperl5.34 amd64 5.34.0-3ubuntu1.7 [4817 kB]
#5 515.2 Get:29 http://archive.ubuntu.com/ubuntu jammy-updates/main amd64 perl amd64 5.34.0-3ubuntu1.7 [232 kB]
#5 520.3 Get:30 http://archive.ubuntu.com/ubuntu jammy-updates/main amd64 openssl amd64 3.0.2-0ubuntu1.26 [1184 kB]
#5 526.4 Get:31 http://archive.ubuntu.com/ubuntu jammy-updates/main amd64 ca-certificates all 20260601~22.04.1 [141 kB]
#5 530.1 Get:32 http://archive.ubuntu.com/ubuntu jammy-updates/main amd64 libdbus-1-3 amd64 1.12.20-2ubuntu4.1 [189 kB]
#5 530.5 Get:33 http://archive.ubuntu.com/ubuntu jammy-updates/main amd64 dbus amd64 1.12.20-2ubuntu4.1 [158 kB]
#5 531.2 Get:34 http://archive.ubuntu.com/ubuntu jammy-updates/main amd64 dmsetup amd64 2:1.02.175-2.1ubuntu5 [81.7 kB]
#5 535.4 Get:35 http://archive.ubuntu.com/ubuntu jammy-updates/main amd64 libglib2.0-0 amd64 2.72.4-0ubuntu2.9 [1467 kB]
#5 545.9 Get:36 http://archive.ubuntu.com/ubuntu jammy/main amd64 libgirepository-1.0-1 amd64 1.72.0-1 [55.6 kB]
#5 548.6 Get:37 http://archive.ubuntu.com/ubuntu jammy/main amd64 gir1.2-glib-2.0 amd64 1.72.0-1 [164 kB]
#5 550.6 Get:38 http://archive.ubuntu.com/ubuntu jammy-updates/main amd64 less amd64 590-1ubuntu0.22.04.3 [142 kB]
#5 553.7 Get:39 http://archive.ubuntu.com/ubuntu jammy/main amd64 libmd0 amd64 1.0.4-1build1 [23.0 kB]
#5 554.8 Get:40 http://archive.ubuntu.com/ubuntu jammy/main amd64 libbsd0 amd64 0.11.5-1 [44.8 kB]
#5 555.5 Get:41 http://archive.ubuntu.com/ubuntu jammy-updates/main amd64 libelf1 amd64 0.186-1ubuntu0.1 [51.1 kB]
#5 556.5 Get:42 http://archive.ubuntu.com/ubuntu jammy-updates/main amd64 libfribidi0 amd64 1.0.8-2ubuntu3.1 [26.1 kB]
#5 557.2 Get:43 http://archive.ubuntu.com/ubuntu jammy-updates/main amd64 libglib2.0-data all 2.72.4-0ubuntu2.9 [5088 B]
#5 557.6 Get:44 http://archive.ubuntu.com/ubuntu jammy/main amd64 libicu70 amd64 70.1-2 [10.6 MB]
#5 697.8 Get:45 http://archive.ubuntu.com/ubuntu jammy-updates/main amd64 libnss-systemd amd64 249.11-0ubuntu3.22 [133 kB]
#5 701.1 Get:46 http://archive.ubuntu.com/ubuntu jammy-updates/main amd64 libpam-systemd amd64 249.11-0ubuntu3.22 [203 kB]
#5 705.3 Get:47 http://archive.ubuntu.com/ubuntu jammy/main amd64 libtext-iconv-perl amd64 1.7-7build3 [14.3 kB]
#5 706.0 Get:48 http://archive.ubuntu.com/ubuntu jammy-updates/main amd64 libxml2 amd64 2.9.13+dfsg-1ubuntu0.12 [765 kB]
#5 721.2 Get:49 http://archive.ubuntu.com/ubuntu jammy/main amd64 netbase all 6.3 [12.9 kB]
#5 721.4 Get:50 http://archive.ubuntu.com/ubuntu jammy/main amd64 python3-dbus amd64 1.2.18-3build1 [99.5 kB]
#5 722.5 Get:51 http://archive.ubuntu.com/ubuntu jammy-updates/main amd64 python3-gi amd64 3.42.1-0ubuntu1 [229 kB]
#5 724.7 Get:52 http://archive.ubuntu.com/ubuntu jammy-updates/main amd64 networkd-dispatcher all 2.1-2ubuntu0.22.04.2 [15.8 kB]
#5 725.7 Get:53 http://archive.ubuntu.com/ubuntu jammy-updates/main amd64 python3-pkg-resources all 59.6.0-1.2ubuntu0.22.04.3 [133 kB]
#5 729.9 Get:54 http://archive.ubuntu.com/ubuntu jammy/main amd64 shared-mime-info amd64 2.1-2 [454 kB]
#5 735.4 Get:55 http://archive.ubuntu.com/ubuntu jammy-updates/main amd64 sudo amd64 1.9.9-1ubuntu2.6 [820 kB]
#5 744.9 Get:56 http://archive.ubuntu.com/ubuntu jammy-updates/main amd64 systemd-timesyncd amd64 249.11-0ubuntu3.22 [31.2 kB]
#5 745.2 Get:57 http://archive.ubuntu.com/ubuntu jammy/main amd64 ucf all 3.0043 [56.1 kB]
#5 745.9 Get:58 http://archive.ubuntu.com/ubuntu jammy-updates/main amd64 xxd amd64 2:8.2.3995-1ubuntu2.34 [51.6 kB]
#5 746.6 Get:59 http://archive.ubuntu.com/ubuntu jammy-updates/main amd64 vim-common all 2:8.2.3995-1ubuntu2.34 [81.5 kB]
#5 747.2 Get:60 http://archive.ubuntu.com/ubuntu jammy/main amd64 xdg-user-dirs amd64 0.17-2ubuntu4 [53.9 kB]
#5 747.6 Get:61 http://archive.ubuntu.com/ubuntu jammy/main amd64 xkb-data all 2.33-1 [394 kB]
#5 749.4 Get:62 http://archive.ubuntu.com/ubuntu jammy/main amd64 libcbor0.8 amd64 0.8.0-2ubuntu1 [24.6 kB]
#5 750.0 Get:63 http://archive.ubuntu.com/ubuntu jammy-updates/main amd64 libdrm-common all 2.4.113-2~ubuntu0.22.04.1 [5450 B]
#5 750.3 Get:64 http://archive.ubuntu.com/ubuntu jammy-updates/main amd64 libdrm2 amd64 2.4.113-2~ubuntu0.22.04.1 [38.1 kB]
#5 750.5 Get:65 http://archive.ubuntu.com/ubuntu jammy/main amd64 libedit2 amd64 3.1-20210910-1build1 [96.8 kB]
#5 751.4 Get:66 http://archive.ubuntu.com/ubuntu jammy/main amd64 libfido2-1 amd64 1.10.0-1 [82.8 kB]
#5 755.0 Get:67 http://archive.ubuntu.com/ubuntu jammy-updates/main amd64 libnghttp2-14 amd64 1.43.0-1ubuntu0.4 [76.9 kB]
#5 758.8 Get:68 http://archive.ubuntu.com/ubuntu jammy-updates/main amd64 libpng16-16 amd64 1.6.37-3ubuntu0.5 [192 kB]
#5 767.4 Get:69 http://archive.ubuntu.com/ubuntu jammy/main amd64 libpsl5 amd64 0.21.0-1.2build2 [58.4 kB]
#5 768.6 Get:70 http://archive.ubuntu.com/ubuntu jammy-updates/main amd64 libuv1 amd64 1.43.0-1ubuntu0.1 [92.7 kB]
#5 771.6 Get:71 http://archive.ubuntu.com/ubuntu jammy/main amd64 libxau6 amd64 1:1.0.9-1build5 [7634 B]
#5 771.9 Get:72 http://archive.ubuntu.com/ubuntu jammy/main amd64 libxdmcp6 amd64 1:1.1.3-0ubuntu5 [10.9 kB]
#5 772.3 Get:73 http://archive.ubuntu.com/ubuntu jammy/main amd64 libxcb1 amd64 1.14-3ubuntu3 [49.0 kB]
#5 773.3 Get:74 http://archive.ubuntu.com/ubuntu jammy-updates/main amd64 libx11-data all 2:1.7.5-1ubuntu0.3 [120 kB]
#5 774.1 Get:75 http://archive.ubuntu.com/ubuntu jammy-updates/main amd64 libx11-6 amd64 2:1.7.5-1ubuntu0.3 [667 kB]
#5 776.1 Get:76 http://archive.ubuntu.com/ubuntu jammy/main amd64 libxext6 amd64 2:1.3.4-1build1 [31.8 kB]
#5 776.4 Get:77 http://archive.ubuntu.com/ubuntu jammy/main amd64 libxmuu1 amd64 2:1.1.3-3 [10.2 kB]
#5 776.6 Get:78 http://archive.ubuntu.com/ubuntu jammy/main amd64 manpages all 5.10-1ubuntu1 [1375 kB]
#5 778.2 Get:79 http://archive.ubuntu.com/ubuntu jammy-updates/main amd64 nano amd64 6.2-1ubuntu0.2 [280 kB]
#5 779.2 Get:80 http://archive.ubuntu.com/ubuntu jammy-updates/main amd64 openssh-client amd64 1:8.9p1-3ubuntu0.16 [904 kB]
#5 780.4 Get:81 http://archive.ubuntu.com/ubuntu jammy/main amd64 publicsuffix all 20211207.1025-1 [129 kB]
#5 783.8 Get:82 http://archive.ubuntu.com/ubuntu jammy-updates/main amd64 wget amd64 1.21.2-2ubuntu1.4 [339 kB]
#5 793.4 Get:83 http://archive.ubuntu.com/ubuntu jammy/main amd64 xauth amd64 1:1.1-1build2 [27.5 kB]
#5 794.7 Get:84 http://archive.ubuntu.com/ubuntu jammy-updates/main amd64 xz-utils amd64 5.2.5-2ubuntu1.1 [84.8 kB]
#5 796.5 Get:85 http://archive.ubuntu.com/ubuntu jammy/main amd64 hicolor-icon-theme all 0.17-2 [9976 B]
#5 796.6 Get:86 http://archive.ubuntu.com/ubuntu jammy-updates/main amd64 libgdk-pixbuf2.0-common all 2.42.8+dfsg-1ubuntu0.5 [5560 B]
#5 797.4 Get:87 http://archive.ubuntu.com/ubuntu jammy/main amd64 libjpeg-turbo8 amd64 2.1.2-0ubuntu1 [134 kB]
#5 800.1 Get:88 http://archive.ubuntu.com/ubuntu jammy/main amd64 libjpeg8 amd64 8c-2ubuntu10 [2264 B]
#5 800.9 Get:89 http://archive.ubuntu.com/ubuntu jammy/main amd64 libdeflate0 amd64 1.10-2 [70.9 kB]
#5 802.7 Get:90 http://archive.ubuntu.com/ubuntu jammy-updates/main amd64 libjbig0 amd64 2.1-3.1ubuntu0.22.04.1 [29.2 kB]
#5 804.0 Get:91 http://archive.ubuntu.com/ubuntu jammy-updates/main amd64 libwebp7 amd64 1.2.2-2ubuntu0.22.04.2 [206 kB]
#5 806.9 Get:92 http://archive.ubuntu.com/ubuntu jammy-updates/main amd64 libtiff5 amd64 4.3.0-6ubuntu0.13 [185 kB]
#5 809.4 Get:93 http://archive.ubuntu.com/ubuntu jammy-updates/main amd64 libgdk-pixbuf-2.0-0 amd64 2.42.8+dfsg-1ubuntu0.5 [148 kB]
#5 811.4 Get:94 http://archive.ubuntu.com/ubuntu jammy-updates/main amd64 gtk-update-icon-cache amd64 3.24.33-1ubuntu2.2 [31.4 kB]
#5 812.0 Get:95 http://archive.ubuntu.com/ubuntu jammy/main amd64 humanity-icon-theme all 0.6.16 [1282 kB]
#5 826.9 Get:96 http://archive.ubuntu.com/ubuntu jammy/main amd64 ubuntu-mono all 20.10-0ubuntu2 [153 kB]
#5 828.2 Get:97 http://archive.ubuntu.com/ubuntu jammy/main amd64 adwaita-icon-theme all 41.0-1ubuntu1 [3444 kB]
#5 829.5 Get:98 http://archive.ubuntu.com/ubuntu jammy/main amd64 libxi6 amd64 2:1.8-1build1 [32.6 kB]
#5 830.0 Get:99 http://archive.ubuntu.com/ubuntu jammy/main amd64 libatspi2.0-0 amd64 2.44.0-3 [80.9 kB]
#5 832.8 Get:100 http://archive.ubuntu.com/ubuntu jammy/main amd64 x11-common all 1:7.7+23ubuntu2 [23.4 kB]
#5 833.3 Get:101 http://archive.ubuntu.com/ubuntu jammy/main amd64 libxtst6 amd64 2:1.2.3-1build4 [13.4 kB]
#5 833.6 Get:102 http://archive.ubuntu.com/ubuntu jammy-updates/main amd64 dbus-user-session amd64 1.12.20-2ubuntu4.1 [9442 B]
#5 833.8 Get:103 http://archive.ubuntu.com/ubuntu jammy-updates/main amd64 libdconf1 amd64 0.40.0-3ubuntu0.1 [40.5 kB]
#5 834.0 Get:104 http://archive.ubuntu.com/ubuntu jammy-updates/main amd64 dconf-service amd64 0.40.0-3ubuntu0.1 [28.1 kB]
#5 834.7 Get:105 http://archive.ubuntu.com/ubuntu jammy-updates/main amd64 dconf-gsettings-backend amd64 0.40.0-3ubuntu0.1 [22.7 kB]
#5 835.4 Get:106 http://archive.ubuntu.com/ubuntu jammy/main amd64 session-migration amd64 0.3.6 [9774 B]
#5 835.7 Get:107 http://archive.ubuntu.com/ubuntu jammy/main amd64 gsettings-desktop-schemas all 42.0-1ubuntu1 [31.1 kB]
#5 835.9 Get:108 http://archive.ubuntu.com/ubuntu jammy/main amd64 at-spi2-core amd64 2.44.0-3 [54.4 kB]
#5 838.4 Get:109 http://archive.ubuntu.com/ubuntu jammy-updates/main amd64 binutils-common amd64 2.38-4ubuntu2.12 [223 kB]
#5 858.3 Get:110 http://archive.ubuntu.com/ubuntu jammy-updates/main amd64 libbinutils amd64 2.38-4ubuntu2.12 [663 kB]
#5 863.4 Get:111 http://archive.ubuntu.com/ubuntu jammy-updates/main amd64 libctf-nobfd0 amd64 2.38-4ubuntu2.12 [108 kB]
#5 867.1 Get:112 http://archive.ubuntu.com/ubuntu jammy-updates/main amd64 libctf0 amd64 2.38-4ubuntu2.12 [103 kB]
#5 868.8 Get:113 http://archive.ubuntu.com/ubuntu jammy-updates/main amd64 binutils-x86-64-linux-gnu amd64 2.38-4ubuntu2.12 [2324 kB]
#5 895.2 Get:114 http://archive.ubuntu.com/ubuntu jammy-updates/main amd64 binutils amd64 2.38-4ubuntu2.12 [3184 B]
#5 895.4 Get:115 http://archive.ubuntu.com/ubuntu jammy-updates/main amd64 libc-dev-bin amd64 2.35-0ubuntu3.14 [20.3 kB]
#5 896.5 Get:116 http://archive.ubuntu.com/ubuntu jammy-updates/main amd64 linux-libc-dev amd64 5.15.0-187.197 [1361 kB]
#5 912.1 Get:117 http://archive.ubuntu.com/ubuntu jammy/main amd64 libcrypt-dev amd64 1:4.4.27-1 [112 kB]
#5 913.7 Get:118 http://archive.ubuntu.com/ubuntu jammy/main amd64 rpcsvc-proto amd64 1.4.2-0ubuntu6 [68.5 kB]
#5 915.0 Get:119 http://archive.ubuntu.com/ubuntu jammy-updates/main amd64 libtirpc-dev amd64 1.3.2-2ubuntu0.1 [192 kB]
#5 917.3 Get:120 http://archive.ubuntu.com/ubuntu jammy/main amd64 libnsl-dev amd64 1.3.0-2build2 [71.3 kB]
#5 918.3 Get:121 http://archive.ubuntu.com/ubuntu jammy-updates/main amd64 libc6-dev amd64 2.35-0ubuntu3.14 [2100 kB]
#5 940.6 Get:122 http://archive.ubuntu.com/ubuntu jammy-updates/main amd64 gcc-11-base amd64 11.4.0-1ubuntu1~22.04.3 [216 kB]
#5 942.7 Get:123 http://archive.ubuntu.com/ubuntu jammy/main amd64 libisl23 amd64 0.24-2build1 [727 kB]
#5 947.5 Get:124 http://archive.ubuntu.com/ubuntu jammy/main amd64 libmpfr6 amd64 4.1.0-3build3 [1425 kB]
#5 959.4 Get:125 http://archive.ubuntu.com/ubuntu jammy/main amd64 libmpc3 amd64 1.2.1-2build1 [46.9 kB]
#5 960.7 Get:126 http://archive.ubuntu.com/ubuntu jammy-updates/main amd64 cpp-11 amd64 11.4.0-1ubuntu1~22.04.3 [10.0 MB]
#5 1040.2 Get:127 http://archive.ubuntu.com/ubuntu jammy/main amd64 cpp amd64 4:11.2.0-1ubuntu1 [27.7 kB]
#5 1042.0 Get:128 http://archive.ubuntu.com/ubuntu jammy-updates/main amd64 libcc1-0 amd64 12.3.0-1ubuntu1~22.04.3 [48.3 kB]
#5 1043.0 Get:129 http://archive.ubuntu.com/ubuntu jammy-updates/main amd64 libgomp1 amd64 12.3.0-1ubuntu1~22.04.3 [127 kB]
#5 1045.0 Get:130 http://archive.ubuntu.com/ubuntu jammy-updates/main amd64 libitm1 amd64 12.3.0-1ubuntu1~22.04.3 [30.2 kB]
#5 1045.7 Get:131 http://archive.ubuntu.com/ubuntu jammy-updates/main amd64 libatomic1 amd64 12.3.0-1ubuntu1~22.04.3 [10.5 kB]
#5 1046.9 Get:132 http://archive.ubuntu.com/ubuntu jammy-updates/main amd64 libasan6 amd64 11.4.0-1ubuntu1~22.04.3 [2283 kB]
#5 1074.7 Get:133 http://archive.ubuntu.com/ubuntu jammy-updates/main amd64 liblsan0 amd64 12.3.0-1ubuntu1~22.04.3 [1069 kB]
#5 1081.5 Get:134 http://archive.ubuntu.com/ubuntu jammy-updates/main amd64 libtsan0 amd64 11.4.0-1ubuntu1~22.04.3 [2260 kB]
#5 1116.6 Get:135 http://archive.ubuntu.com/ubuntu jammy-updates/main amd64 libubsan1 amd64 12.3.0-1ubuntu1~22.04.3 [976 kB]
#5 1118.0 Get:136 http://archive.ubuntu.com/ubuntu jammy-updates/main amd64 libquadmath0 amd64 12.3.0-1ubuntu1~22.04.3 [154 kB]
#5 1120.9 Get:137 http://archive.ubuntu.com/ubuntu jammy-updates/main amd64 libgcc-11-dev amd64 11.4.0-1ubuntu1~22.04.3 [2517 kB]
#5 1122.0 Get:138 http://archive.ubuntu.com/ubuntu jammy-updates/main amd64 gcc-11 amd64 11.4.0-1ubuntu1~22.04.3 [20.1 MB]
#5 1127.1 Get:139 http://archive.ubuntu.com/ubuntu jammy/main amd64 gcc amd64 4:11.2.0-1ubuntu1 [5112 B]
#5 1127.3 Get:140 http://archive.ubuntu.com/ubuntu jammy-updates/main amd64 libstdc++-11-dev amd64 11.4.0-1ubuntu1~22.04.3 [2101 kB]
#5 1148.7 Get:141 http://archive.ubuntu.com/ubuntu jammy-updates/main amd64 g++-11 amd64 11.4.0-1ubuntu1~22.04.3 [11.4 MB]
#5 1183.4 Get:142 http://archive.ubuntu.com/ubuntu jammy/main amd64 g++ amd64 4:11.2.0-1ubuntu1 [1412 B]
#5 1184.0 Get:143 http://archive.ubuntu.com/ubuntu jammy/main amd64 make amd64 4.3-4.1build1 [180 kB]
#5 1188.2 Get:144 http://archive.ubuntu.com/ubuntu jammy-updates/main amd64 libdpkg-perl all 1.21.1ubuntu2.6 [237 kB]
#5 1190.7 Get:145 http://archive.ubuntu.com/ubuntu jammy/main amd64 bzip2 amd64 1.0.8-5build1 [34.8 kB]
#5 1191.2 Get:146 http://archive.ubuntu.com/ubuntu jammy/main amd64 patch amd64 2.7.6-7build2 [109 kB]
#5 1192.1 Get:147 http://archive.ubuntu.com/ubuntu jammy/main amd64 lto-disabled-list all 24 [12.5 kB]
#5 1192.4 Get:148 http://archive.ubuntu.com/ubuntu jammy-updates/main amd64 dpkg-dev all 1.21.1ubuntu2.6 [922 kB]
#5 1196.5 Get:149 http://archive.ubuntu.com/ubuntu jammy/main amd64 build-essential amd64 12.9ubuntu3 [4744 B]
#5 1196.6 Get:150 http://archive.ubuntu.com/ubuntu jammy/main amd64 libbrotli1 amd64 1.0.9-2build6 [315 kB]
#5 1198.1 Get:151 http://archive.ubuntu.com/ubuntu jammy-updates/main amd64 libsasl2-modules-db amd64 2.1.27+dfsg2-3ubuntu1.2 [20.5 kB]
#5 1198.4 Get:152 http://archive.ubuntu.com/ubuntu jammy-updates/main amd64 libsasl2-2 amd64 2.1.27+dfsg2-3ubuntu1.2 [53.8 kB]
#5 1198.9 Get:153 http://archive.ubuntu.com/ubuntu jammy-updates/main amd64 libldap-2.5-0 amd64 2.5.20+dfsg-0ubuntu0.22.04.1 [184 kB]
#5 1199.4 Get:154 http://archive.ubuntu.com/ubuntu jammy/main amd64 librtmp1 amd64 2.4+20151223.gitfa8646d.1-2build4 [58.2 kB]
#5 1199.9 Get:155 http://archive.ubuntu.com/ubuntu jammy-updates/main amd64 libssh-4 amd64 0.9.6-2ubuntu0.22.04.7 [187 kB]
#5 1200.9 Get:156 http://archive.ubuntu.com/ubuntu jammy-updates/main amd64 libcurl4 amd64 7.81.0-1ubuntu1.25 [291 kB]
#5 1202.7 Get:157 http://archive.ubuntu.com/ubuntu jammy-updates/main amd64 curl amd64 7.81.0-1ubuntu1.25 [194 kB]
#5 1203.3 Get:158 http://archive.ubuntu.com/ubuntu jammy/main amd64 libassuan0 amd64 2.5.5-1build1 [38.2 kB]
#5 1204.0 Get:159 http://archive.ubuntu.com/ubuntu jammy-updates/main amd64 gpgconf amd64 2.2.27-3ubuntu2.5 [94.3 kB]
#5 1206.5 Get:160 http://archive.ubuntu.com/ubuntu jammy-updates/main amd64 libksba8 amd64 1.6.0-2ubuntu0.2 [119 kB]
#5 1207.0 Get:161 http://archive.ubuntu.com/ubuntu jammy/main amd64 libnpth0 amd64 1.6-3build2 [8664 B]
#5 1207.2 Get:162 http://archive.ubuntu.com/ubuntu jammy-updates/main amd64 dirmngr amd64 2.2.27-3ubuntu2.5 [293 kB]
#5 1208.2 Get:163 http://archive.ubuntu.com/ubuntu jammy/main amd64 libfakeroot amd64 1.28-1ubuntu1 [31.5 kB]
#5 1208.5 Get:164 http://archive.ubuntu.com/ubuntu jammy/main amd64 fakeroot amd64 1.28-1ubuntu1 [60.4 kB]
#5 1209.6 Get:165 http://archive.ubuntu.com/ubuntu jammy-updates/main amd64 libfreetype6 amd64 2.11.1+dfsg-1ubuntu0.3 [388 kB]
#5 1210.9 Get:166 http://archive.ubuntu.com/ubuntu jammy/main amd64 fonts-dejavu-core all 2.37-2build1 [1041 kB]
#5 1216.7 Get:167 http://archive.ubuntu.com/ubuntu jammy/main amd64 fontconfig-config all 2.13.1-4.2ubuntu5 [29.1 kB]
#5 1216.9 Get:168 http://archive.ubuntu.com/ubuntu jammy/main amd64 libfontconfig1 amd64 2.13.1-4.2ubuntu5 [131 kB]
#5 1217.3 Get:169 http://archive.ubuntu.com/ubuntu jammy/main amd64 fontconfig amd64 2.13.1-4.2ubuntu5 [177 kB]
#5 1218.1 Get:170 http://archive.ubuntu.com/ubuntu jammy-updates/main amd64 libcurl3-gnutls amd64 7.81.0-1ubuntu1.25 [284 kB]
#5 1218.8 Get:171 http://archive.ubuntu.com/ubuntu jammy/main amd64 liberror-perl all 0.17029-1 [26.5 kB]
#5 1219.3 Get:172 http://archive.ubuntu.com/ubuntu jammy-updates/main amd64 git-man all 1:2.34.1-1ubuntu1.17 [954 kB]
#5 1221.7 Get:173 http://archive.ubuntu.com/ubuntu jammy-updates/main amd64 git amd64 1:2.34.1-1ubuntu1.17 [3174 kB]
#5 1240.8 Get:174 http://archive.ubuntu.com/ubuntu jammy-updates/main amd64 gnupg-l10n all 2.2.27-3ubuntu2.5 [54.5 kB]
#5 1242.9 Get:175 http://archive.ubuntu.com/ubuntu jammy-updates/main amd64 gnupg-utils amd64 2.2.27-3ubuntu2.5 [309 kB]
#5 1247.2 Get:176 http://archive.ubuntu.com/ubuntu jammy-updates/main amd64 gpg amd64 2.2.27-3ubuntu2.5 [519 kB]
#5 1251.9 Get:177 http://archive.ubuntu.com/ubuntu jammy/main amd64 pinentry-curses amd64 1.1.1-1build2 [34.4 kB]
#5 1252.1 Get:178 http://archive.ubuntu.com/ubuntu jammy-updates/main amd64 gpg-agent amd64 2.2.27-3ubuntu2.5 [209 kB]
#5 1255.4 Get:179 http://archive.ubuntu.com/ubuntu jammy-updates/main amd64 gpg-wks-client amd64 2.2.27-3ubuntu2.5 [62.7 kB]
#5 1256.2 Get:180 http://archive.ubuntu.com/ubuntu jammy-updates/main amd64 gpg-wks-server amd64 2.2.27-3ubuntu2.5 [57.6 kB]
#5 1257.0 Get:181 http://archive.ubuntu.com/ubuntu jammy-updates/main amd64 gpgsm amd64 2.2.27-3ubuntu2.5 [197 kB]
#5 1258.5 Get:182 http://archive.ubuntu.com/ubuntu jammy-updates/main amd64 gnupg all 2.2.27-3ubuntu2.5 [315 kB]
#5 1260.7 Get:183 http://archive.ubuntu.com/ubuntu jammy/universe amd64 gyp all 0.1+20210831gitd6c5dd5-5 [238 kB]
#5 1262.2 Get:184 http://archive.ubuntu.com/ubuntu jammy/main amd64 javascript-common all 11+nmu1 [5936 B]
#5 1262.5 Get:185 http://archive.ubuntu.com/ubuntu jammy/main amd64 libalgorithm-diff-perl all 1.201-1 [41.8 kB]
#5 1262.9 Get:186 http://archive.ubuntu.com/ubuntu jammy/main amd64 libalgorithm-diff-xs-perl amd64 0.04-6build3 [11.9 kB]
#5 1263.1 Get:187 http://archive.ubuntu.com/ubuntu jammy/main amd64 libalgorithm-merge-perl all 0.08-3 [12.0 kB]
#5 1263.4 Get:188 http://archive.ubuntu.com/ubuntu jammy/main amd64 libatk1.0-data all 2.36.0-3build1 [2824 B]
#5 1263.7 Get:189 http://archive.ubuntu.com/ubuntu jammy/main amd64 libatk1.0-0 amd64 2.36.0-3build1 [51.9 kB]
#5 1264.1 Get:190 http://archive.ubuntu.com/ubuntu jammy/main amd64 libatk-bridge2.0-0 amd64 2.38.0-3 [66.6 kB]
#5 1264.8 Get:191 http://archive.ubuntu.com/ubuntu jammy-updates/main amd64 libavahi-common-data amd64 0.8-5ubuntu5.5 [24.0 kB]
#5 1265.9 Get:192 http://archive.ubuntu.com/ubuntu jammy-updates/main amd64 libavahi-common3 amd64 0.8-5ubuntu5.5 [23.9 kB]
#5 1266.4 Get:193 http://archive.ubuntu.com/ubuntu jammy-updates/main amd64 libavahi-client3 amd64 0.8-5ubuntu5.5 [28.1 kB]
#5 1266.6 Get:194 http://archive.ubuntu.com/ubuntu jammy-updates/main amd64 libxpm4 amd64 1:3.5.12-1ubuntu0.22.04.3 [36.5 kB]
#5 1267.0 Get:195 http://archive.ubuntu.com/ubuntu jammy-updates/main amd64 libgd3 amd64 2.3.0-2ubuntu2.3 [129 kB]
#5 1267.8 Get:196 http://archive.ubuntu.com/ubuntu jammy-updates/main amd64 libc-devtools amd64 2.35-0ubuntu3.14 [29.0 kB]
#5 1268.0 Get:197 http://archive.ubuntu.com/ubuntu jammy-updates/main amd64 libpixman-1-0 amd64 0.40.0-1ubuntu0.22.04.1 [264 kB]
#5 1269.4 Get:198 http://archive.ubuntu.com/ubuntu jammy/main amd64 libxcb-render0 amd64 1.14-3ubuntu3 [16.4 kB]
#5 1269.5 Get:199 http://archive.ubuntu.com/ubuntu jammy/main amd64 libxcb-shm0 amd64 1.14-3ubuntu3 [5780 B]
#5 1270.5 Get:200 http://archive.ubuntu.com/ubuntu jammy/main amd64 libxrender1 amd64 1:0.9.10-1build4 [19.7 kB]
#5 1272.6 Get:201 http://archive.ubuntu.com/ubuntu jammy-updates/main amd64 libcairo2 amd64 1.16.0-5ubuntu2.1 [628 kB]
#5 1274.8 Get:202 http://archive.ubuntu.com/ubuntu jammy-updates/main amd64 libcairo-gobject2 amd64 1.16.0-5ubuntu2.1 [19.5 kB]
#5 1275.4 Get:203 http://archive.ubuntu.com/ubuntu jammy/main amd64 libclone-perl amd64 0.45-1build3 [11.0 kB]
#5 1275.6 Get:204 http://archive.ubuntu.com/ubuntu jammy-updates/main amd64 liblcms2-2 amd64 2.12~rc1-2ubuntu0.1 [159 kB]
#5 1276.1 Get:205 http://archive.ubuntu.com/ubuntu jammy/main amd64 libcolord2 amd64 1.4.6-1 [155 kB]
#5 1276.6 Get:206 http://archive.ubuntu.com/ubuntu jammy-updates/main amd64 libcups2 amd64 2.4.1op1-1ubuntu4.21 [266 kB]
#5 1277.1 Get:207 http://archive.ubuntu.com/ubuntu jammy/main amd64 libdata-dump-perl all 1.25-1 [25.9 kB]
#5 1277.4 Get:208 http://archive.ubuntu.com/ubuntu jammy/main amd64 libdatrie1 amd64 0.2.13-2 [19.9 kB]
#5 1277.5 Get:209 http://archive.ubuntu.com/ubuntu jammy-updates/main amd64 libdrm-amdgpu1 amd64 2.4.113-2~ubuntu0.22.04.1 [19.9 kB]
#5 1277.7 Get:210 http://archive.ubuntu.com/ubuntu jammy/main amd64 libpciaccess0 amd64 0.16-3 [19.1 kB]
#5 1277.9 Get:211 http://archive.ubuntu.com/ubuntu jammy-updates/main amd64 libdrm-intel1 amd64 2.4.113-2~ubuntu0.22.04.1 [66.7 kB]
#5 1278.1 Get:212 http://archive.ubuntu.com/ubuntu jammy-updates/main amd64 libdrm-nouveau2 amd64 2.4.113-2~ubuntu0.22.04.1 [17.5 kB]
#5 1278.3 Get:213 http://archive.ubuntu.com/ubuntu jammy-updates/main amd64 libdrm-radeon1 amd64 2.4.113-2~ubuntu0.22.04.1 [21.6 kB]
#5 1278.5 Get:214 http://archive.ubuntu.com/ubuntu jammy/main amd64 libencode-locale-perl all 1.05-1.1 [11.8 kB]
#5 1278.7 Get:215 http://archive.ubuntu.com/ubuntu jammy/main amd64 libepoxy0 amd64 1.5.10-1 [237 kB]
#5 1279.2 Get:216 http://archive.ubuntu.com/ubuntu jammy-updates/main amd64 libexpat1-dev amd64 2.4.7-1ubuntu0.7 [148 kB]
#5 1279.9 Get:217 http://archive.ubuntu.com/ubuntu jammy/main amd64 libipc-system-simple-perl all 1.30-1 [23.2 kB]
#5 1280.6 Get:218 http://archive.ubuntu.com/ubuntu jammy/main amd64 libfile-basedir-perl all 0.09-1 [15.7 kB]
#5 1281.5 Get:219 http://archive.ubuntu.com/ubuntu jammy/main amd64 liburi-perl all 5.10-1 [78.8 kB]
#5 1286.1 Get:220 http://archive.ubuntu.com/ubuntu jammy/main amd64 libfile-desktopentry-perl all 0.22-2 [17.8 kB]
#5 1286.7 Get:221 http://archive.ubuntu.com/ubuntu jammy/main amd64 libfile-fcntllock-perl amd64 0.22-3build7 [33.9 kB]
#5 1287.7 Get:222 http://archive.ubuntu.com/ubuntu jammy/main amd64 libtimedate-perl all 2.3300-2 [34.0 kB]
#5 1289.0 Get:223 http://archive.ubuntu.com/ubuntu jammy-updates/main amd64 libhttp-date-perl all 6.05-1ubuntu0.1 [10.8 kB]
#5 1289.2 Get:224 http://archive.ubuntu.com/ubuntu jammy/main amd64 libfile-listing-perl all 6.14-1 [11.2 kB]
#5 1289.7 Get:225 http://archive.ubuntu.com/ubuntu jammy/main amd64 libfile-mimeinfo-perl all 0.31-1 [43.5 kB]
#5 1290.9 Get:226 http://archive.ubuntu.com/ubuntu jammy/main amd64 libfont-afm-perl all 1.20-3 [13.6 kB]
#5 1291.2 Get:227 http://archive.ubuntu.com/ubuntu jammy/main amd64 libfontenc1 amd64 1:1.1.4-1build3 [14.7 kB]
#5 1292.0 Get:228 http://archive.ubuntu.com/ubuntu jammy-updates/main amd64 libgdk-pixbuf2.0-bin amd64 2.42.8+dfsg-1ubuntu0.5 [14.2 kB]
#5 1292.7 Get:229 http://archive.ubuntu.com/ubuntu jammy-updates/main amd64 libglapi-mesa amd64 23.2.1-1ubuntu3.1~22.04.4 [35.6 kB]
#5 1293.6 Get:230 http://archive.ubuntu.com/ubuntu jammy-updates/main amd64 libgl1-amber-dri amd64 21.3.9-0ubuntu1~22.04.2 [4211 kB]
#5 1327.4 Get:231 http://archive.ubuntu.com/ubuntu jammy-updates/main amd64 libllvm15 amd64 1:15.0.7-0ubuntu0.22.04.3 [25.4 MB]
#5 1384.4 Get:232 http://archive.ubuntu.com/ubuntu jammy/main amd64 libsensors-config all 1:3.6.0-7ubuntu1 [5274 B]
#5 1386.0 Get:233 http://archive.ubuntu.com/ubuntu jammy/main amd64 libsensors5 amd64 1:3.6.0-7ubuntu1 [26.3 kB]
#5 1389.0 Get:234 http://archive.ubuntu.com/ubuntu jammy/main amd64 libxcb-dri3-0 amd64 1.14-3ubuntu3 [6968 B]
#5 1390.5 Get:235 http://archive.ubuntu.com/ubuntu jammy-updates/main amd64 libgl1-mesa-dri amd64 23.2.1-1ubuntu3.1~22.04.4 [8860 kB]
#5 1501.7 Get:236 http://archive.ubuntu.com/ubuntu jammy-updates/main amd64 libx11-xcb1 amd64 2:1.7.5-1ubuntu0.3 [7802 B]
#5 1507.1 Get:237 http://archive.ubuntu.com/ubuntu jammy/main amd64 libxcb-dri2-0 amd64 1.14-3ubuntu3 [7206 B]
#5 1507.4 Get:238 http://archive.ubuntu.com/ubuntu jammy/main amd64 libxcb-glx0 amd64 1.14-3ubuntu3 [25.9 kB]
#5 1509.1 Get:239 http://archive.ubuntu.com/ubuntu jammy/main amd64 libxcb-present0 amd64 1.14-3ubuntu3 [5734 B]
#5 1509.4 Get:240 http://archive.ubuntu.com/ubuntu jammy/main amd64 libxcb-randr0 amd64 1.14-3ubuntu3 [18.3 kB]
#5 1510.8 Get:241 http://archive.ubuntu.com/ubuntu jammy/main amd64 libxcb-sync1 amd64 1.14-3ubuntu3 [9416 B]
#5 1513.8 Get:242 http://archive.ubuntu.com/ubuntu jammy/main amd64 libxcb-xfixes0 amd64 1.14-3ubuntu3 [9996 B]
#5 1514.4 Get:243 http://archive.ubuntu.com/ubuntu jammy/main amd64 libxfixes3 amd64 1:6.0.0-1 [11.7 kB]
#5 1515.1 Get:244 http://archive.ubuntu.com/ubuntu jammy/main amd64 libxshmfence1 amd64 1.3-1build4 [5394 B]
#5 1515.7 Get:245 http://archive.ubuntu.com/ubuntu jammy/main amd64 libxxf86vm1 amd64 1:1.1.4-1build3 [10.4 kB]
#5 1516.3 Get:246 http://archive.ubuntu.com/ubuntu jammy-updates/main amd64 libglx-mesa0 amd64 23.2.1-1ubuntu3.1~22.04.4 [158 kB]
#5 1522.6 Get:247 http://archive.ubuntu.com/ubuntu jammy/main amd64 libgpm2 amd64 1.20.7-10build1 [15.3 kB]
#5 1525.9 Get:248 http://archive.ubuntu.com/ubuntu jammy-updates/main amd64 libgraphite2-3 amd64 1.3.14-1ubuntu0.1 [71.6 kB]
#5 1529.4 Get:249 http://archive.ubuntu.com/ubuntu jammy-updates/main amd64 libharfbuzz0b amd64 2.7.4-1ubuntu3.2 [353 kB]
#5 1546.0 Get:250 http://archive.ubuntu.com/ubuntu jammy/main amd64 libthai-data all 0.1.29-1build1 [162 kB]
#5 1551.2 Get:251 http://archive.ubuntu.com/ubuntu jammy/main amd64 libthai0 amd64 0.1.29-1build1 [19.2 kB]
#5 1551.8 Get:252 http://archive.ubuntu.com/ubuntu jammy-updates/main amd64 libpango-1.0-0 amd64 1.50.6+ds-2ubuntu1 [230 kB]
#5 1560.3 Get:253 http://archive.ubuntu.com/ubuntu jammy-updates/main amd64 libpangoft2-1.0-0 amd64 1.50.6+ds-2ubuntu1 [54.0 kB]
#5 1561.9 Get:254 http://archive.ubuntu.com/ubuntu jammy-updates/main amd64 libpangocairo-1.0-0 amd64 1.50.6+ds-2ubuntu1 [39.8 kB]
#5 1562.9 Get:255 http://archive.ubuntu.com/ubuntu jammy-updates/main amd64 libwayland-client0 amd64 1.20.0-1ubuntu0.1 [25.9 kB]
#5 1563.2 Get:256 http://archive.ubuntu.com/ubuntu jammy-updates/main amd64 libwayland-cursor0 amd64 1.20.0-1ubuntu0.1 [10.7 kB]
#5 1563.7 Get:257 http://archive.ubuntu.com/ubuntu jammy-updates/main amd64 libwayland-egl1 amd64 1.20.0-1ubuntu0.1 [5582 B]
#5 1564.2 Get:258 http://archive.ubuntu.com/ubuntu jammy/main amd64 libxcomposite1 amd64 1:0.4.5-1build2 [7192 B]
#5 1564.6 Get:259 http://archive.ubuntu.com/ubuntu jammy/main amd64 libxcursor1 amd64 1:1.2.0-2build4 [20.9 kB]
#5 1565.2 Get:260 http://archive.ubuntu.com/ubuntu jammy/main amd64 libxdamage1 amd64 1:1.1.5-2build2 [7154 B]
#5 1566.1 Get:261 http://archive.ubuntu.com/ubuntu jammy/main amd64 libxinerama1 amd64 2:1.1.4-3 [7382 B]
#5 1566.7 Get:262 http://archive.ubuntu.com/ubuntu jammy/main amd64 libxkbcommon0 amd64 1.4.0-1 [125 kB]
#5 1571.3 Get:263 http://archive.ubuntu.com/ubuntu jammy/main amd64 libxrandr2 amd64 2:1.5.2-1build1 [20.4 kB]
#5 1572.4 Get:264 http://archive.ubuntu.com/ubuntu jammy-updates/main amd64 libgtk-3-common all 3.24.33-1ubuntu2.2 [239 kB]
#5 1583.5 Get:265 http://archive.ubuntu.com/ubuntu jammy-updates/main amd64 libgtk-3-0 amd64 3.24.33-1ubuntu2.2 [3053 kB]
#5 1634.1 Get:266 http://archive.ubuntu.com/ubuntu jammy-updates/main amd64 libgtk-3-bin amd64 3.24.33-1ubuntu2.2 [69.6 kB]
#5 1635.4 Get:267 http://archive.ubuntu.com/ubuntu jammy-updates/main amd64 librsvg2-2 amd64 2.52.5+dfsg-3ubuntu0.2 [2974 kB]
#5 1669.8 Get:268 http://archive.ubuntu.com/ubuntu jammy/universe amd64 libllvm11 amd64 1:11.1.0-6 [19.6 MB]
#5 1798.3 Get:269 http://archive.ubuntu.com/ubuntu jammy/universe amd64 libphobos2-ldc-shared98 amd64 1:1.28.0-1ubuntu1 [1487 kB]
#5 1801.3 Get:270 http://archive.ubuntu.com/ubuntu jammy/universe amd64 libgtkd-3-0 amd64 3.10.0-1ubuntu1 [1963 kB]
#5 1804.0 Get:271 http://archive.ubuntu.com/ubuntu jammy/main amd64 libhtml-tagset-perl all 3.20-4 [12.5 kB]
#5 1804.4 Get:272 http://archive.ubuntu.com/ubuntu jammy-updates/main amd64 libhtml-parser-perl amd64 3.76-1ubuntu0.1 [88.6 kB]
#5 1805.3 Get:273 http://archive.ubuntu.com/ubuntu jammy/main amd64 libio-html-perl all 1.004-2 [15.4 kB]
#5 1805.4 Get:274 http://archive.ubuntu.com/ubuntu jammy/main amd64 liblwp-mediatypes-perl all 6.04-1 [19.5 kB]
#5 1805.9 Get:275 http://archive.ubuntu.com/ubuntu jammy/main amd64 libhttp-message-perl all 6.36-1 [76.8 kB]
#5 1806.2 Get:276 http://archive.ubuntu.com/ubuntu jammy/main amd64 libhtml-form-perl all 6.07-1 [22.2 kB]
#5 1806.4 Get:277 http://archive.ubuntu.com/ubuntu jammy/main amd64 libhtml-tree-perl all 5.07-2 [200 kB]
#5 1809.4 Get:278 http://archive.ubuntu.com/ubuntu jammy/main amd64 libhtml-format-perl all 2.12-1.1 [41.3 kB]
#5 1810.0 Get:279 http://archive.ubuntu.com/ubuntu jammy/main amd64 libhttp-cookies-perl all 6.10-1 [18.4 kB]
#5 1810.8 Get:280 http://archive.ubuntu.com/ubuntu jammy-updates/main amd64 libhttp-daemon-perl all 6.13-1ubuntu0.2 [24.2 kB]
#5 1810.9 Get:281 http://archive.ubuntu.com/ubuntu jammy/main amd64 libhttp-negotiate-perl all 6.01-1 [12.5 kB]
#5 1811.1 Get:282 http://archive.ubuntu.com/ubuntu jammy/main amd64 libice6 amd64 2:1.0.10-1build2 [42.6 kB]
#5 1811.3 Get:283 http://archive.ubuntu.com/ubuntu jammy/main amd64 perl-openssl-defaults amd64 5build2 [7542 B]
#5 1811.4 Get:284 http://archive.ubuntu.com/ubuntu jammy/main amd64 libnet-ssleay-perl amd64 1.92-1build2 [327 kB]
#5 1812.1 Get:285 http://archive.ubuntu.com/ubuntu jammy/main amd64 libio-socket-ssl-perl all 2.074-2 [192 kB]
#5 1816.8 Get:286 http://archive.ubuntu.com/ubuntu jammy/main amd64 libio-stringy-perl all 2.111-3 [55.8 kB]
#5 1819.2 Get:287 http://archive.ubuntu.com/ubuntu jammy/universe amd64 libjs-events all 3.3.0+~3.0.0-2 [9734 B]
#5 1819.4 Get:288 http://archive.ubuntu.com/ubuntu jammy/universe amd64 libjs-highlight.js all 9.18.5+dfsg1-1 [367 kB]
#5 1824.5 Get:289 http://archive.ubuntu.com/ubuntu jammy/universe amd64 libjs-is-typedarray all 1.0.0-4 [3804 B]
#5 1825.3 Get:290 http://archive.ubuntu.com/ubuntu jammy/main amd64 libjs-jquery all 3.6.0+dfsg+~3.5.13-1 [321 kB]
#5 1830.1 Get:291 http://archive.ubuntu.com/ubuntu jammy/universe amd64 libjs-psl all 1.8.0+ds-6 [76.3 kB]
#5 1832.1 Get:292 http://archive.ubuntu.com/ubuntu jammy/main amd64 libjs-underscore all 1.13.2~dfsg-2 [118 kB]
#5 1833.7 Get:293 http://archive.ubuntu.com/ubuntu jammy/main amd64 libjs-sphinxdoc all 4.3.2-1 [139 kB]
#5 1838.4 Get:294 http://archive.ubuntu.com/ubuntu jammy/universe amd64 libjs-sprintf-js all 1.1.2+ds1+~1.1.2-1 [12.8 kB]
#5 1839.0 Get:295 http://archive.ubuntu.com/ubuntu jammy/universe amd64 libjs-typedarray-to-buffer all 4.0.0-2 [4658 B]
#5 1839.4 Get:296 http://archive.ubuntu.com/ubuntu jammy-updates/main amd64 libldap-common all 2.5.20+dfsg-0ubuntu0.22.04.1 [16.4 kB]
#5 1839.6 Get:297 http://archive.ubuntu.com/ubuntu jammy/main amd64 libnet-http-perl all 6.22-1 [23.2 kB]
#5 1840.5 Get:298 http://archive.ubuntu.com/ubuntu jammy/main amd64 libtry-tiny-perl all 0.31-1 [21.8 kB]
#5 1840.7 Get:299 http://archive.ubuntu.com/ubuntu jammy/main amd64 libwww-robotrules-perl all 6.02-1 [12.6 kB]
#5 1841.0 Get:300 http://archive.ubuntu.com/ubuntu jammy-updates/main amd64 libwww-perl all 6.61-1ubuntu0.1 [142 kB]
#5 1842.2 Get:301 http://archive.ubuntu.com/ubuntu jammy/main amd64 liblwp-protocol-https-perl all 6.10-1 [10.9 kB]
#5 1842.5 Get:302 http://archive.ubuntu.com/ubuntu jammy/main amd64 libnet-smtp-ssl-perl all 1.04-1 [5948 B]
#5 1842.8 Get:303 http://archive.ubuntu.com/ubuntu jammy/main amd64 libmailtools-perl all 2.21-1 [80.7 kB]
#5 1843.7 Get:304 http://archive.ubuntu.com/ubuntu jammy-updates/main amd64 libxml-parser-perl amd64 2.46-3ubuntu0.1 [212 kB]
#5 1845.0 Get:305 http://archive.ubuntu.com/ubuntu jammy/main amd64 libxml-twig-perl all 1:3.52-1 [157 kB]
#5 1846.2 Get:306 http://archive.ubuntu.com/ubuntu jammy/main amd64 libnet-dbus-perl amd64 1.2.0-1build3 [181 kB]
#5 1851.2 Get:307 http://archive.ubuntu.com/ubuntu jammy-updates/main amd64 libssl-dev amd64 3.0.2-0ubuntu1.26 [2377 kB]
#5 1865.7 Get:308 http://archive.ubuntu.com/ubuntu jammy-updates/main amd64 libuv1-dev amd64 1.43.0-1ubuntu0.1 [130 kB]
#5 1866.7 Get:309 http://archive.ubuntu.com/ubuntu jammy-updates/main amd64 libc-ares2 amd64 1.18.1-1ubuntu0.22.04.3 [45.1 kB]
#5 1869.2 Get:310 http://archive.ubuntu.com/ubuntu jammy-updates/universe amd64 libnode72 amd64 12.22.9~dfsg-1ubuntu3.6 [10.8 MB]
#5 1876.4 Get:311 http://archive.ubuntu.com/ubuntu jammy-updates/universe amd64 libnode-dev amd64 12.22.9~dfsg-1ubuntu3.6 [609 kB]
#5 1881.1 Get:312 http://archive.ubuntu.com/ubuntu jammy-updates/main amd64 libnotify4 amd64 0.7.9-3ubuntu5.22.04.1 [20.3 kB]
#5 1881.4 Get:313 http://archive.ubuntu.com/ubuntu jammy-updates/main amd64 libnotify-bin amd64 0.7.9-3ubuntu5.22.04.1 [7560 B]
#5 1882.1 Get:314 http://archive.ubuntu.com/ubuntu jammy-updates/main amd64 libpython3.10 amd64 3.10.12-1~22.04.16 [1950 kB]
#5 1904.8 Get:315 http://archive.ubuntu.com/ubuntu jammy-updates/main amd64 zlib1g-dev amd64 1:1.2.11.dfsg-2ubuntu9.2 [164 kB]
#5 1906.3 Get:316 http://archive.ubuntu.com/ubuntu jammy-updates/main amd64 libpython3.10-dev amd64 3.10.12-1~22.04.16 [4766 kB]
#5 1938.2 Get:317 http://archive.ubuntu.com/ubuntu jammy-updates/main amd64 libpython3-dev amd64 3.10.6-1~22.04.1 [7064 B]
#5 1938.6 Get:318 http://archive.ubuntu.com/ubuntu jammy-updates/main amd64 librsvg2-common amd64 2.52.5+dfsg-3ubuntu0.2 [17.7 kB]
#5 1939.4 Get:319 http://archive.ubuntu.com/ubuntu jammy-updates/main amd64 libsasl2-modules amd64 2.1.27+dfsg2-3ubuntu1.2 [68.8 kB]
#5 1940.1 Get:320 http://archive.ubuntu.com/ubuntu jammy/main amd64 libsm6 amd64 2:1.2.3-1build2 [16.7 kB]
#5 1940.5 Get:321 http://archive.ubuntu.com/ubuntu jammy-updates/main amd64 libsodium23 amd64 1.0.18-1ubuntu0.22.04.1 [164 kB]
#5 1942.0 Get:322 http://archive.ubuntu.com/ubuntu jammy/main amd64 libtie-ixhash-perl all 1.23-2.1 [11.3 kB]
#5 1942.2 Get:323 http://archive.ubuntu.com/ubuntu jammy-updates/main amd64 libunwind8 amd64 1.3.2-2build2.1 [54.5 kB]
#5 1942.9 Get:324 http://archive.ubuntu.com/ubuntu jammy-updates/main amd64 libvte-2.91-common amd64 0.68.0-1ubuntu0.1 [9408 B]
#5 1943.4 Get:325 http://archive.ubuntu.com/ubuntu jammy-updates/main amd64 libvte-2.91-0 amd64 0.68.0-1ubuntu0.1 [214 kB]
#5 1948.4 Get:326 http://archive.ubuntu.com/ubuntu jammy/universe amd64 libvted-3-0 amd64 3.10.0-1ubuntu1 [54.1 kB]
#5 1949.0 Get:327 http://archive.ubuntu.com/ubuntu jammy/main amd64 libx11-protocol-perl all 0.56-7.1 [138 kB]
#5 1949.9 Get:328 http://archive.ubuntu.com/ubuntu jammy/main amd64 libxt6 amd64 1:1.2.1-1 [177 kB]
#5 1954.0 Get:329 http://archive.ubuntu.com/ubuntu jammy/main amd64 libxmu6 amd64 2:1.1.3-3 [49.6 kB]
#5 1957.2 Get:330 http://archive.ubuntu.com/ubuntu jammy/main amd64 libxaw7 amd64 2:1.0.14-1 [191 kB]
#5 1959.5 Get:331 http://archive.ubuntu.com/ubuntu jammy/main amd64 libxcb-shape0 amd64 1.14-3ubuntu3 [6158 B]
#5 1960.0 Get:332 http://archive.ubuntu.com/ubuntu jammy/main amd64 libxft2 amd64 2.3.4-1 [41.8 kB]
#5 1960.9 Get:333 http://archive.ubuntu.com/ubuntu jammy/main amd64 libxkbfile1 amd64 1:1.1.0-1build3 [71.8 kB]
#5 1962.1 Get:334 http://archive.ubuntu.com/ubuntu jammy/main amd64 libxml-xpathengine-perl all 0.14-1 [31.8 kB]
#5 1962.9 Get:335 http://archive.ubuntu.com/ubuntu jammy/main amd64 libxv1 amd64 2:1.0.11-1build2 [11.2 kB]
#5 1963.1 Get:336 http://archive.ubuntu.com/ubuntu jammy/main amd64 libxxf86dga1 amd64 2:1.1.5-0ubuntu3 [12.6 kB]
#5 1963.4 Get:337 http://archive.ubuntu.com/ubuntu jammy/main amd64 manpages-dev all 5.10-1ubuntu1 [2309 kB]
#5 1974.4 Get:338 http://archive.ubuntu.com/ubuntu jammy-updates/universe amd64 nodejs amd64 12.22.9~dfsg-1ubuntu3.6 [122 kB]
#5 1979.9 Get:339 http://archive.ubuntu.com/ubuntu jammy/universe amd64 node-abab all 2.0.5-2 [6578 B]
#5 1980.2 Get:340 http://archive.ubuntu.com/ubuntu jammy/universe amd64 node-ms all 2.1.3+~cs0.7.31-2 [5782 B]
#5 1980.4 Get:341 http://archive.ubuntu.com/ubuntu jammy/universe amd64 node-debug all 4.3.2+~cs4.1.7-1 [17.6 kB]
#5 1981.0 Get:342 http://archive.ubuntu.com/ubuntu jammy/universe amd64 node-yallist all 4.0.0+~4.0.1-1 [8322 B]
#5 1981.3 Get:343 http://archive.ubuntu.com/ubuntu jammy/universe amd64 node-lru-cache all 6.0.0+~5.1.1-1 [11.3 kB]
#5 1981.7 Get:344 http://archive.ubuntu.com/ubuntu jammy/universe amd64 node-semver all 7.3.5+~7.3.8-1 [41.5 kB]
#5 1982.8 Get:345 http://archive.ubuntu.com/ubuntu jammy/universe amd64 node-agent-base all 6.0.2+~cs5.4.2-1 [17.9 kB]
#5 1983.4 Get:346 http://archive.ubuntu.com/ubuntu jammy/universe amd64 node-ansi-regex all 5.0.1-1 [4984 B]
#5 1984.1 Get:347 http://archive.ubuntu.com/ubuntu jammy/universe amd64 node-ansistyles all 0.1.3-5 [4546 B]
#5 1984.5 Get:348 http://archive.ubuntu.com/ubuntu jammy/universe amd64 node-aproba all 2.0.0-2 [5620 B]
#5 1985.3 Get:349 http://archive.ubuntu.com/ubuntu jammy/universe amd64 node-delegates all 1.0.0-3 [4280 B]
#5 1987.5 Get:350 http://archive.ubuntu.com/ubuntu jammy/universe amd64 libjs-inherits all 2.0.4-4 [3468 B]
#5 1987.9 Get:351 http://archive.ubuntu.com/ubuntu jammy/universe amd64 node-inherits all 2.0.4-4 [3010 B]
#5 1988.2 Get:352 http://archive.ubuntu.com/ubuntu jammy/universe amd64 node-core-util-is all 1.0.3-1 [4066 B]
#5 1989.0 Get:353 http://archive.ubuntu.com/ubuntu jammy/universe amd64 node-safe-buffer all 5.2.1+~cs2.1.2-2 [15.7 kB]
#5 1989.3 Get:354 http://archive.ubuntu.com/ubuntu jammy/universe amd64 node-string-decoder all 1.3.0-5 [7046 B]
#5 1989.5 Get:355 http://archive.ubuntu.com/ubuntu jammy/universe amd64 node-process-nextick-args all 2.0.1-2 [3730 B]
#5 1990.2 Get:356 http://archive.ubuntu.com/ubuntu jammy/universe amd64 node-util-deprecate all 1.0.2-3 [4202 B]
#5 1990.9 Get:357 http://archive.ubuntu.com/ubuntu jammy/universe amd64 node-isarray all 2.0.5-3 [3934 B]
#5 1991.4 Get:358 http://archive.ubuntu.com/ubuntu jammy/universe amd64 node-readable-stream all 3.6.0+~cs3.0.0-1 [32.6 kB]
#5 1994.8 Get:359 http://archive.ubuntu.com/ubuntu jammy/universe amd64 node-are-we-there-yet all 3.0.0+~1.1.0-1 [8920 B]
#5 1995.7 Get:360 http://archive.ubuntu.com/ubuntu jammy/universe amd64 node-arrify all 2.0.1-2 [3610 B]
#5 1996.6 Get:361 http://archive.ubuntu.com/ubuntu jammy/universe amd64 node-asap all 2.0.6+~2.0.0-1 [14.4 kB]
#5 1997.9 Get:362 http://archive.ubuntu.com/ubuntu jammy/universe amd64 node-asynckit all 0.4.0-4 [10.6 kB]
#5 1999.5 Get:363 http://archive.ubuntu.com/ubuntu jammy/universe amd64 node-builtins all 4.0.0-1 [3860 B]
#5 2000.4 Get:364 http://archive.ubuntu.com/ubuntu jammy/universe amd64 node-chownr all 2.0.0-1 [4404 B]
#5 2001.5 Get:365 http://archive.ubuntu.com/ubuntu jammy/universe amd64 node-fs.realpath all 1.0.0-2 [6106 B]
#5 2002.8 Get:366 http://archive.ubuntu.com/ubuntu jammy/universe amd64 node-wrappy all 1.0.2-2 [3658 B]
#5 2003.4 Get:367 http://archive.ubuntu.com/ubuntu jammy/universe amd64 node-once all 1.4.0-4 [4708 B]
#5 2004.5 Get:368 http://archive.ubuntu.com/ubuntu jammy/universe amd64 node-inflight all 1.0.6-2 [3940 B]
#5 2005.2 Get:369 http://archive.ubuntu.com/ubuntu jammy/universe amd64 node-balanced-match all 2.0.0-1 [4910 B]
#5 2006.8 Get:370 http://archive.ubuntu.com/ubuntu jammy/universe amd64 node-brace-expansion all 2.0.1-1 [7458 B]
#5 2008.3 Get:371 http://archive.ubuntu.com/ubuntu jammy/universe amd64 node-minimatch all 3.1.1+~3.0.5-1 [16.9 kB]
#5 2013.2 Get:372 http://archive.ubuntu.com/ubuntu jammy/universe amd64 node-path-is-absolute all 2.0.0-2 [4062 B]
#5 2015.4 Get:373 http://archive.ubuntu.com/ubuntu jammy/universe amd64 node-glob all 7.2.1+~cs7.6.15-1 [131 kB]
#5 2047.3 Ign:373 http://archive.ubuntu.com/ubuntu jammy/universe amd64 node-glob all 7.2.1+~cs7.6.15-1
#5 2048.0 Get:374 http://archive.ubuntu.com/ubuntu jammy/universe amd64 node-graceful-fs all 4.2.4+repack-1 [12.5 kB]
#5 2048.4 Get:375 http://archive.ubuntu.com/ubuntu jammy/universe amd64 node-mkdirp all 1.0.4+~1.0.2-1 [11.4 kB]
#5 2048.8 Get:376 http://archive.ubuntu.com/ubuntu jammy/universe amd64 node-iferr all 1.0.2+~1.0.2-1 [4610 B]
#5 2049.3 Get:377 http://archive.ubuntu.com/ubuntu jammy/universe amd64 node-imurmurhash all 0.1.4+dfsg+~0.1.1-1 [8510 B]
#5 2049.5 Get:378 http://archive.ubuntu.com/ubuntu jammy/universe amd64 node-fs-write-stream-atomic all 1.0.10-5 [5256 B]
#5 2049.8 Get:379 http://archive.ubuntu.com/ubuntu jammy/universe amd64 node-rimraf all 3.0.2-1 [10.1 kB]
#5 2050.1 Get:380 http://archive.ubuntu.com/ubuntu jammy/universe amd64 node-run-queue all 2.0.0-2 [5092 B]
#5 2050.4 Get:381 http://archive.ubuntu.com/ubuntu jammy/universe amd64 node-copy-concurrently all 1.0.5-8 [7118 B]
#5 2050.6 Get:382 http://archive.ubuntu.com/ubuntu jammy/universe amd64 node-move-concurrently all 1.0.1-4 [5120 B]
#5 2051.2 Get:383 http://archive.ubuntu.com/ubuntu jammy/universe amd64 node-escape-string-regexp all 4.0.0-2 [4328 B]
#5 2052.9 Get:384 http://archive.ubuntu.com/ubuntu jammy/universe amd64 node-indent-string all 4.0.0-2 [4122 B]
#5 2053.4 Get:385 http://archive.ubuntu.com/ubuntu jammy/universe amd64 node-p-map all 4.0.0+~3.1.0+~3.0.1-1 [8058 B]
#5 2053.8 Get:386 http://archive.ubuntu.com/ubuntu jammy/universe amd64 node-promise-inflight all 1.0.1+~1.0.0-1 [4896 B]
#5 2054.0 Get:387 http://archive.ubuntu.com/ubuntu jammy/universe amd64 node-ssri all 8.0.1-2 [19.6 kB]
#5 2054.7 Get:388 http://archive.ubuntu.com/ubuntu jammy/universe amd64 node-unique-filename all 1.1.1+ds-1 [3832 B]
#5 2055.3 Get:389 http://archive.ubuntu.com/ubuntu jammy/universe amd64 node-cacache all 15.0.5+~cs13.9.21-3 [34.9 kB]
#5 2063.3 Get:390 http://archive.ubuntu.com/ubuntu jammy/universe amd64 node-clean-yaml-object all 0.1.0-5 [4718 B]
#5 2064.1 Get:391 http://archive.ubuntu.com/ubuntu jammy/universe amd64 node-clone all 2.1.2-3 [8344 B]
#5 2064.6 Get:392 http://archive.ubuntu.com/ubuntu jammy/universe amd64 node-color-name all 1.1.4+~1.1.1-2 [6076 B]
#5 2065.2 Get:393 http://archive.ubuntu.com/ubuntu jammy/universe amd64 node-color-convert all 2.0.1-1 [10.2 kB]
#5 2065.4 Get:394 http://archive.ubuntu.com/ubuntu jammy/universe amd64 node-colors all 1.4.0-3 [12.3 kB]
#5 2066.0 Get:395 http://archive.ubuntu.com/ubuntu jammy/universe amd64 node-strip-ansi all 6.0.1-1 [4184 B]
#5 2066.6 Get:396 http://archive.ubuntu.com/ubuntu jammy/universe amd64 node-defaults all 1.0.3+~1.0.3-1 [4288 B]
#5 2067.0 Get:397 http://archive.ubuntu.com/ubuntu jammy/universe amd64 node-wcwidth.js all 1.0.2-1 [7278 B]
#5 2067.2 Get:398 http://archive.ubuntu.com/ubuntu jammy/universe amd64 node-columnify all 1.5.4+~1.5.1-1 [12.6 kB]
#5 2067.4 Get:399 http://archive.ubuntu.com/ubuntu jammy/universe amd64 node-console-control-strings all 1.1.0-2 [5428 B]
#5 2067.7 Get:400 http://archive.ubuntu.com/ubuntu jammy/universe amd64 node-growl all 1.10.5-4 [7064 B]
#5 2068.2 Get:401 http://archive.ubuntu.com/ubuntu jammy/universe amd64 node-sprintf-js all 1.1.2+ds1+~1.1.2-1 [3916 B]
#5 2069.2 Get:402 http://archive.ubuntu.com/ubuntu jammy/universe amd64 node-argparse all 2.0.1-2 [33.2 kB]
#5 2069.4 Get:403 http://archive.ubuntu.com/ubuntu jammy/universe amd64 node-esprima all 4.0.1+ds+~4.0.3-2 [69.3 kB]
#5 2071.8 Get:404 http://archive.ubuntu.com/ubuntu jammy/universe amd64 node-js-yaml all 4.1.0+dfsg+~4.0.5-6 [62.7 kB]
#5 2073.4 Get:405 http://archive.ubuntu.com/ubuntu jammy/universe amd64 node-lcov-parse all 1.0.0+20170612git80d039574ed9-5 [5084 B]
#5 2073.5 Get:406 http://archive.ubuntu.com/ubuntu jammy/universe amd64 node-log-driver all 1.2.7+git+20180219+bba1761737-7 [5436 B]
#5 2075.5 Get:407 http://archive.ubuntu.com/ubuntu jammy/universe amd64 node-is-plain-obj all 3.0.0-2 [3994 B]
#5 2075.7 Get:408 http://archive.ubuntu.com/ubuntu jammy/universe amd64 node-is-buffer all 2.0.5-2 [4128 B]
#5 2076.0 Get:409 http://archive.ubuntu.com/ubuntu jammy/universe amd64 node-kind-of all 6.0.3+dfsg-2 [8628 B]
#5 2076.8 Get:410 http://archive.ubuntu.com/ubuntu jammy/universe amd64 node-minimist all 1.2.5+~cs5.3.2-1 [9434 B]
#5 2077.4 Get:411 http://archive.ubuntu.com/ubuntu jammy/universe amd64 node-cssom all 0.4.4-3 [14.1 kB]
#5 2077.8 Get:412 http://archive.ubuntu.com/ubuntu jammy/universe amd64 node-cssstyle all 2.3.0-2 [30.3 kB]
#5 2078.3 Get:413 http://archive.ubuntu.com/ubuntu jammy/universe amd64 node-delayed-stream all 1.0.0-5 [5464 B]
#5 2078.7 Get:414 http://archive.ubuntu.com/ubuntu jammy/universe amd64 node-combined-stream all 1.0.8+~1.0.3-1 [7432 B]
#5 2079.8 Get:415 http://archive.ubuntu.com/ubuntu jammy/universe amd64 node-mime all 3.0.0+dfsg+~cs3.96.1-1 [38.1 kB]
#5 2081.2 Get:416 http://archive.ubuntu.com/ubuntu jammy/universe amd64 node-mime-types all 2.1.33-1 [6944 B]
#5 2081.4 Get:417 http://archive.ubuntu.com/ubuntu jammy/universe amd64 node-form-data all 3.0.1-1 [13.4 kB]
#5 2082.1 Get:418 http://archive.ubuntu.com/ubuntu jammy/universe amd64 node-events all 3.3.0+~3.0.0-2 [3090 B]
#5 2082.5 Get:419 http://archive.ubuntu.com/ubuntu jammy/universe amd64 node-https-proxy-agent all 5.0.0+~cs8.0.0-3 [16.4 kB]
#5 2083.1 Get:420 http://archive.ubuntu.com/ubuntu jammy/universe amd64 node-iconv-lite all 0.6.3-2 [167 kB]
#5 2087.1 Get:421 http://archive.ubuntu.com/ubuntu jammy/universe amd64 node-lodash-packages all 4.17.21+dfsg+~cs8.31.198.20210220-5 [166 kB]
#5 2089.0 Get:422 http://archive.ubuntu.com/ubuntu jammy/universe amd64 node-stealthy-require all 1.1.1-5 [7176 B]
#5 2089.2 Get:423 http://archive.ubuntu.com/ubuntu jammy/universe amd64 node-punycode all 2.1.1-5 [9902 B]
#5 2089.7 Get:424 http://archive.ubuntu.com/ubuntu jammy/universe amd64 node-psl all 1.8.0+ds-6 [39.6 kB]
#5 2091.9 Get:425 http://archive.ubuntu.com/ubuntu jammy/universe amd64 node-universalify all 2.0.0-3 [4266 B]
#5 2092.1 Get:426 http://archive.ubuntu.com/ubuntu jammy/universe amd64 node-tough-cookie all 4.0.0-2 [31.7 kB]
#5 2092.8 Get:427 http://archive.ubuntu.com/ubuntu jammy/universe amd64 node-webidl-conversions all 7.0.0~1.1.0+~cs15.1.20180823-2 [27.5 kB]
#5 2093.5 Get:428 http://archive.ubuntu.com/ubuntu jammy/universe amd64 node-commander all 9.0.0-2 [48.0 kB]
#5 2094.4 Get:429 http://archive.ubuntu.com/ubuntu jammy/universe amd64 node-mute-stream all 0.0.8+~0.0.1-1 [6448 B]
#5 2094.7 Get:430 http://archive.ubuntu.com/ubuntu jammy/universe amd64 node-read all 1.0.7-3 [5478 B]
#5 2095.0 Get:431 http://archive.ubuntu.com/ubuntu jammy/universe amd64 node-ws all 8.5.0+~cs13.3.3-2 [49.5 kB]
#5 2096.1 Get:432 http://archive.ubuntu.com/ubuntu jammy/universe amd64 node-jsdom all 19.0.0+~cs90.11.27-1 [446 kB]
#5 2102.2 Get:433 http://archive.ubuntu.com/ubuntu jammy/universe amd64 node-fetch all 2.6.7+~2.5.12-1 [27.1 kB]
#5 2104.1 Get:434 http://archive.ubuntu.com/ubuntu jammy/universe amd64 node-coveralls all 3.1.1-1 [14.2 kB]
#5 2107.7 Get:435 http://archive.ubuntu.com/ubuntu jammy/universe amd64 node-mimic-response all 3.1.0-7 [5430 B]
#5 2108.0 Get:436 http://archive.ubuntu.com/ubuntu jammy/universe amd64 node-decompress-response all 6.0.0-2 [4656 B]
#5 2108.4 Get:437 http://archive.ubuntu.com/ubuntu jammy/universe amd64 node-diff all 5.0.0~dfsg+~5.0.1-3 [77.4 kB]
#5 2109.2 Get:438 http://archive.ubuntu.com/ubuntu jammy/universe amd64 node-err-code all 2.0.3+dfsg-3 [4918 B]
#5 2109.4 Get:439 http://archive.ubuntu.com/ubuntu jammy/universe amd64 node-time-stamp all 2.2.0-1 [5984 B]
#5 2110.0 Get:440 http://archive.ubuntu.com/ubuntu jammy/universe amd64 node-fancy-log all 1.3.3+~cs1.3.1-2 [8102 B]
#5 2110.2 Get:441 http://archive.ubuntu.com/ubuntu jammy/universe amd64 node-signal-exit all 3.0.6+~3.0.1-1 [7000 B]
#5 2110.7 Get:442 http://archive.ubuntu.com/ubuntu jammy/universe amd64 node-foreground-child all 2.0.0-3 [5542 B]
#5 2111.3 Get:443 http://archive.ubuntu.com/ubuntu jammy/universe amd64 node-function-bind all 1.1.1+repacked+~1.0.3-1 [5244 B]
#5 2112.0 Get:444 http://archive.ubuntu.com/ubuntu jammy/universe amd64 node-has-unicode all 2.0.1-4 [3948 B]
#5 2112.3 Get:445 http://archive.ubuntu.com/ubuntu jammy/universe amd64 node-ansi-styles all 4.3.0+~4.2.0-1 [8968 B]
#5 2112.9 Get:446 http://archive.ubuntu.com/ubuntu jammy/universe amd64 node-slice-ansi all 5.0.0+~cs9.0.0-4 [8044 B]
#5 2113.4 Get:447 http://archive.ubuntu.com/ubuntu jammy/universe amd64 node-string-width all 4.2.3+~cs13.2.3-1 [11.4 kB]
#5 2113.8 Get:448 http://archive.ubuntu.com/ubuntu jammy/universe amd64 node-wide-align all 1.1.3-4 [4228 B]
#5 2114.1 Get:449 http://archive.ubuntu.com/ubuntu jammy/universe amd64 node-gauge all 4.0.2-1 [16.3 kB]
#5 2114.3 Get:450 http://archive.ubuntu.com/ubuntu jammy/universe amd64 node-end-of-stream all 1.4.4+~1.4.1-1 [5340 B]
#5 2115.0 Get:451 http://archive.ubuntu.com/ubuntu jammy/universe amd64 node-pump all 3.0.0-5 [5160 B]
#5 2115.4 Get:452 http://archive.ubuntu.com/ubuntu jammy/universe amd64 node-get-stream all 6.0.1-1 [7324 B]
#5 2115.8 Get:453 http://archive.ubuntu.com/ubuntu jammy/universe amd64 node-lowercase-keys all 2.0.0-2 [3754 B]
#5 2116.0 Get:454 http://archive.ubuntu.com/ubuntu jammy/universe amd64 node-json-buffer all 3.0.1-1 [3812 B]
#5 2116.7 Get:455 http://archive.ubuntu.com/ubuntu jammy/universe amd64 node-p-cancelable all 2.1.1-1 [7358 B]
#5 2117.0 Get:456 http://archive.ubuntu.com/ubuntu jammy/universe amd64 node-quick-lru all 5.1.1-1 [5532 B]
#5 2117.4 Get:457 http://archive.ubuntu.com/ubuntu jammy/universe amd64 node-got all 11.8.3+~cs58.7.37-1 [122 kB]
#5 2118.6 Get:458 http://archive.ubuntu.com/ubuntu jammy/universe amd64 node-has-flag all 4.0.0-2 [4228 B]
#5 2119.4 Get:459 http://archive.ubuntu.com/ubuntu jammy/universe amd64 node-hosted-git-info all 4.0.2-1 [9006 B]
#5 2119.8 Get:460 http://archive.ubuntu.com/ubuntu jammy/universe amd64 node-ip all 1.1.5+~1.1.0-1 [8140 B]
#5 2120.1 Get:461 http://archive.ubuntu.com/ubuntu jammy/universe amd64 node-ip-regex all 4.3.0+~4.1.1-1 [5254 B]
#5 2120.9 Get:462 http://archive.ubuntu.com/ubuntu jammy/universe amd64 node-is-typedarray all 1.0.0-4 [2072 B]
#5 2121.4 Get:463 http://archive.ubuntu.com/ubuntu jammy/universe amd64 node-isexe all 2.0.0+~2.0.1-4 [6102 B]
#5 2122.0 Get:464 http://archive.ubuntu.com/ubuntu jammy/universe amd64 node-json-parse-better-errors all 1.0.2+~cs3.3.1-1 [7328 B]
#5 2123.0 Get:465 http://archive.ubuntu.com/ubuntu jammy/universe amd64 node-encoding all 0.1.13-2 [4366 B]
#5 2123.4 Get:466 http://archive.ubuntu.com/ubuntu jammy/universe amd64 node-jsonparse all 1.3.1-10 [8060 B]
#5 2124.0 Get:467 http://archive.ubuntu.com/ubuntu jammy/universe amd64 node-minipass all 3.1.6+~cs8.7.18-1 [32.9 kB]
#5 2124.5 Get:468 http://archive.ubuntu.com/ubuntu jammy/universe amd64 node-npm-bundled all 1.1.2-1 [6228 B]
#5 2125.2 Get:469 http://archive.ubuntu.com/ubuntu jammy/universe amd64 node-osenv all 0.1.5+~0.1.0-1 [5896 B]
#5 2125.4 Get:470 http://archive.ubuntu.com/ubuntu jammy/universe amd64 node-validate-npm-package-name all 3.0.0-4 [5058 B]
#5 2126.0 Get:471 http://archive.ubuntu.com/ubuntu jammy/universe amd64 node-npm-package-arg all 8.1.5-1 [8132 B]
#5 2126.6 Get:472 http://archive.ubuntu.com/ubuntu jammy/universe amd64 node-object-assign all 4.1.1-6 [4754 B]
#5 2127.1 Get:473 http://archive.ubuntu.com/ubuntu jammy-updates/main amd64 xdg-utils all 1.1.3-4.1ubuntu3~22.04.1 [61.9 kB]
#5 2127.4 Get:474 http://archive.ubuntu.com/ubuntu jammy/universe amd64 node-opener all 1.5.2+~1.4.0-1 [6000 B]
#5 2127.7 Get:475 http://archive.ubuntu.com/ubuntu jammy/universe amd64 node-retry all 0.13.1+~0.12.1-1 [11.5 kB]
#5 2128.0 Get:476 http://archive.ubuntu.com/ubuntu jammy/universe amd64 node-promise-retry all 2.0.1-2 [5010 B]
#5 2128.9 Get:477 http://archive.ubuntu.com/ubuntu jammy/universe amd64 node-promzard all 0.3.0-2 [6888 B]
#5 2129.4 Get:478 http://archive.ubuntu.com/ubuntu jammy/universe amd64 node-set-blocking all 2.0.0-2 [3766 B]
#5 2129.7 Get:479 http://archive.ubuntu.com/ubuntu jammy/universe amd64 node-slash all 3.0.0-2 [3922 B]
#5 2130.0 Get:480 http://archive.ubuntu.com/ubuntu jammy/universe amd64 libjs-source-map all 0.7.0++dfsg2+really.0.6.1-9 [93.9 kB]
#5 2131.1 Get:481 http://archive.ubuntu.com/ubuntu jammy/universe amd64 node-source-map all 0.7.0++dfsg2+really.0.6.1-9 [33.6 kB]
#5 2131.9 Get:482 http://archive.ubuntu.com/ubuntu jammy/universe amd64 node-source-map-support all 0.5.21+ds+~0.5.4-1 [14.2 kB]
#5 2132.7 Get:483 http://archive.ubuntu.com/ubuntu jammy/universe amd64 node-spdx-license-ids all 3.0.11-1 [7306 B]
#5 2133.2 Get:484 http://archive.ubuntu.com/ubuntu jammy/universe amd64 node-spdx-exceptions all 2.3.0-2 [3978 B]
#5 2133.4 Get:485 http://archive.ubuntu.com/ubuntu jammy/universe amd64 node-spdx-expression-parse all 3.0.1+~3.0.1-1 [7658 B]
#5 2134.0 Get:486 http://archive.ubuntu.com/ubuntu jammy/universe amd64 node-spdx-correct all 3.1.1-2 [5476 B]
#5 2134.9 Get:487 http://archive.ubuntu.com/ubuntu jammy/universe amd64 node-stack-utils all 2.0.5+~2.0.1-1 [9368 B]
#5 2135.4 Get:488 http://archive.ubuntu.com/ubuntu jammy/universe amd64 node-supports-color all 8.1.1+~8.1.1-1 [7048 B]
#5 2135.7 Get:489 http://archive.ubuntu.com/ubuntu jammy/universe amd64 node-tap-parser all 7.0.0+ds1-6 [19.4 kB]
#5 2136.2 Get:490 http://archive.ubuntu.com/ubuntu jammy/universe amd64 node-tap-mocha-reporter all 3.0.7+ds-2 [39.2 kB]
#5 2138.6 Get:491 http://archive.ubuntu.com/ubuntu jammy/universe amd64 node-text-table all 0.2.0-4 [4762 B]
#5 2138.9 Get:492 http://archive.ubuntu.com/ubuntu jammy/universe amd64 node-tmatch all 5.0.0-4 [6002 B]
#5 2139.4 Get:493 http://archive.ubuntu.com/ubuntu jammy/universe amd64 node-typedarray-to-buffer all 4.0.0-2 [2242 B]
#5 2139.9 Get:494 http://archive.ubuntu.com/ubuntu jammy/universe amd64 node-validate-npm-package-license all 3.0.4-2 [4252 B]
#5 2140.5 Get:495 http://archive.ubuntu.com/ubuntu jammy/universe amd64 node-whatwg-fetch all 3.6.2-5 [15.0 kB]
#5 2140.9 Get:496 http://archive.ubuntu.com/ubuntu jammy/universe amd64 node-write-file-atomic all 3.0.3+~3.0.2-1 [7690 B]
#5 2141.4 Get:497 http://archive.ubuntu.com/ubuntu jammy-updates/universe amd64 nodejs-doc all 12.22.9~dfsg-1ubuntu3.6 [2411 kB]
#5 2184.4 Get:498 http://archive.ubuntu.com/ubuntu jammy-updates/main amd64 python3.10-dev amd64 3.10.12-1~22.04.16 [508 kB]
#5 2189.8 Get:499 http://archive.ubuntu.com/ubuntu jammy-updates/main amd64 python3-lib2to3 all 3.10.8-1~22.04 [77.6 kB]
#5 2193.0 Get:500 http://archive.ubuntu.com/ubuntu jammy-updates/main amd64 python3-distutils all 3.10.8-1~22.04 [139 kB]
#5 2194.9 Get:501 http://archive.ubuntu.com/ubuntu jammy-updates/main amd64 python3-dev amd64 3.10.6-1~22.04.1 [26.0 kB]
#5 2195.4 Get:502 http://archive.ubuntu.com/ubuntu jammy-updates/main amd64 python3-setuptools all 59.6.0-1.2ubuntu0.22.04.3 [340 kB]
#5 2199.8 Get:503 http://archive.ubuntu.com/ubuntu jammy-updates/universe amd64 python3-wheel all 0.37.1-2ubuntu0.22.04.1 [32.0 kB]
#5 2200.2 Get:504 http://archive.ubuntu.com/ubuntu jammy-updates/universe amd64 python3-pip all 22.0.2+dfsg-1ubuntu0.7 [1306 kB]
#5 2212.9 Get:505 http://archive.ubuntu.com/ubuntu jammy/universe amd64 tilix-common all 1.9.4-2build1 [281 kB]
#5 2214.8 Get:506 http://archive.ubuntu.com/ubuntu jammy/universe amd64 tilix amd64 1.9.4-2build1 [681 kB]
#5 2222.3 Get:507 http://archive.ubuntu.com/ubuntu jammy-updates/main amd64 vim-runtime all 2:8.2.3995-1ubuntu2.34 [6831 kB]
#5 2285.4 Get:508 http://archive.ubuntu.com/ubuntu jammy-updates/main amd64 vim amd64 2:8.2.3995-1ubuntu2.34 [1732 kB]
#5 2299.8 Get:509 http://archive.ubuntu.com/ubuntu jammy/main amd64 libglvnd0 amd64 1.4.0-1 [73.6 kB]
#5 2300.9 Get:510 http://archive.ubuntu.com/ubuntu jammy/main amd64 libglx0 amd64 1.4.0-1 [41.0 kB]
#5 2301.2 Get:511 http://archive.ubuntu.com/ubuntu jammy/main amd64 libgl1 amd64 1.4.0-1 [110 kB]
#5 2302.8 Get:512 http://archive.ubuntu.com/ubuntu jammy/main amd64 x11-utils amd64 7.7+5build2 [206 kB]
#5 2305.0 Get:513 http://archive.ubuntu.com/ubuntu jammy/main amd64 x11-xserver-utils amd64 7.7+9build1 [170 kB]
#5 2306.7 Get:514 http://archive.ubuntu.com/ubuntu jammy/main amd64 libauthen-sasl-perl all 2.1600-1.1 [43.1 kB]
#5 2307.2 Get:515 http://archive.ubuntu.com/ubuntu jammy/universe amd64 node-abbrev all 1.1.1+~1.1.2-1 [5784 B]
#5 2307.4 Get:516 http://archive.ubuntu.com/ubuntu jammy/universe amd64 node-archy all 1.0.0-4 [4728 B]
#5 2307.8 Get:517 http://archive.ubuntu.com/ubuntu jammy/universe amd64 node-chalk all 4.1.2-1 [15.9 kB]
#5 2308.0 Get:518 http://archive.ubuntu.com/ubuntu jammy/universe amd64 node-cli-table all 0.3.11+~cs0.13.3-1 [23.2 kB]
#5 2308.4 Get:519 http://archive.ubuntu.com/ubuntu jammy/universe amd64 node-depd all 2.0.0-2 [10.5 kB]
#5 2308.7 Get:520 http://archive.ubuntu.com/ubuntu jammy/universe amd64 node-nopt all 5.0.0-2 [11.3 kB]
#5 2309.4 Get:521 http://archive.ubuntu.com/ubuntu jammy/universe amd64 node-npmlog all 6.0.1+~4.1.4-1 [9968 B]
#5 2310.1 Get:522 http://archive.ubuntu.com/ubuntu jammy/universe amd64 node-tar all 6.1.11+ds1+~cs6.0.6-1 [38.8 kB]
#5 2311.1 Get:523 http://archive.ubuntu.com/ubuntu jammy/universe amd64 node-which all 2.0.2+~cs1.3.2-2 [7374 B]
#5 2311.3 Get:524 http://archive.ubuntu.com/ubuntu jammy/universe amd64 node-gyp all 8.4.1-1 [34.7 kB]
#5 2313.4 Get:525 http://archive.ubuntu.com/ubuntu jammy/universe amd64 node-ini all 2.0.1-1 [6528 B]
#5 2313.9 Get:526 http://archive.ubuntu.com/ubuntu jammy/universe amd64 node-negotiator all 0.6.2+~0.6.1-1 [10.3 kB]
#5 2314.4 Get:527 http://archive.ubuntu.com/ubuntu jammy/universe amd64 node-resolve all 1.20.0+~cs5.27.9-1 [20.7 kB]
#5 2314.6 Get:528 http://archive.ubuntu.com/ubuntu jammy/universe amd64 node-normalize-package-data all 3.0.3+~2.4.1-1 [12.8 kB]
#5 2315.0 Get:529 http://archive.ubuntu.com/ubuntu jammy/universe amd64 node-read-package-json all 4.1.1-1 [10.4 kB]
#5 2315.4 Get:530 http://archive.ubuntu.com/ubuntu jammy/universe amd64 node-tap all 12.0.1+ds-4 [43.6 kB]
#5 2315.9 Get:531 http://archive.ubuntu.com/ubuntu jammy/universe amd64 npm all 8.5.1~ds-1 [894 kB]
#5 2330.4 Get:373 http://archive.ubuntu.com/ubuntu jammy/universe amd64 node-glob all 7.2.1+~cs7.6.15-1 [131 kB]
#5 2332.5 debconf: delaying package configuration, since apt-utils is not installed
#5 2332.5 Fetched 242 MB in 32min 41s (124 kB/s)
#5 2332.6 (Reading database ... (Reading database ... 5%(Reading database ... 10%(Reading database ... 15%(Reading database ... 20%(Reading database ... 25%(Reading database ... 30%(Reading database ... 35%(Reading database ... 40%(Reading database ... 45%(Reading database ... 50%(Reading database ... 55%(Reading database ... 60%(Reading database ... 65%(Reading database ... 70%(Reading database ... 75%(Reading database ... 80%(Reading database ... 85%(Reading database ... 90%(Reading database ... 95%(Reading database ... 100%(Reading database ... 4393 files and directories currently installed.)
#5 2332.6 Preparing to unpack .../libsystemd0_249.11-0ubuntu3.22_amd64.deb ...
#5 2332.6 Unpacking libsystemd0:amd64 (249.11-0ubuntu3.22) over (249.11-0ubuntu3.21) ...
#5 2332.6 Setting up libsystemd0:amd64 (249.11-0ubuntu3.22) ...
#5 2332.6 Selecting previously unselected package liblocale-gettext-perl.
#5 2332.6 (Reading database ... (Reading database ... 5%(Reading database ... 10%(Reading database ... 15%(Reading database ... 20%(Reading database ... 25%(Reading database ... 30%(Reading database ... 35%(Reading database ... 40%(Reading database ... 45%(Reading database ... 50%(Reading database ... 55%(Reading database ... 60%(Reading database ... 65%(Reading database ... 70%(Reading database ... 75%(Reading database ... 80%(Reading database ... 85%(Reading database ... 90%(Reading database ... 95%(Reading database ... 100%(Reading database ... 4393 files and directories currently installed.)
#5 2332.6 Preparing to unpack .../liblocale-gettext-perl_1.07-4build3_amd64.deb ...
#5 2332.6 Unpacking liblocale-gettext-perl (1.07-4build3) ...
#5 2332.6 Selecting previously unselected package libpython3.10-minimal:amd64.
#5 2332.6 Preparing to unpack .../libpython3.10-minimal_3.10.12-1~22.04.16_amd64.deb ...
#5 2332.6 Unpacking libpython3.10-minimal:amd64 (3.10.12-1~22.04.16) ...
#5 2332.7 Selecting previously unselected package libexpat1:amd64.
#5 2332.7 Preparing to unpack .../libexpat1_2.4.7-1ubuntu0.7_amd64.deb ...
#5 2332.7 Unpacking libexpat1:amd64 (2.4.7-1ubuntu0.7) ...
#5 2332.7 Selecting previously unselected package python3.10-minimal.
#5 2332.7 Preparing to unpack .../python3.10-minimal_3.10.12-1~22.04.16_amd64.deb ...
#5 2332.7 Unpacking python3.10-minimal (3.10.12-1~22.04.16) ...
#5 2332.7 Setting up libpython3.10-minimal:amd64 (3.10.12-1~22.04.16) ...
#5 2332.7 Setting up libexpat1:amd64 (2.4.7-1ubuntu0.7) ...
#5 2332.7 Setting up python3.10-minimal (3.10.12-1~22.04.16) ...
#5 2333.3 Selecting previously unselected package python3-minimal.
#5 2333.3 (Reading database ... (Reading database ... 5%(Reading database ... 10%(Reading database ... 15%(Reading database ... 20%(Reading database ... 25%(Reading database ... 30%(Reading database ... 35%(Reading database ... 40%(Reading database ... 45%(Reading database ... 50%(Reading database ... 55%(Reading database ... 60%(Reading database ... 65%(Reading database ... 70%(Reading database ... 75%(Reading database ... 80%(Reading database ... 85%(Reading database ... 90%(Reading database ... 95%(Reading database ... 100%(Reading database ... 4711 files and directories currently installed.)
#5 2333.3 Preparing to unpack .../0-python3-minimal_3.10.6-1~22.04.1_amd64.deb ...
#5 2333.3 Unpacking python3-minimal (3.10.6-1~22.04.1) ...
#5 2333.3 Selecting previously unselected package media-types.
#5 2333.3 Preparing to unpack .../1-media-types_7.0.0_all.deb ...
#5 2333.3 Unpacking media-types (7.0.0) ...
#5 2333.3 Selecting previously unselected package libmpdec3:amd64.
#5 2333.3 Preparing to unpack .../2-libmpdec3_2.5.1-2build2_amd64.deb ...
#5 2333.3 Unpacking libmpdec3:amd64 (2.5.1-2build2) ...
#5 2333.3 Selecting previously unselected package readline-common.
#5 2333.3 Preparing to unpack .../3-readline-common_8.1.2-1_all.deb ...
#5 2333.3 Unpacking readline-common (8.1.2-1) ...
#5 2333.4 Selecting previously unselected package libreadline8:amd64.
#5 2333.4 Preparing to unpack .../4-libreadline8_8.1.2-1_amd64.deb ...
#5 2333.4 Unpacking libreadline8:amd64 (8.1.2-1) ...
#5 2333.4 Selecting previously unselected package libsqlite3-0:amd64.
#5 2333.4 Preparing to unpack .../5-libsqlite3-0_3.37.2-2ubuntu0.7_amd64.deb ...
#5 2333.4 Unpacking libsqlite3-0:amd64 (3.37.2-2ubuntu0.7) ...
#5 2333.4 Selecting previously unselected package libpython3.10-stdlib:amd64.
#5 2333.4 Preparing to unpack .../6-libpython3.10-stdlib_3.10.12-1~22.04.16_amd64.deb ...
#5 2333.4 Unpacking libpython3.10-stdlib:amd64 (3.10.12-1~22.04.16) ...
#5 2333.5 Selecting previously unselected package python3.10.
#5 2333.5 Preparing to unpack .../7-python3.10_3.10.12-1~22.04.16_amd64.deb ...
#5 2333.5 Unpacking python3.10 (3.10.12-1~22.04.16) ...
#5 2333.5 Selecting previously unselected package libpython3-stdlib:amd64.
#5 2333.5 Preparing to unpack .../8-libpython3-stdlib_3.10.6-1~22.04.1_amd64.deb ...
#5 2333.5 Unpacking libpython3-stdlib:amd64 (3.10.6-1~22.04.1) ...
#5 2333.5 Setting up python3-minimal (3.10.6-1~22.04.1) ...
#5 2333.6 Selecting previously unselected package python3.
#5 2333.6 (Reading database ... (Reading database ... 5%(Reading database ... 10%(Reading database ... 15%(Reading database ... 20%(Reading database ... 25%(Reading database ... 30%(Reading database ... 35%(Reading database ... 40%(Reading database ... 45%(Reading database ... 50%(Reading database ... 55%(Reading database ... 60%(Reading database ... 65%(Reading database ... 70%(Reading database ... 75%(Reading database ... 80%(Reading database ... 85%(Reading database ... 90%(Reading database ... 95%(Reading database ... 100%(Reading database ... 5141 files and directories currently installed.)
#5 2333.6 Preparing to unpack .../0-python3_3.10.6-1~22.04.1_amd64.deb ...
#5 2333.6 Unpacking python3 (3.10.6-1~22.04.1) ...
#5 2333.6 Selecting previously unselected package libapparmor1:amd64.
#5 2333.6 Preparing to unpack .../1-libapparmor1_3.0.4-2ubuntu2.5_amd64.deb ...
#5 2333.7 Unpacking libapparmor1:amd64 (3.0.4-2ubuntu2.5) ...
#5 2333.7 Selecting previously unselected package libargon2-1:amd64.
#5 2333.7 Preparing to unpack .../2-libargon2-1_0~20171227-0.3_amd64.deb ...
#5 2333.7 Unpacking libargon2-1:amd64 (0~20171227-0.3) ...
#5 2333.7 Selecting previously unselected package libdevmapper1.02.1:amd64.
#5 2333.7 Preparing to unpack .../3-libdevmapper1.02.1_2%3a1.02.175-2.1ubuntu5_amd64.deb ...
#5 2333.7 Unpacking libdevmapper1.02.1:amd64 (2:1.02.175-2.1ubuntu5) ...
#5 2333.7 Selecting previously unselected package libjson-c5:amd64.
#5 2333.7 Preparing to unpack .../4-libjson-c5_0.15-3~ubuntu1.22.04.2_amd64.deb ...
#5 2333.7 Unpacking libjson-c5:amd64 (0.15-3~ubuntu1.22.04.2) ...
#5 2333.7 Selecting previously unselected package libcryptsetup12:amd64.
#5 2333.7 Preparing to unpack .../5-libcryptsetup12_2%3a2.4.3-1ubuntu1.3_amd64.deb ...
#5 2333.7 Unpacking libcryptsetup12:amd64 (2:2.4.3-1ubuntu1.3) ...
#5 2333.7 Selecting previously unselected package libip4tc2:amd64.
#5 2333.7 Preparing to unpack .../6-libip4tc2_1.8.7-1ubuntu5.2_amd64.deb ...
#5 2333.7 Unpacking libip4tc2:amd64 (1.8.7-1ubuntu5.2) ...
#5 2333.7 Selecting previously unselected package libkmod2:amd64.
#5 2333.7 Preparing to unpack .../7-libkmod2_29-1ubuntu1.1_amd64.deb ...
#5 2333.7 Unpacking libkmod2:amd64 (29-1ubuntu1.1) ...
#5 2333.8 Selecting previously unselected package systemd.
#5 2333.8 Preparing to unpack .../8-systemd_249.11-0ubuntu3.22_amd64.deb ...
#5 2333.8 Unpacking systemd (249.11-0ubuntu3.22) ...
#5 2333.9 Setting up libapparmor1:amd64 (3.0.4-2ubuntu2.5) ...
#5 2333.9 Setting up libargon2-1:amd64 (0~20171227-0.3) ...
#5 2333.9 Setting up libdevmapper1.02.1:amd64 (2:1.02.175-2.1ubuntu5) ...
#5 2333.9 Setting up libjson-c5:amd64 (0.15-3~ubuntu1.22.04.2) ...
#5 2333.9 Setting up libcryptsetup12:amd64 (2:2.4.3-1ubuntu1.3) ...
#5 2333.9 Setting up libip4tc2:amd64 (1.8.7-1ubuntu5.2) ...
#5 2333.9 Setting up libkmod2:amd64 (29-1ubuntu1.1) ...
#5 2333.9 Setting up systemd (249.11-0ubuntu3.22) ...
#5 2333.9 Created symlink /etc/systemd/system/getty.target.wants/getty@tty1.service → /lib/systemd/system/getty@.service.
#5 2333.9 Created symlink /etc/systemd/system/multi-user.target.wants/remote-fs.target → /lib/systemd/system/remote-fs.target.
#5 2333.9 Created symlink /etc/systemd/system/dbus-org.freedesktop.resolve1.service → /lib/systemd/system/systemd-resolved.service.
#5 2333.9 Created symlink /etc/systemd/system/multi-user.target.wants/systemd-resolved.service → /lib/systemd/system/systemd-resolved.service.
#5 2333.9 ln: failed to create symbolic link '/etc/resolv.conf': Device or resource busy
#5 2333.9 Created symlink /etc/systemd/system/sysinit.target.wants/systemd-pstore.service → /lib/systemd/system/systemd-pstore.service.
#5 2333.9 Initializing machine ID from random generator.
#5 2334.1 Selecting previously unselected package systemd-sysv.
#5 2334.1 (Reading database ... (Reading database ... 5%(Reading database ... 10%(Reading database ... 15%(Reading database ... 20%(Reading database ... 25%(Reading database ... 30%(Reading database ... 35%(Reading database ... 40%(Reading database ... 45%(Reading database ... 50%(Reading database ... 55%(Reading database ... 60%(Reading database ... 65%(Reading database ... 70%(Reading database ... 75%(Reading database ... 80%(Reading database ... 85%(Reading database ... 90%(Reading database ... 95%(Reading database ... 100%(Reading database ... 5980 files and directories currently installed.)
#5 2334.2 Preparing to unpack .../000-systemd-sysv_249.11-0ubuntu3.22_amd64.deb ...
#5 2334.2 Unpacking systemd-sysv (249.11-0ubuntu3.22) ...
#5 2334.2 Selecting previously unselected package perl-modules-5.34.
#5 2334.2 Preparing to unpack .../001-perl-modules-5.34_5.34.0-3ubuntu1.7_all.deb ...
#5 2334.2 Unpacking perl-modules-5.34 (5.34.0-3ubuntu1.7) ...
#5 2334.4 Selecting previously unselected package libgdbm6:amd64.
#5 2334.4 Preparing to unpack .../002-libgdbm6_1.23-1_amd64.deb ...
#5 2334.4 Unpacking libgdbm6:amd64 (1.23-1) ...
#5 2334.4 Selecting previously unselected package libgdbm-compat4:amd64.
#5 2334.4 Preparing to unpack .../003-libgdbm-compat4_1.23-1_amd64.deb ...
#5 2334.4 Unpacking libgdbm-compat4:amd64 (1.23-1) ...
#5 2334.4 Selecting previously unselected package libperl5.34:amd64.
#5 2334.4 Preparing to unpack .../004-libperl5.34_5.34.0-3ubuntu1.7_amd64.deb ...
#5 2334.4 Unpacking libperl5.34:amd64 (5.34.0-3ubuntu1.7) ...
#5 2334.5 Selecting previously unselected package perl.
#5 2334.5 Preparing to unpack .../005-perl_5.34.0-3ubuntu1.7_amd64.deb ...
#5 2334.5 Unpacking perl (5.34.0-3ubuntu1.7) ...
#5 2334.6 Selecting previously unselected package openssl.
#5 2334.6 Preparing to unpack .../006-openssl_3.0.2-0ubuntu1.26_amd64.deb ...
#5 2334.6 Unpacking openssl (3.0.2-0ubuntu1.26) ...
#5 2334.6 Selecting previously unselected package ca-certificates.
#5 2334.6 Preparing to unpack .../007-ca-certificates_20260601~22.04.1_all.deb ...
#5 2334.6 Unpacking ca-certificates (20260601~22.04.1) ...
#5 2334.6 Selecting previously unselected package libdbus-1-3:amd64.
#5 2334.6 Preparing to unpack .../008-libdbus-1-3_1.12.20-2ubuntu4.1_amd64.deb ...
#5 2334.6 Unpacking libdbus-1-3:amd64 (1.12.20-2ubuntu4.1) ...
#5 2334.6 Selecting previously unselected package dbus.
#5 2334.6 Preparing to unpack .../009-dbus_1.12.20-2ubuntu4.1_amd64.deb ...
#5 2334.7 Unpacking dbus (1.12.20-2ubuntu4.1) ...
#5 2334.7 Selecting previously unselected package dmsetup.
#5 2334.7 Preparing to unpack .../010-dmsetup_2%3a1.02.175-2.1ubuntu5_amd64.deb ...
#5 2334.7 Unpacking dmsetup (2:1.02.175-2.1ubuntu5) ...
#5 2334.7 Selecting previously unselected package libglib2.0-0:amd64.
#5 2334.7 Preparing to unpack .../011-libglib2.0-0_2.72.4-0ubuntu2.9_amd64.deb ...
#5 2334.7 Unpacking libglib2.0-0:amd64 (2.72.4-0ubuntu2.9) ...
#5 2334.7 Selecting previously unselected package libgirepository-1.0-1:amd64.
#5 2334.7 Preparing to unpack .../012-libgirepository-1.0-1_1.72.0-1_amd64.deb ...
#5 2334.7 Unpacking libgirepository-1.0-1:amd64 (1.72.0-1) ...
#5 2334.7 Selecting previously unselected package gir1.2-glib-2.0:amd64.
#5 2334.7 Preparing to unpack .../013-gir1.2-glib-2.0_1.72.0-1_amd64.deb ...
#5 2334.7 Unpacking gir1.2-glib-2.0:amd64 (1.72.0-1) ...
#5 2334.8 Selecting previously unselected package less.
#5 2334.8 Preparing to unpack .../014-less_590-1ubuntu0.22.04.3_amd64.deb ...
#5 2334.8 Unpacking less (590-1ubuntu0.22.04.3) ...
#5 2334.8 Selecting previously unselected package libmd0:amd64.
#5 2334.8 Preparing to unpack .../015-libmd0_1.0.4-1build1_amd64.deb ...
#5 2334.8 Unpacking libmd0:amd64 (1.0.4-1build1) ...
#5 2334.8 Selecting previously unselected package libbsd0:amd64.
#5 2334.8 Preparing to unpack .../016-libbsd0_0.11.5-1_amd64.deb ...
#5 2334.8 Unpacking libbsd0:amd64 (0.11.5-1) ...
#5 2334.8 Selecting previously unselected package libelf1:amd64.
#5 2334.8 Preparing to unpack .../017-libelf1_0.186-1ubuntu0.1_amd64.deb ...
#5 2334.8 Unpacking libelf1:amd64 (0.186-1ubuntu0.1) ...
#5 2334.8 Selecting previously unselected package libfribidi0:amd64.
#5 2334.8 Preparing to unpack .../018-libfribidi0_1.0.8-2ubuntu3.1_amd64.deb ...
#5 2334.8 Unpacking libfribidi0:amd64 (1.0.8-2ubuntu3.1) ...
#5 2334.8 Selecting previously unselected package libglib2.0-data.
#5 2334.8 Preparing to unpack .../019-libglib2.0-data_2.72.4-0ubuntu2.9_all.deb ...
#5 2334.8 Unpacking libglib2.0-data (2.72.4-0ubuntu2.9) ...
#5 2334.9 Selecting previously unselected package libicu70:amd64.
#5 2334.9 Preparing to unpack .../020-libicu70_70.1-2_amd64.deb ...
#5 2334.9 Unpacking libicu70:amd64 (70.1-2) ...
#5 2335.0 Selecting previously unselected package libnss-systemd:amd64.
#5 2335.0 Preparing to unpack .../021-libnss-systemd_249.11-0ubuntu3.22_amd64.deb ...
#5 2335.0 Unpacking libnss-systemd:amd64 (249.11-0ubuntu3.22) ...
#5 2335.0 Selecting previously unselected package libpam-systemd:amd64.
#5 2335.0 Preparing to unpack .../022-libpam-systemd_249.11-0ubuntu3.22_amd64.deb ...
#5 2335.0 Unpacking libpam-systemd:amd64 (249.11-0ubuntu3.22) ...
#5 2335.0 Selecting previously unselected package libtext-iconv-perl.
#5 2335.0 Preparing to unpack .../023-libtext-iconv-perl_1.7-7build3_amd64.deb ...
#5 2335.0 Unpacking libtext-iconv-perl (1.7-7build3) ...
#5 2335.0 Selecting previously unselected package libxml2:amd64.
#5 2335.0 Preparing to unpack .../024-libxml2_2.9.13+dfsg-1ubuntu0.12_amd64.deb ...
#5 2335.0 Unpacking libxml2:amd64 (2.9.13+dfsg-1ubuntu0.12) ...
#5 2335.0 Selecting previously unselected package netbase.
#5 2335.0 Preparing to unpack .../025-netbase_6.3_all.deb ...
#5 2335.0 Unpacking netbase (6.3) ...
#5 2335.1 Selecting previously unselected package python3-dbus.
#5 2335.1 Preparing to unpack .../026-python3-dbus_1.2.18-3build1_amd64.deb ...
#5 2335.1 Unpacking python3-dbus (1.2.18-3build1) ...
#5 2335.1 Selecting previously unselected package python3-gi.
#5 2335.1 Preparing to unpack .../027-python3-gi_3.42.1-0ubuntu1_amd64.deb ...
#5 2335.1 Unpacking python3-gi (3.42.1-0ubuntu1) ...
#5 2335.1 Selecting previously unselected package networkd-dispatcher.
#5 2335.1 Preparing to unpack .../028-networkd-dispatcher_2.1-2ubuntu0.22.04.2_all.deb ...
#5 2335.1 Unpacking networkd-dispatcher (2.1-2ubuntu0.22.04.2) ...
#5 2335.1 Selecting previously unselected package python3-pkg-resources.
#5 2335.1 Preparing to unpack .../029-python3-pkg-resources_59.6.0-1.2ubuntu0.22.04.3_all.deb ...
#5 2335.1 Unpacking python3-pkg-resources (59.6.0-1.2ubuntu0.22.04.3) ...
#5 2335.1 Selecting previously unselected package shared-mime-info.
#5 2335.1 Preparing to unpack .../030-shared-mime-info_2.1-2_amd64.deb ...
#5 2335.1 Unpacking shared-mime-info (2.1-2) ...
#5 2335.2 Selecting previously unselected package sudo.
#5 2335.2 Preparing to unpack .../031-sudo_1.9.9-1ubuntu2.6_amd64.deb ...
#5 2335.2 Unpacking sudo (1.9.9-1ubuntu2.6) ...
#5 2335.2 Selecting previously unselected package systemd-timesyncd.
#5 2335.2 Preparing to unpack .../032-systemd-timesyncd_249.11-0ubuntu3.22_amd64.deb ...
#5 2335.2 Unpacking systemd-timesyncd (249.11-0ubuntu3.22) ...
#5 2335.2 Selecting previously unselected package ucf.
#5 2335.2 Preparing to unpack .../033-ucf_3.0043_all.deb ...
#5 2335.2 Moving old data out of the way
#5 2335.2 Unpacking ucf (3.0043) ...
#5 2335.2 Selecting previously unselected package xxd.
#5 2335.2 Preparing to unpack .../034-xxd_2%3a8.2.3995-1ubuntu2.34_amd64.deb ...
#5 2335.2 Unpacking xxd (2:8.2.3995-1ubuntu2.34) ...
#5 2335.2 Selecting previously unselected package vim-common.
#5 2335.2 Preparing to unpack .../035-vim-common_2%3a8.2.3995-1ubuntu2.34_all.deb ...
#5 2335.2 Unpacking vim-common (2:8.2.3995-1ubuntu2.34) ...
#5 2335.3 Selecting previously unselected package xdg-user-dirs.
#5 2335.3 Preparing to unpack .../036-xdg-user-dirs_0.17-2ubuntu4_amd64.deb ...
#5 2335.3 Unpacking xdg-user-dirs (0.17-2ubuntu4) ...
#5 2335.3 Selecting previously unselected package xkb-data.
#5 2335.3 Preparing to unpack .../037-xkb-data_2.33-1_all.deb ...
#5 2335.3 Unpacking xkb-data (2.33-1) ...
#5 2335.3 Selecting previously unselected package libcbor0.8:amd64.
#5 2335.3 Preparing to unpack .../038-libcbor0.8_0.8.0-2ubuntu1_amd64.deb ...
#5 2335.3 Unpacking libcbor0.8:amd64 (0.8.0-2ubuntu1) ...
#5 2335.4 Selecting previously unselected package libdrm-common.
#5 2335.4 Preparing to unpack .../039-libdrm-common_2.4.113-2~ubuntu0.22.04.1_all.deb ...
#5 2335.4 Unpacking libdrm-common (2.4.113-2~ubuntu0.22.04.1) ...
#5 2335.4 Selecting previously unselected package libdrm2:amd64.
#5 2335.4 Preparing to unpack .../040-libdrm2_2.4.113-2~ubuntu0.22.04.1_amd64.deb ...
#5 2335.4 Unpacking libdrm2:amd64 (2.4.113-2~ubuntu0.22.04.1) ...
#5 2335.4 Selecting previously unselected package libedit2:amd64.
#5 2335.4 Preparing to unpack .../041-libedit2_3.1-20210910-1build1_amd64.deb ...
#5 2335.4 Unpacking libedit2:amd64 (3.1-20210910-1build1) ...
#5 2335.4 Selecting previously unselected package libfido2-1:amd64.
#5 2335.4 Preparing to unpack .../042-libfido2-1_1.10.0-1_amd64.deb ...
#5 2335.4 Unpacking libfido2-1:amd64 (1.10.0-1) ...
#5 2335.4 Selecting previously unselected package libnghttp2-14:amd64.
#5 2335.4 Preparing to unpack .../043-libnghttp2-14_1.43.0-1ubuntu0.4_amd64.deb ...
#5 2335.4 Unpacking libnghttp2-14:amd64 (1.43.0-1ubuntu0.4) ...
#5 2335.4 Selecting previously unselected package libpng16-16:amd64.
#5 2335.4 Preparing to unpack .../044-libpng16-16_1.6.37-3ubuntu0.5_amd64.deb ...
#5 2335.4 Unpacking libpng16-16:amd64 (1.6.37-3ubuntu0.5) ...
#5 2335.5 Selecting previously unselected package libpsl5:amd64.
#5 2335.5 Preparing to unpack .../045-libpsl5_0.21.0-1.2build2_amd64.deb ...
#5 2335.5 Unpacking libpsl5:amd64 (0.21.0-1.2build2) ...
#5 2335.5 Selecting previously unselected package libuv1:amd64.
#5 2335.5 Preparing to unpack .../046-libuv1_1.43.0-1ubuntu0.1_amd64.deb ...
#5 2335.5 Unpacking libuv1:amd64 (1.43.0-1ubuntu0.1) ...
#5 2335.5 Selecting previously unselected package libxau6:amd64.
#5 2335.5 Preparing to unpack .../047-libxau6_1%3a1.0.9-1build5_amd64.deb ...
#5 2335.5 Unpacking libxau6:amd64 (1:1.0.9-1build5) ...
#5 2335.5 Selecting previously unselected package libxdmcp6:amd64.
#5 2335.5 Preparing to unpack .../048-libxdmcp6_1%3a1.1.3-0ubuntu5_amd64.deb ...
#5 2335.5 Unpacking libxdmcp6:amd64 (1:1.1.3-0ubuntu5) ...
#5 2335.5 Selecting previously unselected package libxcb1:amd64.
#5 2335.5 Preparing to unpack .../049-libxcb1_1.14-3ubuntu3_amd64.deb ...
#5 2335.5 Unpacking libxcb1:amd64 (1.14-3ubuntu3) ...
#5 2335.5 Selecting previously unselected package libx11-data.
#5 2335.5 Preparing to unpack .../050-libx11-data_2%3a1.7.5-1ubuntu0.3_all.deb ...
#5 2335.5 Unpacking libx11-data (2:1.7.5-1ubuntu0.3) ...
#5 2335.6 Selecting previously unselected package libx11-6:amd64.
#5 2335.6 Preparing to unpack .../051-libx11-6_2%3a1.7.5-1ubuntu0.3_amd64.deb ...
#5 2335.6 Unpacking libx11-6:amd64 (2:1.7.5-1ubuntu0.3) ...
#5 2335.6 Selecting previously unselected package libxext6:amd64.
#5 2335.6 Preparing to unpack .../052-libxext6_2%3a1.3.4-1build1_amd64.deb ...
#5 2335.6 Unpacking libxext6:amd64 (2:1.3.4-1build1) ...
#5 2335.6 Selecting previously unselected package libxmuu1:amd64.
#5 2335.6 Preparing to unpack .../053-libxmuu1_2%3a1.1.3-3_amd64.deb ...
#5 2335.6 Unpacking libxmuu1:amd64 (2:1.1.3-3) ...
#5 2335.6 Selecting previously unselected package manpages.
#5 2335.6 Preparing to unpack .../054-manpages_5.10-1ubuntu1_all.deb ...
#5 2335.6 Unpacking manpages (5.10-1ubuntu1) ...
#5 2335.7 Selecting previously unselected package nano.
#5 2335.7 Preparing to unpack .../055-nano_6.2-1ubuntu0.2_amd64.deb ...
#5 2335.7 Unpacking nano (6.2-1ubuntu0.2) ...
#5 2335.7 Selecting previously unselected package openssh-client.
#5 2335.7 Preparing to unpack .../056-openssh-client_1%3a8.9p1-3ubuntu0.16_amd64.deb ...
#5 2335.8 Unpacking openssh-client (1:8.9p1-3ubuntu0.16) ...
#5 2335.8 Selecting previously unselected package publicsuffix.
#5 2335.8 Preparing to unpack .../057-publicsuffix_20211207.1025-1_all.deb ...
#5 2335.8 Unpacking publicsuffix (20211207.1025-1) ...
#5 2335.8 Selecting previously unselected package wget.
#5 2335.8 Preparing to unpack .../058-wget_1.21.2-2ubuntu1.4_amd64.deb ...
#5 2335.8 Unpacking wget (1.21.2-2ubuntu1.4) ...
#5 2335.8 Selecting previously unselected package xauth.
#5 2335.8 Preparing to unpack .../059-xauth_1%3a1.1-1build2_amd64.deb ...
#5 2335.8 Unpacking xauth (1:1.1-1build2) ...
#5 2335.8 Selecting previously unselected package xz-utils.
#5 2335.8 Preparing to unpack .../060-xz-utils_5.2.5-2ubuntu1.1_amd64.deb ...
#5 2335.8 Unpacking xz-utils (5.2.5-2ubuntu1.1) ...
#5 2335.9 Selecting previously unselected package hicolor-icon-theme.
#5 2335.9 Preparing to unpack .../061-hicolor-icon-theme_0.17-2_all.deb ...
#5 2335.9 Unpacking hicolor-icon-theme (0.17-2) ...
#5 2335.9 Selecting previously unselected package libgdk-pixbuf2.0-common.
#5 2335.9 Preparing to unpack .../062-libgdk-pixbuf2.0-common_2.42.8+dfsg-1ubuntu0.5_all.deb ...
#5 2335.9 Unpacking libgdk-pixbuf2.0-common (2.42.8+dfsg-1ubuntu0.5) ...
#5 2335.9 Selecting previously unselected package libjpeg-turbo8:amd64.
#5 2335.9 Preparing to unpack .../063-libjpeg-turbo8_2.1.2-0ubuntu1_amd64.deb ...
#5 2335.9 Unpacking libjpeg-turbo8:amd64 (2.1.2-0ubuntu1) ...
#5 2335.9 Selecting previously unselected package libjpeg8:amd64.
#5 2335.9 Preparing to unpack .../064-libjpeg8_8c-2ubuntu10_amd64.deb ...
#5 2335.9 Unpacking libjpeg8:amd64 (8c-2ubuntu10) ...
#5 2335.9 Selecting previously unselected package libdeflate0:amd64.
#5 2335.9 Preparing to unpack .../065-libdeflate0_1.10-2_amd64.deb ...
#5 2335.9 Unpacking libdeflate0:amd64 (1.10-2) ...
#5 2336.0 Selecting previously unselected package libjbig0:amd64.
#5 2336.0 Preparing to unpack .../066-libjbig0_2.1-3.1ubuntu0.22.04.1_amd64.deb ...
#5 2336.0 Unpacking libjbig0:amd64 (2.1-3.1ubuntu0.22.04.1) ...
#5 2336.0 Selecting previously unselected package libwebp7:amd64.
#5 2336.0 Preparing to unpack .../067-libwebp7_1.2.2-2ubuntu0.22.04.2_amd64.deb ...
#5 2336.0 Unpacking libwebp7:amd64 (1.2.2-2ubuntu0.22.04.2) ...
#5 2336.0 Selecting previously unselected package libtiff5:amd64.
#5 2336.0 Preparing to unpack .../068-libtiff5_4.3.0-6ubuntu0.13_amd64.deb ...
#5 2336.0 Unpacking libtiff5:amd64 (4.3.0-6ubuntu0.13) ...
#5 2336.0 Selecting previously unselected package libgdk-pixbuf-2.0-0:amd64.
#5 2336.0 Preparing to unpack .../069-libgdk-pixbuf-2.0-0_2.42.8+dfsg-1ubuntu0.5_amd64.deb ...
#5 2336.0 Unpacking libgdk-pixbuf-2.0-0:amd64 (2.42.8+dfsg-1ubuntu0.5) ...
#5 2336.0 Selecting previously unselected package gtk-update-icon-cache.
#5 2336.0 Preparing to unpack .../070-gtk-update-icon-cache_3.24.33-1ubuntu2.2_amd64.deb ...
#5 2336.0 Unpacking gtk-update-icon-cache (3.24.33-1ubuntu2.2) ...
#5 2336.0 Selecting previously unselected package humanity-icon-theme.
#5 2336.0 Preparing to unpack .../071-humanity-icon-theme_0.6.16_all.deb ...
#5 2336.1 Unpacking humanity-icon-theme (0.6.16) ...
#5 2336.5 Selecting previously unselected package ubuntu-mono.
#5 2336.5 Preparing to unpack .../072-ubuntu-mono_20.10-0ubuntu2_all.deb ...
#5 2336.5 Unpacking ubuntu-mono (20.10-0ubuntu2) ...
#5 2336.7 Selecting previously unselected package adwaita-icon-theme.
#5 2336.7 Preparing to unpack .../073-adwaita-icon-theme_41.0-1ubuntu1_all.deb ...
#5 2336.7 Unpacking adwaita-icon-theme (41.0-1ubuntu1) ...
#5 2336.9 Selecting previously unselected package libxi6:amd64.
#5 2336.9 Preparing to unpack .../074-libxi6_2%3a1.8-1build1_amd64.deb ...
#5 2336.9 Unpacking libxi6:amd64 (2:1.8-1build1) ...
#5 2336.9 Selecting previously unselected package libatspi2.0-0:amd64.
#5 2336.9 Preparing to unpack .../075-libatspi2.0-0_2.44.0-3_amd64.deb ...
#5 2336.9 Unpacking libatspi2.0-0:amd64 (2.44.0-3) ...
#5 2336.9 Selecting previously unselected package x11-common.
#5 2336.9 Preparing to unpack .../076-x11-common_1%3a7.7+23ubuntu2_all.deb ...
#5 2336.9 Unpacking x11-common (1:7.7+23ubuntu2) ...
#5 2336.9 Selecting previously unselected package libxtst6:amd64.
#5 2337.0 Preparing to unpack .../077-libxtst6_2%3a1.2.3-1build4_amd64.deb ...
#5 2337.0 Unpacking libxtst6:amd64 (2:1.2.3-1build4) ...
#5 2337.0 Selecting previously unselected package dbus-user-session.
#5 2337.0 Preparing to unpack .../078-dbus-user-session_1.12.20-2ubuntu4.1_amd64.deb ...
#5 2337.0 Unpacking dbus-user-session (1.12.20-2ubuntu4.1) ...
#5 2337.0 Selecting previously unselected package libdconf1:amd64.
#5 2337.0 Preparing to unpack .../079-libdconf1_0.40.0-3ubuntu0.1_amd64.deb ...
#5 2337.0 Unpacking libdconf1:amd64 (0.40.0-3ubuntu0.1) ...
#5 2337.0 Selecting previously unselected package dconf-service.
#5 2337.0 Preparing to unpack .../080-dconf-service_0.40.0-3ubuntu0.1_amd64.deb ...
#5 2337.0 Unpacking dconf-service (0.40.0-3ubuntu0.1) ...
#5 2337.0 Selecting previously unselected package dconf-gsettings-backend:amd64.
#5 2337.0 Preparing to unpack .../081-dconf-gsettings-backend_0.40.0-3ubuntu0.1_amd64.deb ...
#5 2337.0 Unpacking dconf-gsettings-backend:amd64 (0.40.0-3ubuntu0.1) ...
#5 2337.0 Selecting previously unselected package session-migration.
#5 2337.0 Preparing to unpack .../082-session-migration_0.3.6_amd64.deb ...
#5 2337.0 Unpacking session-migration (0.3.6) ...
#5 2337.0 Selecting previously unselected package gsettings-desktop-schemas.
#5 2337.0 Preparing to unpack .../083-gsettings-desktop-schemas_42.0-1ubuntu1_all.deb ...
#5 2337.1 Unpacking gsettings-desktop-schemas (42.0-1ubuntu1) ...
#5 2337.1 Selecting previously unselected package at-spi2-core.
#5 2337.1 Preparing to unpack .../084-at-spi2-core_2.44.0-3_amd64.deb ...
#5 2337.1 Unpacking at-spi2-core (2.44.0-3) ...
#5 2337.1 Selecting previously unselected package binutils-common:amd64.
#5 2337.1 Preparing to unpack .../085-binutils-common_2.38-4ubuntu2.12_amd64.deb ...
#5 2337.1 Unpacking binutils-common:amd64 (2.38-4ubuntu2.12) ...
#5 2337.1 Selecting previously unselected package libbinutils:amd64.
#5 2337.1 Preparing to unpack .../086-libbinutils_2.38-4ubuntu2.12_amd64.deb ...
#5 2337.1 Unpacking libbinutils:amd64 (2.38-4ubuntu2.12) ...
#5 2337.1 Selecting previously unselected package libctf-nobfd0:amd64.
#5 2337.1 Preparing to unpack .../087-libctf-nobfd0_2.38-4ubuntu2.12_amd64.deb ...
#5 2337.1 Unpacking libctf-nobfd0:amd64 (2.38-4ubuntu2.12) ...
#5 2337.2 Selecting previously unselected package libctf0:amd64.
#5 2337.2 Preparing to unpack .../088-libctf0_2.38-4ubuntu2.12_amd64.deb ...
#5 2337.2 Unpacking libctf0:amd64 (2.38-4ubuntu2.12) ...
#5 2337.2 Selecting previously unselected package binutils-x86-64-linux-gnu.
#5 2337.2 Preparing to unpack .../089-binutils-x86-64-linux-gnu_2.38-4ubuntu2.12_amd64.deb ...
#5 2337.2 Unpacking binutils-x86-64-linux-gnu (2.38-4ubuntu2.12) ...
#5 2337.2 Selecting previously unselected package binutils.
#5 2337.2 Preparing to unpack .../090-binutils_2.38-4ubuntu2.12_amd64.deb ...
#5 2337.2 Unpacking binutils (2.38-4ubuntu2.12) ...
#5 2337.2 Selecting previously unselected package libc-dev-bin.
#5 2337.2 Preparing to unpack .../091-libc-dev-bin_2.35-0ubuntu3.14_amd64.deb ...
#5 2337.2 Unpacking libc-dev-bin (2.35-0ubuntu3.14) ...
#5 2337.3 Selecting previously unselected package linux-libc-dev:amd64.
#5 2337.3 Preparing to unpack .../092-linux-libc-dev_5.15.0-187.197_amd64.deb ...
#5 2337.3 Unpacking linux-libc-dev:amd64 (5.15.0-187.197) ...
#5 2337.3 Selecting previously unselected package libcrypt-dev:amd64.
#5 2337.3 Preparing to unpack .../093-libcrypt-dev_1%3a4.4.27-1_amd64.deb ...
#5 2337.3 Unpacking libcrypt-dev:amd64 (1:4.4.27-1) ...
#5 2337.4 Selecting previously unselected package rpcsvc-proto.
#5 2337.4 Preparing to unpack .../094-rpcsvc-proto_1.4.2-0ubuntu6_amd64.deb ...
#5 2337.4 Unpacking rpcsvc-proto (1.4.2-0ubuntu6) ...
#5 2337.4 Selecting previously unselected package libtirpc-dev:amd64.
#5 2337.4 Preparing to unpack .../095-libtirpc-dev_1.3.2-2ubuntu0.1_amd64.deb ...
#5 2337.4 Unpacking libtirpc-dev:amd64 (1.3.2-2ubuntu0.1) ...
#5 2337.4 Selecting previously unselected package libnsl-dev:amd64.
#5 2337.4 Preparing to unpack .../096-libnsl-dev_1.3.0-2build2_amd64.deb ...
#5 2337.4 Unpacking libnsl-dev:amd64 (1.3.0-2build2) ...
#5 2337.4 Selecting previously unselected package libc6-dev:amd64.
#5 2337.4 Preparing to unpack .../097-libc6-dev_2.35-0ubuntu3.14_amd64.deb ...
#5 2337.4 Unpacking libc6-dev:amd64 (2.35-0ubuntu3.14) ...
#5 2337.5 Selecting previously unselected package gcc-11-base:amd64.
#5 2337.5 Preparing to unpack .../098-gcc-11-base_11.4.0-1ubuntu1~22.04.3_amd64.deb ...
#5 2337.5 Unpacking gcc-11-base:amd64 (11.4.0-1ubuntu1~22.04.3) ...
#5 2337.5 Selecting previously unselected package libisl23:amd64.
#5 2337.5 Preparing to unpack .../099-libisl23_0.24-2build1_amd64.deb ...
#5 2337.5 Unpacking libisl23:amd64 (0.24-2build1) ...
#5 2337.5 Selecting previously unselected package libmpfr6:amd64.
#5 2337.5 Preparing to unpack .../100-libmpfr6_4.1.0-3build3_amd64.deb ...
#5 2337.5 Unpacking libmpfr6:amd64 (4.1.0-3build3) ...
#5 2337.6 Selecting previously unselected package libmpc3:amd64.
#5 2337.6 Preparing to unpack .../101-libmpc3_1.2.1-2build1_amd64.deb ...
#5 2337.6 Unpacking libmpc3:amd64 (1.2.1-2build1) ...
#5 2337.6 Selecting previously unselected package cpp-11.
#5 2337.6 Preparing to unpack .../102-cpp-11_11.4.0-1ubuntu1~22.04.3_amd64.deb ...
#5 2337.6 Unpacking cpp-11 (11.4.0-1ubuntu1~22.04.3) ...
#5 2337.7 Selecting previously unselected package cpp.
#5 2337.7 Preparing to unpack .../103-cpp_4%3a11.2.0-1ubuntu1_amd64.deb ...
#5 2337.8 Unpacking cpp (4:11.2.0-1ubuntu1) ...
#5 2337.8 Selecting previously unselected package libcc1-0:amd64.
#5 2337.8 Preparing to unpack .../104-libcc1-0_12.3.0-1ubuntu1~22.04.3_amd64.deb ...
#5 2337.8 Unpacking libcc1-0:amd64 (12.3.0-1ubuntu1~22.04.3) ...
#5 2337.9 Selecting previously unselected package libgomp1:amd64.
#5 2337.9 Preparing to unpack .../105-libgomp1_12.3.0-1ubuntu1~22.04.3_amd64.deb ...
#5 2337.9 Unpacking libgomp1:amd64 (12.3.0-1ubuntu1~22.04.3) ...
#5 2337.9 Selecting previously unselected package libitm1:amd64.
#5 2337.9 Preparing to unpack .../106-libitm1_12.3.0-1ubuntu1~22.04.3_amd64.deb ...
#5 2337.9 Unpacking libitm1:amd64 (12.3.0-1ubuntu1~22.04.3) ...
#5 2338.0 Selecting previously unselected package libatomic1:amd64.
#5 2338.0 Preparing to unpack .../107-libatomic1_12.3.0-1ubuntu1~22.04.3_amd64.deb ...
#5 2338.0 Unpacking libatomic1:amd64 (12.3.0-1ubuntu1~22.04.3) ...
#5 2338.0 Selecting previously unselected package libasan6:amd64.
#5 2338.1 Preparing to unpack .../108-libasan6_11.4.0-1ubuntu1~22.04.3_amd64.deb ...
#5 2338.1 Unpacking libasan6:amd64 (11.4.0-1ubuntu1~22.04.3) ...
#5 2338.1 Selecting previously unselected package liblsan0:amd64.
#5 2338.1 Preparing to unpack .../109-liblsan0_12.3.0-1ubuntu1~22.04.3_amd64.deb ...
#5 2338.2 Unpacking liblsan0:amd64 (12.3.0-1ubuntu1~22.04.3) ...
#5 2338.2 Selecting previously unselected package libtsan0:amd64.
#5 2338.2 Preparing to unpack .../110-libtsan0_11.4.0-1ubuntu1~22.04.3_amd64.deb ...
#5 2338.2 Unpacking libtsan0:amd64 (11.4.0-1ubuntu1~22.04.3) ...
#5 2338.3 Selecting previously unselected package libubsan1:amd64.
#5 2338.3 Preparing to unpack .../111-libubsan1_12.3.0-1ubuntu1~22.04.3_amd64.deb ...
#5 2338.3 Unpacking libubsan1:amd64 (12.3.0-1ubuntu1~22.04.3) ...
#5 2338.4 Selecting previously unselected package libquadmath0:amd64.
#5 2338.4 Preparing to unpack .../112-libquadmath0_12.3.0-1ubuntu1~22.04.3_amd64.deb ...
#5 2338.4 Unpacking libquadmath0:amd64 (12.3.0-1ubuntu1~22.04.3) ...
#5 2338.4 Selecting previously unselected package libgcc-11-dev:amd64.
#5 2338.4 Preparing to unpack .../113-libgcc-11-dev_11.4.0-1ubuntu1~22.04.3_amd64.deb ...
#5 2338.4 Unpacking libgcc-11-dev:amd64 (11.4.0-1ubuntu1~22.04.3) ...
#5 2338.5 Selecting previously unselected package gcc-11.
#5 2338.5 Preparing to unpack .../114-gcc-11_11.4.0-1ubuntu1~22.04.3_amd64.deb ...
#5 2338.5 Unpacking gcc-11 (11.4.0-1ubuntu1~22.04.3) ...
#5 2338.7 Selecting previously unselected package gcc.
#5 2338.7 Preparing to unpack .../115-gcc_4%3a11.2.0-1ubuntu1_amd64.deb ...
#5 2338.7 Unpacking gcc (4:11.2.0-1ubuntu1) ...
#5 2338.8 Selecting previously unselected package libstdc++-11-dev:amd64.
#5 2338.8 Preparing to unpack .../116-libstdc++-11-dev_11.4.0-1ubuntu1~22.04.3_amd64.deb ...
#5 2338.8 Unpacking libstdc++-11-dev:amd64 (11.4.0-1ubuntu1~22.04.3) ...
#5 2338.9 Selecting previously unselected package g++-11.
#5 2338.9 Preparing to unpack .../117-g++-11_11.4.0-1ubuntu1~22.04.3_amd64.deb ...
#5 2338.9 Unpacking g++-11 (11.4.0-1ubuntu1~22.04.3) ...
#5 2339.0 Selecting previously unselected package g++.
#5 2339.0 Preparing to unpack .../118-g++_4%3a11.2.0-1ubuntu1_amd64.deb ...
#5 2339.0 Unpacking g++ (4:11.2.0-1ubuntu1) ...
#5 2339.0 Selecting previously unselected package make.
#5 2339.0 Preparing to unpack .../119-make_4.3-4.1build1_amd64.deb ...
#5 2339.0 Unpacking make (4.3-4.1build1) ...
#5 2339.0 Selecting previously unselected package libdpkg-perl.
#5 2339.0 Preparing to unpack .../120-libdpkg-perl_1.21.1ubuntu2.6_all.deb ...
#5 2339.0 Unpacking libdpkg-perl (1.21.1ubuntu2.6) ...
#5 2339.1 Selecting previously unselected package bzip2.
#5 2339.1 Preparing to unpack .../121-bzip2_1.0.8-5build1_amd64.deb ...
#5 2339.1 Unpacking bzip2 (1.0.8-5build1) ...
#5 2339.1 Selecting previously unselected package patch.
#5 2339.1 Preparing to unpack .../122-patch_2.7.6-7build2_amd64.deb ...
#5 2339.1 Unpacking patch (2.7.6-7build2) ...
#5 2339.1 Selecting previously unselected package lto-disabled-list.
#5 2339.1 Preparing to unpack .../123-lto-disabled-list_24_all.deb ...
#5 2339.1 Unpacking lto-disabled-list (24) ...
#5 2339.1 Selecting previously unselected package dpkg-dev.
#5 2339.1 Preparing to unpack .../124-dpkg-dev_1.21.1ubuntu2.6_all.deb ...
#5 2339.1 Unpacking dpkg-dev (1.21.1ubuntu2.6) ...
#5 2339.1 Selecting previously unselected package build-essential.
#5 2339.1 Preparing to unpack .../125-build-essential_12.9ubuntu3_amd64.deb ...
#5 2339.1 Unpacking build-essential (12.9ubuntu3) ...
#5 2339.2 Selecting previously unselected package libbrotli1:amd64.
#5 2339.2 Preparing to unpack .../126-libbrotli1_1.0.9-2build6_amd64.deb ...
#5 2339.2 Unpacking libbrotli1:amd64 (1.0.9-2build6) ...
#5 2339.2 Selecting previously unselected package libsasl2-modules-db:amd64.
#5 2339.2 Preparing to unpack .../127-libsasl2-modules-db_2.1.27+dfsg2-3ubuntu1.2_amd64.deb ...
#5 2339.2 Unpacking libsasl2-modules-db:amd64 (2.1.27+dfsg2-3ubuntu1.2) ...
#5 2339.2 Selecting previously unselected package libsasl2-2:amd64.
#5 2339.2 Preparing to unpack .../128-libsasl2-2_2.1.27+dfsg2-3ubuntu1.2_amd64.deb ...
#5 2339.2 Unpacking libsasl2-2:amd64 (2.1.27+dfsg2-3ubuntu1.2) ...
#5 2339.2 Selecting previously unselected package libldap-2.5-0:amd64.
#5 2339.2 Preparing to unpack .../129-libldap-2.5-0_2.5.20+dfsg-0ubuntu0.22.04.1_amd64.deb ...
#5 2339.2 Unpacking libldap-2.5-0:amd64 (2.5.20+dfsg-0ubuntu0.22.04.1) ...
#5 2339.2 Selecting previously unselected package librtmp1:amd64.
#5 2339.2 Preparing to unpack .../130-librtmp1_2.4+20151223.gitfa8646d.1-2build4_amd64.deb ...
#5 2339.2 Unpacking librtmp1:amd64 (2.4+20151223.gitfa8646d.1-2build4) ...
#5 2339.3 Selecting previously unselected package libssh-4:amd64.
#5 2339.3 Preparing to unpack .../131-libssh-4_0.9.6-2ubuntu0.22.04.7_amd64.deb ...
#5 2339.3 Unpacking libssh-4:amd64 (0.9.6-2ubuntu0.22.04.7) ...
#5 2339.3 Selecting previously unselected package libcurl4:amd64.
#5 2339.3 Preparing to unpack .../132-libcurl4_7.81.0-1ubuntu1.25_amd64.deb ...
#5 2339.3 Unpacking libcurl4:amd64 (7.81.0-1ubuntu1.25) ...
#5 2339.3 Selecting previously unselected package curl.
#5 2339.3 Preparing to unpack .../133-curl_7.81.0-1ubuntu1.25_amd64.deb ...
#5 2339.3 Unpacking curl (7.81.0-1ubuntu1.25) ...
#5 2339.3 Selecting previously unselected package libassuan0:amd64.
#5 2339.3 Preparing to unpack .../134-libassuan0_2.5.5-1build1_amd64.deb ...
#5 2339.3 Unpacking libassuan0:amd64 (2.5.5-1build1) ...
#5 2339.4 Selecting previously unselected package gpgconf.
#5 2339.4 Preparing to unpack .../135-gpgconf_2.2.27-3ubuntu2.5_amd64.deb ...
#5 2339.4 Unpacking gpgconf (2.2.27-3ubuntu2.5) ...
#5 2339.4 Selecting previously unselected package libksba8:amd64.
#5 2339.4 Preparing to unpack .../136-libksba8_1.6.0-2ubuntu0.2_amd64.deb ...
#5 2339.4 Unpacking libksba8:amd64 (1.6.0-2ubuntu0.2) ...
#5 2339.4 Selecting previously unselected package libnpth0:amd64.
#5 2339.4 Preparing to unpack .../137-libnpth0_1.6-3build2_amd64.deb ...
#5 2339.4 Unpacking libnpth0:amd64 (1.6-3build2) ...
#5 2339.4 Selecting previously unselected package dirmngr.
#5 2339.4 Preparing to unpack .../138-dirmngr_2.2.27-3ubuntu2.5_amd64.deb ...
#5 2339.4 Unpacking dirmngr (2.2.27-3ubuntu2.5) ...
#5 2339.5 Selecting previously unselected package libfakeroot:amd64.
#5 2339.5 Preparing to unpack .../139-libfakeroot_1.28-1ubuntu1_amd64.deb ...
#5 2339.5 Unpacking libfakeroot:amd64 (1.28-1ubuntu1) ...
#5 2339.5 Selecting previously unselected package fakeroot.
#5 2339.5 Preparing to unpack .../140-fakeroot_1.28-1ubuntu1_amd64.deb ...
#5 2339.5 Unpacking fakeroot (1.28-1ubuntu1) ...
#5 2339.5 Selecting previously unselected package libfreetype6:amd64.
#5 2339.5 Preparing to unpack .../141-libfreetype6_2.11.1+dfsg-1ubuntu0.3_amd64.deb ...
#5 2339.5 Unpacking libfreetype6:amd64 (2.11.1+dfsg-1ubuntu0.3) ...
#5 2339.5 Selecting previously unselected package fonts-dejavu-core.
#5 2339.5 Preparing to unpack .../142-fonts-dejavu-core_2.37-2build1_all.deb ...
#5 2339.5 Unpacking fonts-dejavu-core (2.37-2build1) ...
#5 2339.6 Selecting previously unselected package fontconfig-config.
#5 2339.6 Preparing to unpack .../143-fontconfig-config_2.13.1-4.2ubuntu5_all.deb ...
#5 2339.6 Unpacking fontconfig-config (2.13.1-4.2ubuntu5) ...
#5 2339.6 Selecting previously unselected package libfontconfig1:amd64.
#5 2339.7 Preparing to unpack .../144-libfontconfig1_2.13.1-4.2ubuntu5_amd64.deb ...
#5 2339.7 Unpacking libfontconfig1:amd64 (2.13.1-4.2ubuntu5) ...
#5 2339.7 Selecting previously unselected package fontconfig.
#5 2339.7 Preparing to unpack .../145-fontconfig_2.13.1-4.2ubuntu5_amd64.deb ...
#5 2339.7 Unpacking fontconfig (2.13.1-4.2ubuntu5) ...
#5 2339.7 Selecting previously unselected package libcurl3-gnutls:amd64.
#5 2339.7 Preparing to unpack .../146-libcurl3-gnutls_7.81.0-1ubuntu1.25_amd64.deb ...
#5 2339.7 Unpacking libcurl3-gnutls:amd64 (7.81.0-1ubuntu1.25) ...
#5 2339.7 Selecting previously unselected package liberror-perl.
#5 2339.7 Preparing to unpack .../147-liberror-perl_0.17029-1_all.deb ...
#5 2339.7 Unpacking liberror-perl (0.17029-1) ...
#5 2339.7 Selecting previously unselected package git-man.
#5 2339.7 Preparing to unpack .../148-git-man_1%3a2.34.1-1ubuntu1.17_all.deb ...
#5 2339.7 Unpacking git-man (1:2.34.1-1ubuntu1.17) ...
#5 2339.8 Selecting previously unselected package git.
#5 2339.8 Preparing to unpack .../149-git_1%3a2.34.1-1ubuntu1.17_amd64.deb ...
#5 2339.8 Unpacking git (1:2.34.1-1ubuntu1.17) ...
#5 2339.9 Selecting previously unselected package gnupg-l10n.
#5 2339.9 Preparing to unpack .../150-gnupg-l10n_2.2.27-3ubuntu2.5_all.deb ...
#5 2339.9 Unpacking gnupg-l10n (2.2.27-3ubuntu2.5) ...
#5 2339.9 Selecting previously unselected package gnupg-utils.
#5 2339.9 Preparing to unpack .../151-gnupg-utils_2.2.27-3ubuntu2.5_amd64.deb ...
#5 2339.9 Unpacking gnupg-utils (2.2.27-3ubuntu2.5) ...
#5 2339.9 Selecting previously unselected package gpg.
#5 2339.9 Preparing to unpack .../152-gpg_2.2.27-3ubuntu2.5_amd64.deb ...
#5 2339.9 Unpacking gpg (2.2.27-3ubuntu2.5) ...
#5 2339.9 Selecting previously unselected package pinentry-curses.
#5 2339.9 Preparing to unpack .../153-pinentry-curses_1.1.1-1build2_amd64.deb ...
#5 2339.9 Unpacking pinentry-curses (1.1.1-1build2) ...
#5 2339.9 Selecting previously unselected package gpg-agent.
#5 2339.9 Preparing to unpack .../154-gpg-agent_2.2.27-3ubuntu2.5_amd64.deb ...
#5 2339.9 Unpacking gpg-agent (2.2.27-3ubuntu2.5) ...
#5 2340.0 Selecting previously unselected package gpg-wks-client.
#5 2340.0 Preparing to unpack .../155-gpg-wks-client_2.2.27-3ubuntu2.5_amd64.deb ...
#5 2340.0 Unpacking gpg-wks-client (2.2.27-3ubuntu2.5) ...
#5 2340.0 Selecting previously unselected package gpg-wks-server.
#5 2340.0 Preparing to unpack .../156-gpg-wks-server_2.2.27-3ubuntu2.5_amd64.deb ...
#5 2340.0 Unpacking gpg-wks-server (2.2.27-3ubuntu2.5) ...
#5 2340.0 Selecting previously unselected package gpgsm.
#5 2340.0 Preparing to unpack .../157-gpgsm_2.2.27-3ubuntu2.5_amd64.deb ...
#5 2340.0 Unpacking gpgsm (2.2.27-3ubuntu2.5) ...
#5 2340.0 Selecting previously unselected package gnupg.
#5 2340.0 Preparing to unpack .../158-gnupg_2.2.27-3ubuntu2.5_all.deb ...
#5 2340.0 Unpacking gnupg (2.2.27-3ubuntu2.5) ...
#5 2340.0 Selecting previously unselected package gyp.
#5 2340.0 Preparing to unpack .../159-gyp_0.1+20210831gitd6c5dd5-5_all.deb ...
#5 2340.0 Unpacking gyp (0.1+20210831gitd6c5dd5-5) ...
#5 2340.1 Selecting previously unselected package javascript-common.
#5 2340.1 Preparing to unpack .../160-javascript-common_11+nmu1_all.deb ...
#5 2340.1 Unpacking javascript-common (11+nmu1) ...
#5 2340.1 Selecting previously unselected package libalgorithm-diff-perl.
#5 2340.1 Preparing to unpack .../161-libalgorithm-diff-perl_1.201-1_all.deb ...
#5 2340.1 Unpacking libalgorithm-diff-perl (1.201-1) ...
#5 2340.1 Selecting previously unselected package libalgorithm-diff-xs-perl.
#5 2340.1 Preparing to unpack .../162-libalgorithm-diff-xs-perl_0.04-6build3_amd64.deb ...
#5 2340.1 Unpacking libalgorithm-diff-xs-perl (0.04-6build3) ...
#5 2340.1 Selecting previously unselected package libalgorithm-merge-perl.
#5 2340.1 Preparing to unpack .../163-libalgorithm-merge-perl_0.08-3_all.deb ...
#5 2340.1 Unpacking libalgorithm-merge-perl (0.08-3) ...
#5 2340.2 Selecting previously unselected package libatk1.0-data.
#5 2340.2 Preparing to unpack .../164-libatk1.0-data_2.36.0-3build1_all.deb ...
#5 2340.2 Unpacking libatk1.0-data (2.36.0-3build1) ...
#5 2340.2 Selecting previously unselected package libatk1.0-0:amd64.
#5 2340.2 Preparing to unpack .../165-libatk1.0-0_2.36.0-3build1_amd64.deb ...
#5 2340.2 Unpacking libatk1.0-0:amd64 (2.36.0-3build1) ...
#5 2340.2 Selecting previously unselected package libatk-bridge2.0-0:amd64.
#5 2340.2 Preparing to unpack .../166-libatk-bridge2.0-0_2.38.0-3_amd64.deb ...
#5 2340.2 Unpacking libatk-bridge2.0-0:amd64 (2.38.0-3) ...
#5 2340.2 Selecting previously unselected package libavahi-common-data:amd64.
#5 2340.2 Preparing to unpack .../167-libavahi-common-data_0.8-5ubuntu5.5_amd64.deb ...
#5 2340.2 Unpacking libavahi-common-data:amd64 (0.8-5ubuntu5.5) ...
#5 2340.2 Selecting previously unselected package libavahi-common3:amd64.
#5 2340.2 Preparing to unpack .../168-libavahi-common3_0.8-5ubuntu5.5_amd64.deb ...
#5 2340.2 Unpacking libavahi-common3:amd64 (0.8-5ubuntu5.5) ...
#5 2340.3 Selecting previously unselected package libavahi-client3:amd64.
#5 2340.3 Preparing to unpack .../169-libavahi-client3_0.8-5ubuntu5.5_amd64.deb ...
#5 2340.3 Unpacking libavahi-client3:amd64 (0.8-5ubuntu5.5) ...
#5 2340.3 Selecting previously unselected package libxpm4:amd64.
#5 2340.3 Preparing to unpack .../170-libxpm4_1%3a3.5.12-1ubuntu0.22.04.3_amd64.deb ...
#5 2340.3 Unpacking libxpm4:amd64 (1:3.5.12-1ubuntu0.22.04.3) ...
#5 2340.3 Selecting previously unselected package libgd3:amd64.
#5 2340.3 Preparing to unpack .../171-libgd3_2.3.0-2ubuntu2.3_amd64.deb ...
#5 2340.3 Unpacking libgd3:amd64 (2.3.0-2ubuntu2.3) ...
#5 2340.3 Selecting previously unselected package libc-devtools.
#5 2340.3 Preparing to unpack .../172-libc-devtools_2.35-0ubuntu3.14_amd64.deb ...
#5 2340.3 Unpacking libc-devtools (2.35-0ubuntu3.14) ...
#5 2340.3 Selecting previously unselected package libpixman-1-0:amd64.
#5 2340.3 Preparing to unpack .../173-libpixman-1-0_0.40.0-1ubuntu0.22.04.1_amd64.deb ...
#5 2340.3 Unpacking libpixman-1-0:amd64 (0.40.0-1ubuntu0.22.04.1) ...
#5 2340.4 Selecting previously unselected package libxcb-render0:amd64.
#5 2340.4 Preparing to unpack .../174-libxcb-render0_1.14-3ubuntu3_amd64.deb ...
#5 2340.4 Unpacking libxcb-render0:amd64 (1.14-3ubuntu3) ...
#5 2340.4 Selecting previously unselected package libxcb-shm0:amd64.
#5 2340.4 Preparing to unpack .../175-libxcb-shm0_1.14-3ubuntu3_amd64.deb ...
#5 2340.4 Unpacking libxcb-shm0:amd64 (1.14-3ubuntu3) ...
#5 2340.4 Selecting previously unselected package libxrender1:amd64.
#5 2340.4 Preparing to unpack .../176-libxrender1_1%3a0.9.10-1build4_amd64.deb ...
#5 2340.4 Unpacking libxrender1:amd64 (1:0.9.10-1build4) ...
#5 2340.4 Selecting previously unselected package libcairo2:amd64.
#5 2340.4 Preparing to unpack .../177-libcairo2_1.16.0-5ubuntu2.1_amd64.deb ...
#5 2340.4 Unpacking libcairo2:amd64 (1.16.0-5ubuntu2.1) ...
#5 2340.4 Selecting previously unselected package libcairo-gobject2:amd64.
#5 2340.4 Preparing to unpack .../178-libcairo-gobject2_1.16.0-5ubuntu2.1_amd64.deb ...
#5 2340.4 Unpacking libcairo-gobject2:amd64 (1.16.0-5ubuntu2.1) ...
#5 2340.4 Selecting previously unselected package libclone-perl.
#5 2340.4 Preparing to unpack .../179-libclone-perl_0.45-1build3_amd64.deb ...
#5 2340.4 Unpacking libclone-perl (0.45-1build3) ...
#5 2340.5 Selecting previously unselected package liblcms2-2:amd64.
#5 2340.5 Preparing to unpack .../180-liblcms2-2_2.12~rc1-2ubuntu0.1_amd64.deb ...
#5 2340.5 Unpacking liblcms2-2:amd64 (2.12~rc1-2ubuntu0.1) ...
#5 2340.5 Selecting previously unselected package libcolord2:amd64.
#5 2340.5 Preparing to unpack .../181-libcolord2_1.4.6-1_amd64.deb ...
#5 2340.5 Unpacking libcolord2:amd64 (1.4.6-1) ...
#5 2340.5 Selecting previously unselected package libcups2:amd64.
#5 2340.5 Preparing to unpack .../182-libcups2_2.4.1op1-1ubuntu4.21_amd64.deb ...
#5 2340.5 Unpacking libcups2:amd64 (2.4.1op1-1ubuntu4.21) ...
#5 2340.5 Selecting previously unselected package libdata-dump-perl.
#5 2340.5 Preparing to unpack .../183-libdata-dump-perl_1.25-1_all.deb ...
#5 2340.5 Unpacking libdata-dump-perl (1.25-1) ...
#5 2340.5 Selecting previously unselected package libdatrie1:amd64.
#5 2340.5 Preparing to unpack .../184-libdatrie1_0.2.13-2_amd64.deb ...
#5 2340.5 Unpacking libdatrie1:amd64 (0.2.13-2) ...
#5 2340.6 Selecting previously unselected package libdrm-amdgpu1:amd64.
#5 2340.6 Preparing to unpack .../185-libdrm-amdgpu1_2.4.113-2~ubuntu0.22.04.1_amd64.deb ...
#5 2340.6 Unpacking libdrm-amdgpu1:amd64 (2.4.113-2~ubuntu0.22.04.1) ...
#5 2340.6 Selecting previously unselected package libpciaccess0:amd64.
#5 2340.6 Preparing to unpack .../186-libpciaccess0_0.16-3_amd64.deb ...
#5 2340.6 Unpacking libpciaccess0:amd64 (0.16-3) ...
#5 2340.6 Selecting previously unselected package libdrm-intel1:amd64.
#5 2340.6 Preparing to unpack .../187-libdrm-intel1_2.4.113-2~ubuntu0.22.04.1_amd64.deb ...
#5 2340.6 Unpacking libdrm-intel1:amd64 (2.4.113-2~ubuntu0.22.04.1) ...
#5 2340.6 Selecting previously unselected package libdrm-nouveau2:amd64.
#5 2340.6 Preparing to unpack .../188-libdrm-nouveau2_2.4.113-2~ubuntu0.22.04.1_amd64.deb ...
#5 2340.6 Unpacking libdrm-nouveau2:amd64 (2.4.113-2~ubuntu0.22.04.1) ...
#5 2340.6 Selecting previously unselected package libdrm-radeon1:amd64.
#5 2340.6 Preparing to unpack .../189-libdrm-radeon1_2.4.113-2~ubuntu0.22.04.1_amd64.deb ...
#5 2340.6 Unpacking libdrm-radeon1:amd64 (2.4.113-2~ubuntu0.22.04.1) ...
#5 2340.7 Selecting previously unselected package libencode-locale-perl.
#5 2340.7 Preparing to unpack .../190-libencode-locale-perl_1.05-1.1_all.deb ...
#5 2340.7 Unpacking libencode-locale-perl (1.05-1.1) ...
#5 2340.7 Selecting previously unselected package libepoxy0:amd64.
#5 2340.7 Preparing to unpack .../191-libepoxy0_1.5.10-1_amd64.deb ...
#5 2340.7 Unpacking libepoxy0:amd64 (1.5.10-1) ...
#5 2340.7 Selecting previously unselected package libexpat1-dev:amd64.
#5 2340.7 Preparing to unpack .../192-libexpat1-dev_2.4.7-1ubuntu0.7_amd64.deb ...
#5 2340.7 Unpacking libexpat1-dev:amd64 (2.4.7-1ubuntu0.7) ...
#5 2340.7 Selecting previously unselected package libipc-system-simple-perl.
#5 2340.7 Preparing to unpack .../193-libipc-system-simple-perl_1.30-1_all.deb ...
#5 2340.7 Unpacking libipc-system-simple-perl (1.30-1) ...
#5 2340.7 Selecting previously unselected package libfile-basedir-perl.
#5 2340.7 Preparing to unpack .../194-libfile-basedir-perl_0.09-1_all.deb ...
#5 2340.8 Unpacking libfile-basedir-perl (0.09-1) ...
#5 2340.8 Selecting previously unselected package liburi-perl.
#5 2340.8 Preparing to unpack .../195-liburi-perl_5.10-1_all.deb ...
#5 2340.8 Unpacking liburi-perl (5.10-1) ...
#5 2340.8 Selecting previously unselected package libfile-desktopentry-perl.
#5 2340.8 Preparing to unpack .../196-libfile-desktopentry-perl_0.22-2_all.deb ...
#5 2340.8 Unpacking libfile-desktopentry-perl (0.22-2) ...
#5 2340.8 Selecting previously unselected package libfile-fcntllock-perl.
#5 2340.8 Preparing to unpack .../197-libfile-fcntllock-perl_0.22-3build7_amd64.deb ...
#5 2340.8 Unpacking libfile-fcntllock-perl (0.22-3build7) ...
#5 2340.8 Selecting previously unselected package libtimedate-perl.
#5 2340.8 Preparing to unpack .../198-libtimedate-perl_2.3300-2_all.deb ...
#5 2340.8 Unpacking libtimedate-perl (2.3300-2) ...
#5 2340.8 Selecting previously unselected package libhttp-date-perl.
#5 2340.8 Preparing to unpack .../199-libhttp-date-perl_6.05-1ubuntu0.1_all.deb ...
#5 2340.8 Unpacking libhttp-date-perl (6.05-1ubuntu0.1) ...
#5 2340.9 Selecting previously unselected package libfile-listing-perl.
#5 2340.9 Preparing to unpack .../200-libfile-listing-perl_6.14-1_all.deb ...
#5 2340.9 Unpacking libfile-listing-perl (6.14-1) ...
#5 2340.9 Selecting previously unselected package libfile-mimeinfo-perl.
#5 2340.9 Preparing to unpack .../201-libfile-mimeinfo-perl_0.31-1_all.deb ...
#5 2340.9 Unpacking libfile-mimeinfo-perl (0.31-1) ...
#5 2340.9 Selecting previously unselected package libfont-afm-perl.
#5 2340.9 Preparing to unpack .../202-libfont-afm-perl_1.20-3_all.deb ...
#5 2340.9 Unpacking libfont-afm-perl (1.20-3) ...
#5 2340.9 Selecting previously unselected package libfontenc1:amd64.
#5 2340.9 Preparing to unpack .../203-libfontenc1_1%3a1.1.4-1build3_amd64.deb ...
#5 2340.9 Unpacking libfontenc1:amd64 (1:1.1.4-1build3) ...
#5 2340.9 Selecting previously unselected package libgdk-pixbuf2.0-bin.
#5 2340.9 Preparing to unpack .../204-libgdk-pixbuf2.0-bin_2.42.8+dfsg-1ubuntu0.5_amd64.deb ...
#5 2340.9 Unpacking libgdk-pixbuf2.0-bin (2.42.8+dfsg-1ubuntu0.5) ...
#5 2340.9 Selecting previously unselected package libglapi-mesa:amd64.
#5 2341.0 Preparing to unpack .../205-libglapi-mesa_23.2.1-1ubuntu3.1~22.04.4_amd64.deb ...
#5 2341.0 Unpacking libglapi-mesa:amd64 (23.2.1-1ubuntu3.1~22.04.4) ...
#5 2341.0 Selecting previously unselected package libgl1-amber-dri:amd64.
#5 2341.0 Preparing to unpack .../206-libgl1-amber-dri_21.3.9-0ubuntu1~22.04.2_amd64.deb ...
#5 2341.0 Unpacking libgl1-amber-dri:amd64 (21.3.9-0ubuntu1~22.04.2) ...
#5 2341.0 Selecting previously unselected package libllvm15:amd64.
#5 2341.0 Preparing to unpack .../207-libllvm15_1%3a15.0.7-0ubuntu0.22.04.3_amd64.deb ...
#5 2341.0 Unpacking libllvm15:amd64 (1:15.0.7-0ubuntu0.22.04.3) ...
#5 2341.4 Selecting previously unselected package libsensors-config.
#5 2341.4 Preparing to unpack .../208-libsensors-config_1%3a3.6.0-7ubuntu1_all.deb ...
#5 2341.4 Unpacking libsensors-config (1:3.6.0-7ubuntu1) ...
#5 2341.4 Selecting previously unselected package libsensors5:amd64.
#5 2341.4 Preparing to unpack .../209-libsensors5_1%3a3.6.0-7ubuntu1_amd64.deb ...
#5 2341.5 Unpacking libsensors5:amd64 (1:3.6.0-7ubuntu1) ...
#5 2341.5 Selecting previously unselected package libxcb-dri3-0:amd64.
#5 2341.5 Preparing to unpack .../210-libxcb-dri3-0_1.14-3ubuntu3_amd64.deb ...
#5 2341.5 Unpacking libxcb-dri3-0:amd64 (1.14-3ubuntu3) ...
#5 2341.5 Selecting previously unselected package libgl1-mesa-dri:amd64.
#5 2341.5 Preparing to unpack .../211-libgl1-mesa-dri_23.2.1-1ubuntu3.1~22.04.4_amd64.deb ...
#5 2341.5 Unpacking libgl1-mesa-dri:amd64 (23.2.1-1ubuntu3.1~22.04.4) ...
#5 2341.7 Selecting previously unselected package libx11-xcb1:amd64.
#5 2341.7 Preparing to unpack .../212-libx11-xcb1_2%3a1.7.5-1ubuntu0.3_amd64.deb ...
#5 2341.7 Unpacking libx11-xcb1:amd64 (2:1.7.5-1ubuntu0.3) ...
#5 2341.7 Selecting previously unselected package libxcb-dri2-0:amd64.
#5 2341.7 Preparing to unpack .../213-libxcb-dri2-0_1.14-3ubuntu3_amd64.deb ...
#5 2341.7 Unpacking libxcb-dri2-0:amd64 (1.14-3ubuntu3) ...
#5 2341.7 Selecting previously unselected package libxcb-glx0:amd64.
#5 2341.7 Preparing to unpack .../214-libxcb-glx0_1.14-3ubuntu3_amd64.deb ...
#5 2341.7 Unpacking libxcb-glx0:amd64 (1.14-3ubuntu3) ...
#5 2341.7 Selecting previously unselected package libxcb-present0:amd64.
#5 2341.7 Preparing to unpack .../215-libxcb-present0_1.14-3ubuntu3_amd64.deb ...
#5 2341.7 Unpacking libxcb-present0:amd64 (1.14-3ubuntu3) ...
#5 2341.7 Selecting previously unselected package libxcb-randr0:amd64.
#5 2341.7 Preparing to unpack .../216-libxcb-randr0_1.14-3ubuntu3_amd64.deb ...
#5 2341.7 Unpacking libxcb-randr0:amd64 (1.14-3ubuntu3) ...
#5 2341.8 Selecting previously unselected package libxcb-sync1:amd64.
#5 2341.8 Preparing to unpack .../217-libxcb-sync1_1.14-3ubuntu3_amd64.deb ...
#5 2341.8 Unpacking libxcb-sync1:amd64 (1.14-3ubuntu3) ...
#5 2341.8 Selecting previously unselected package libxcb-xfixes0:amd64.
#5 2341.8 Preparing to unpack .../218-libxcb-xfixes0_1.14-3ubuntu3_amd64.deb ...
#5 2341.8 Unpacking libxcb-xfixes0:amd64 (1.14-3ubuntu3) ...
#5 2341.9 Selecting previously unselected package libxfixes3:amd64.
#5 2341.9 Preparing to unpack .../219-libxfixes3_1%3a6.0.0-1_amd64.deb ...
#5 2341.9 Unpacking libxfixes3:amd64 (1:6.0.0-1) ...
#5 2341.9 Selecting previously unselected package libxshmfence1:amd64.
#5 2341.9 Preparing to unpack .../220-libxshmfence1_1.3-1build4_amd64.deb ...
#5 2341.9 Unpacking libxshmfence1:amd64 (1.3-1build4) ...
#5 2341.9 Selecting previously unselected package libxxf86vm1:amd64.
#5 2341.9 Preparing to unpack .../221-libxxf86vm1_1%3a1.1.4-1build3_amd64.deb ...
#5 2341.9 Unpacking libxxf86vm1:amd64 (1:1.1.4-1build3) ...
#5 2342.0 Selecting previously unselected package libglx-mesa0:amd64.
#5 2342.0 Preparing to unpack .../222-libglx-mesa0_23.2.1-1ubuntu3.1~22.04.4_amd64.deb ...
#5 2342.0 Unpacking libglx-mesa0:amd64 (23.2.1-1ubuntu3.1~22.04.4) ...
#5 2342.0 Selecting previously unselected package libgpm2:amd64.
#5 2342.0 Preparing to unpack .../223-libgpm2_1.20.7-10build1_amd64.deb ...
#5 2342.0 Unpacking libgpm2:amd64 (1.20.7-10build1) ...
#5 2342.0 Selecting previously unselected package libgraphite2-3:amd64.
#5 2342.0 Preparing to unpack .../224-libgraphite2-3_1.3.14-1ubuntu0.1_amd64.deb ...
#5 2342.0 Unpacking libgraphite2-3:amd64 (1.3.14-1ubuntu0.1) ...
#5 2342.0 Selecting previously unselected package libharfbuzz0b:amd64.
#5 2342.0 Preparing to unpack .../225-libharfbuzz0b_2.7.4-1ubuntu3.2_amd64.deb ...
#5 2342.0 Unpacking libharfbuzz0b:amd64 (2.7.4-1ubuntu3.2) ...
#5 2342.1 Selecting previously unselected package libthai-data.
#5 2342.1 Preparing to unpack .../226-libthai-data_0.1.29-1build1_all.deb ...
#5 2342.1 Unpacking libthai-data (0.1.29-1build1) ...
#5 2342.1 Selecting previously unselected package libthai0:amd64.
#5 2342.1 Preparing to unpack .../227-libthai0_0.1.29-1build1_amd64.deb ...
#5 2342.1 Unpacking libthai0:amd64 (0.1.29-1build1) ...
#5 2342.1 Selecting previously unselected package libpango-1.0-0:amd64.
#5 2342.1 Preparing to unpack .../228-libpango-1.0-0_1.50.6+ds-2ubuntu1_amd64.deb ...
#5 2342.1 Unpacking libpango-1.0-0:amd64 (1.50.6+ds-2ubuntu1) ...
#5 2342.1 Selecting previously unselected package libpangoft2-1.0-0:amd64.
#5 2342.1 Preparing to unpack .../229-libpangoft2-1.0-0_1.50.6+ds-2ubuntu1_amd64.deb ...
#5 2342.1 Unpacking libpangoft2-1.0-0:amd64 (1.50.6+ds-2ubuntu1) ...
#5 2342.1 Selecting previously unselected package libpangocairo-1.0-0:amd64.
#5 2342.1 Preparing to unpack .../230-libpangocairo-1.0-0_1.50.6+ds-2ubuntu1_amd64.deb ...
#5 2342.1 Unpacking libpangocairo-1.0-0:amd64 (1.50.6+ds-2ubuntu1) ...
#5 2342.2 Selecting previously unselected package libwayland-client0:amd64.
#5 2342.2 Preparing to unpack .../231-libwayland-client0_1.20.0-1ubuntu0.1_amd64.deb ...
#5 2342.2 Unpacking libwayland-client0:amd64 (1.20.0-1ubuntu0.1) ...
#5 2342.2 Selecting previously unselected package libwayland-cursor0:amd64.
#5 2342.2 Preparing to unpack .../232-libwayland-cursor0_1.20.0-1ubuntu0.1_amd64.deb ...
#5 2342.2 Unpacking libwayland-cursor0:amd64 (1.20.0-1ubuntu0.1) ...
#5 2342.2 Selecting previously unselected package libwayland-egl1:amd64.
#5 2342.2 Preparing to unpack .../233-libwayland-egl1_1.20.0-1ubuntu0.1_amd64.deb ...
#5 2342.2 Unpacking libwayland-egl1:amd64 (1.20.0-1ubuntu0.1) ...
#5 2342.2 Selecting previously unselected package libxcomposite1:amd64.
#5 2342.2 Preparing to unpack .../234-libxcomposite1_1%3a0.4.5-1build2_amd64.deb ...
#5 2342.2 Unpacking libxcomposite1:amd64 (1:0.4.5-1build2) ...
#5 2342.2 Selecting previously unselected package libxcursor1:amd64.
#5 2342.2 Preparing to unpack .../235-libxcursor1_1%3a1.2.0-2build4_amd64.deb ...
#5 2342.2 Unpacking libxcursor1:amd64 (1:1.2.0-2build4) ...
#5 2342.3 Selecting previously unselected package libxdamage1:amd64.
#5 2342.3 Preparing to unpack .../236-libxdamage1_1%3a1.1.5-2build2_amd64.deb ...
#5 2342.3 Unpacking libxdamage1:amd64 (1:1.1.5-2build2) ...
#5 2342.3 Selecting previously unselected package libxinerama1:amd64.
#5 2342.3 Preparing to unpack .../237-libxinerama1_2%3a1.1.4-3_amd64.deb ...
#5 2342.3 Unpacking libxinerama1:amd64 (2:1.1.4-3) ...
#5 2342.3 Selecting previously unselected package libxkbcommon0:amd64.
#5 2342.3 Preparing to unpack .../238-libxkbcommon0_1.4.0-1_amd64.deb ...
#5 2342.3 Unpacking libxkbcommon0:amd64 (1.4.0-1) ...
#5 2342.3 Selecting previously unselected package libxrandr2:amd64.
#5 2342.3 Preparing to unpack .../239-libxrandr2_2%3a1.5.2-1build1_amd64.deb ...
#5 2342.3 Unpacking libxrandr2:amd64 (2:1.5.2-1build1) ...
#5 2342.3 Selecting previously unselected package libgtk-3-common.
#5 2342.3 Preparing to unpack .../240-libgtk-3-common_3.24.33-1ubuntu2.2_all.deb ...
#5 2342.3 Unpacking libgtk-3-common (3.24.33-1ubuntu2.2) ...
#5 2342.3 Selecting previously unselected package libgtk-3-0:amd64.
#5 2342.4 Preparing to unpack .../241-libgtk-3-0_3.24.33-1ubuntu2.2_amd64.deb ...
#5 2342.4 Unpacking libgtk-3-0:amd64 (3.24.33-1ubuntu2.2) ...
#5 2342.4 Selecting previously unselected package libgtk-3-bin.
#5 2342.4 Preparing to unpack .../242-libgtk-3-bin_3.24.33-1ubuntu2.2_amd64.deb ...
#5 2342.4 Unpacking libgtk-3-bin (3.24.33-1ubuntu2.2) ...
#5 2342.4 Selecting previously unselected package librsvg2-2:amd64.
#5 2342.4 Preparing to unpack .../243-librsvg2-2_2.52.5+dfsg-3ubuntu0.2_amd64.deb ...
#5 2342.4 Unpacking librsvg2-2:amd64 (2.52.5+dfsg-3ubuntu0.2) ...
#5 2342.5 Selecting previously unselected package libllvm11:amd64.
#5 2342.5 Preparing to unpack .../244-libllvm11_1%3a11.1.0-6_amd64.deb ...
#5 2342.5 Unpacking libllvm11:amd64 (1:11.1.0-6) ...
#5 2342.8 Selecting previously unselected package libphobos2-ldc-shared98:amd64.
#5 2342.8 Preparing to unpack .../245-libphobos2-ldc-shared98_1%3a1.28.0-1ubuntu1_amd64.deb ...
#5 2342.8 Unpacking libphobos2-ldc-shared98:amd64 (1:1.28.0-1ubuntu1) ...
#5 2342.8 Selecting previously unselected package libgtkd-3-0:amd64.
#5 2342.8 Preparing to unpack .../246-libgtkd-3-0_3.10.0-1ubuntu1_amd64.deb ...
#5 2342.8 Unpacking libgtkd-3-0:amd64 (3.10.0-1ubuntu1) ...
#5 2342.9 Selecting previously unselected package libhtml-tagset-perl.
#5 2342.9 Preparing to unpack .../247-libhtml-tagset-perl_3.20-4_all.deb ...
#5 2342.9 Unpacking libhtml-tagset-perl (3.20-4) ...
#5 2342.9 Selecting previously unselected package libhtml-parser-perl:amd64.
#5 2342.9 Preparing to unpack .../248-libhtml-parser-perl_3.76-1ubuntu0.1_amd64.deb ...
#5 2342.9 Unpacking libhtml-parser-perl:amd64 (3.76-1ubuntu0.1) ...
#5 2342.9 Selecting previously unselected package libio-html-perl.
#5 2342.9 Preparing to unpack .../249-libio-html-perl_1.004-2_all.deb ...
#5 2342.9 Unpacking libio-html-perl (1.004-2) ...
#5 2342.9 Selecting previously unselected package liblwp-mediatypes-perl.
#5 2342.9 Preparing to unpack .../250-liblwp-mediatypes-perl_6.04-1_all.deb ...
#5 2342.9 Unpacking liblwp-mediatypes-perl (6.04-1) ...
#5 2343.0 Selecting previously unselected package libhttp-message-perl.
#5 2343.0 Preparing to unpack .../251-libhttp-message-perl_6.36-1_all.deb ...
#5 2343.0 Unpacking libhttp-message-perl (6.36-1) ...
#5 2343.0 Selecting previously unselected package libhtml-form-perl.
#5 2343.0 Preparing to unpack .../252-libhtml-form-perl_6.07-1_all.deb ...
#5 2343.0 Unpacking libhtml-form-perl (6.07-1) ...
#5 2343.0 Selecting previously unselected package libhtml-tree-perl.
#5 2343.0 Preparing to unpack .../253-libhtml-tree-perl_5.07-2_all.deb ...
#5 2343.0 Unpacking libhtml-tree-perl (5.07-2) ...
#5 2343.0 Selecting previously unselected package libhtml-format-perl.
#5 2343.0 Preparing to unpack .../254-libhtml-format-perl_2.12-1.1_all.deb ...
#5 2343.0 Unpacking libhtml-format-perl (2.12-1.1) ...
#5 2343.1 Selecting previously unselected package libhttp-cookies-perl.
#5 2343.1 Preparing to unpack .../255-libhttp-cookies-perl_6.10-1_all.deb ...
#5 2343.1 Unpacking libhttp-cookies-perl (6.10-1) ...
#5 2343.1 Selecting previously unselected package libhttp-daemon-perl.
#5 2343.1 Preparing to unpack .../256-libhttp-daemon-perl_6.13-1ubuntu0.2_all.deb ...
#5 2343.1 Unpacking libhttp-daemon-perl (6.13-1ubuntu0.2) ...
#5 2343.1 Selecting previously unselected package libhttp-negotiate-perl.
#5 2343.1 Preparing to unpack .../257-libhttp-negotiate-perl_6.01-1_all.deb ...
#5 2343.1 Unpacking libhttp-negotiate-perl (6.01-1) ...
#5 2343.1 Selecting previously unselected package libice6:amd64.
#5 2343.1 Preparing to unpack .../258-libice6_2%3a1.0.10-1build2_amd64.deb ...
#5 2343.1 Unpacking libice6:amd64 (2:1.0.10-1build2) ...
#5 2343.1 Selecting previously unselected package perl-openssl-defaults:amd64.
#5 2343.1 Preparing to unpack .../259-perl-openssl-defaults_5build2_amd64.deb ...
#5 2343.1 Unpacking perl-openssl-defaults:amd64 (5build2) ...
#5 2343.1 Selecting previously unselected package libnet-ssleay-perl:amd64.
#5 2343.1 Preparing to unpack .../260-libnet-ssleay-perl_1.92-1build2_amd64.deb ...
#5 2343.1 Unpacking libnet-ssleay-perl:amd64 (1.92-1build2) ...
#5 2343.2 Selecting previously unselected package libio-socket-ssl-perl.
#5 2343.2 Preparing to unpack .../261-libio-socket-ssl-perl_2.074-2_all.deb ...
#5 2343.2 Unpacking libio-socket-ssl-perl (2.074-2) ...
#5 2343.2 Selecting previously unselected package libio-stringy-perl.
#5 2343.2 Preparing to unpack .../262-libio-stringy-perl_2.111-3_all.deb ...
#5 2343.2 Unpacking libio-stringy-perl (2.111-3) ...
#5 2343.2 Selecting previously unselected package libjs-events.
#5 2343.2 Preparing to unpack .../263-libjs-events_3.3.0+~3.0.0-2_all.deb ...
#5 2343.2 Unpacking libjs-events (3.3.0+~3.0.0-2) ...
#5 2343.3 Selecting previously unselected package libjs-highlight.js.
#5 2343.3 Preparing to unpack .../264-libjs-highlight.js_9.18.5+dfsg1-1_all.deb ...
#5 2343.3 Unpacking libjs-highlight.js (9.18.5+dfsg1-1) ...
#5 2343.3 Selecting previously unselected package libjs-is-typedarray.
#5 2343.3 Preparing to unpack .../265-libjs-is-typedarray_1.0.0-4_all.deb ...
#5 2343.3 Unpacking libjs-is-typedarray (1.0.0-4) ...
#5 2343.3 Selecting previously unselected package libjs-jquery.
#5 2343.3 Preparing to unpack .../266-libjs-jquery_3.6.0+dfsg+~3.5.13-1_all.deb ...
#5 2343.3 Unpacking libjs-jquery (3.6.0+dfsg+~3.5.13-1) ...
#5 2343.4 Selecting previously unselected package libjs-psl.
#5 2343.4 Preparing to unpack .../267-libjs-psl_1.8.0+ds-6_all.deb ...
#5 2343.4 Unpacking libjs-psl (1.8.0+ds-6) ...
#5 2343.4 Selecting previously unselected package libjs-underscore.
#5 2343.4 Preparing to unpack .../268-libjs-underscore_1.13.2~dfsg-2_all.deb ...
#5 2343.4 Unpacking libjs-underscore (1.13.2~dfsg-2) ...
#5 2343.4 Selecting previously unselected package libjs-sphinxdoc.
#5 2343.4 Preparing to unpack .../269-libjs-sphinxdoc_4.3.2-1_all.deb ...
#5 2343.4 Unpacking libjs-sphinxdoc (4.3.2-1) ...
#5 2343.4 Selecting previously unselected package libjs-sprintf-js.
#5 2343.4 Preparing to unpack .../270-libjs-sprintf-js_1.1.2+ds1+~1.1.2-1_all.deb ...
#5 2343.4 Unpacking libjs-sprintf-js (1.1.2+ds1+~1.1.2-1) ...
#5 2343.5 Selecting previously unselected package libjs-typedarray-to-buffer.
#5 2343.5 Preparing to unpack .../271-libjs-typedarray-to-buffer_4.0.0-2_all.deb ...
#5 2343.5 Unpacking libjs-typedarray-to-buffer (4.0.0-2) ...
#5 2343.5 Selecting previously unselected package libldap-common.
#5 2343.5 Preparing to unpack .../272-libldap-common_2.5.20+dfsg-0ubuntu0.22.04.1_all.deb ...
#5 2343.5 Unpacking libldap-common (2.5.20+dfsg-0ubuntu0.22.04.1) ...
#5 2343.5 Selecting previously unselected package libnet-http-perl.
#5 2343.5 Preparing to unpack .../273-libnet-http-perl_6.22-1_all.deb ...
#5 2343.5 Unpacking libnet-http-perl (6.22-1) ...
#5 2343.5 Selecting previously unselected package libtry-tiny-perl.
#5 2343.5 Preparing to unpack .../274-libtry-tiny-perl_0.31-1_all.deb ...
#5 2343.5 Unpacking libtry-tiny-perl (0.31-1) ...
#5 2343.5 Selecting previously unselected package libwww-robotrules-perl.
#5 2343.5 Preparing to unpack .../275-libwww-robotrules-perl_6.02-1_all.deb ...
#5 2343.5 Unpacking libwww-robotrules-perl (6.02-1) ...
#5 2343.5 Selecting previously unselected package libwww-perl.
#5 2343.6 Preparing to unpack .../276-libwww-perl_6.61-1ubuntu0.1_all.deb ...
#5 2343.6 Unpacking libwww-perl (6.61-1ubuntu0.1) ...
#5 2343.6 Selecting previously unselected package liblwp-protocol-https-perl.
#5 2343.6 Preparing to unpack .../277-liblwp-protocol-https-perl_6.10-1_all.deb ...
#5 2343.6 Unpacking liblwp-protocol-https-perl (6.10-1) ...
#5 2343.6 Selecting previously unselected package libnet-smtp-ssl-perl.
#5 2343.6 Preparing to unpack .../278-libnet-smtp-ssl-perl_1.04-1_all.deb ...
#5 2343.6 Unpacking libnet-smtp-ssl-perl (1.04-1) ...
#5 2343.6 Selecting previously unselected package libmailtools-perl.
#5 2343.6 Preparing to unpack .../279-libmailtools-perl_2.21-1_all.deb ...
#5 2343.6 Unpacking libmailtools-perl (2.21-1) ...
#5 2343.6 Selecting previously unselected package libxml-parser-perl:amd64.
#5 2343.6 Preparing to unpack .../280-libxml-parser-perl_2.46-3ubuntu0.1_amd64.deb ...
#5 2343.6 Unpacking libxml-parser-perl:amd64 (2.46-3ubuntu0.1) ...
#5 2343.7 Selecting previously unselected package libxml-twig-perl.
#5 2343.7 Preparing to unpack .../281-libxml-twig-perl_1%3a3.52-1_all.deb ...
#5 2343.7 Unpacking libxml-twig-perl (1:3.52-1) ...
#5 2343.7 Selecting previously unselected package libnet-dbus-perl.
#5 2343.7 Preparing to unpack .../282-libnet-dbus-perl_1.2.0-1build3_amd64.deb ...
#5 2343.7 Unpacking libnet-dbus-perl (1.2.0-1build3) ...
#5 2343.7 Selecting previously unselected package libssl-dev:amd64.
#5 2343.7 Preparing to unpack .../283-libssl-dev_3.0.2-0ubuntu1.26_amd64.deb ...
#5 2343.7 Unpacking libssl-dev:amd64 (3.0.2-0ubuntu1.26) ...
#5 2343.8 Selecting previously unselected package libuv1-dev:amd64.
#5 2343.8 Preparing to unpack .../284-libuv1-dev_1.43.0-1ubuntu0.1_amd64.deb ...
#5 2343.8 Unpacking libuv1-dev:amd64 (1.43.0-1ubuntu0.1) ...
#5 2343.8 Selecting previously unselected package libc-ares2:amd64.
#5 2343.8 Preparing to unpack .../285-libc-ares2_1.18.1-1ubuntu0.22.04.3_amd64.deb ...
#5 2343.8 Unpacking libc-ares2:amd64 (1.18.1-1ubuntu0.22.04.3) ...
#5 2343.8 Selecting previously unselected package libnode72:amd64.
#5 2343.8 Preparing to unpack .../286-libnode72_12.22.9~dfsg-1ubuntu3.6_amd64.deb ...
#5 2343.8 Unpacking libnode72:amd64 (12.22.9~dfsg-1ubuntu3.6) ...
#5 2344.0 Selecting previously unselected package libnode-dev.
#5 2344.0 Preparing to unpack .../287-libnode-dev_12.22.9~dfsg-1ubuntu3.6_amd64.deb ...
#5 2344.0 Unpacking libnode-dev (12.22.9~dfsg-1ubuntu3.6) ...
#5 2344.1 Selecting previously unselected package libnotify4:amd64.
#5 2344.1 Preparing to unpack .../288-libnotify4_0.7.9-3ubuntu5.22.04.1_amd64.deb ...
#5 2344.1 Unpacking libnotify4:amd64 (0.7.9-3ubuntu5.22.04.1) ...
#5 2344.2 Selecting previously unselected package libnotify-bin.
#5 2344.2 Preparing to unpack .../289-libnotify-bin_0.7.9-3ubuntu5.22.04.1_amd64.deb ...
#5 2344.2 Unpacking libnotify-bin (0.7.9-3ubuntu5.22.04.1) ...
#5 2344.2 Selecting previously unselected package libpython3.10:amd64.
#5 2344.2 Preparing to unpack .../290-libpython3.10_3.10.12-1~22.04.16_amd64.deb ...
#5 2344.2 Unpacking libpython3.10:amd64 (3.10.12-1~22.04.16) ...
#5 2344.2 Selecting previously unselected package zlib1g-dev:amd64.
#5 2344.2 Preparing to unpack .../291-zlib1g-dev_1%3a1.2.11.dfsg-2ubuntu9.2_amd64.deb ...
#5 2344.2 Unpacking zlib1g-dev:amd64 (1:1.2.11.dfsg-2ubuntu9.2) ...
#5 2344.3 Selecting previously unselected package libpython3.10-dev:amd64.
#5 2344.3 Preparing to unpack .../292-libpython3.10-dev_3.10.12-1~22.04.16_amd64.deb ...
#5 2344.3 Unpacking libpython3.10-dev:amd64 (3.10.12-1~22.04.16) ...
#5 2344.4 Selecting previously unselected package libpython3-dev:amd64.
#5 2344.4 Preparing to unpack .../293-libpython3-dev_3.10.6-1~22.04.1_amd64.deb ...
#5 2344.4 Unpacking libpython3-dev:amd64 (3.10.6-1~22.04.1) ...
#5 2344.4 Selecting previously unselected package librsvg2-common:amd64.
#5 2344.4 Preparing to unpack .../294-librsvg2-common_2.52.5+dfsg-3ubuntu0.2_amd64.deb ...
#5 2344.4 Unpacking librsvg2-common:amd64 (2.52.5+dfsg-3ubuntu0.2) ...
#5 2344.4 Selecting previously unselected package libsasl2-modules:amd64.
#5 2344.4 Preparing to unpack .../295-libsasl2-modules_2.1.27+dfsg2-3ubuntu1.2_amd64.deb ...
#5 2344.4 Unpacking libsasl2-modules:amd64 (2.1.27+dfsg2-3ubuntu1.2) ...
#5 2344.4 Selecting previously unselected package libsm6:amd64.
#5 2344.4 Preparing to unpack .../296-libsm6_2%3a1.2.3-1build2_amd64.deb ...
#5 2344.4 Unpacking libsm6:amd64 (2:1.2.3-1build2) ...
#5 2344.5 Selecting previously unselected package libsodium23:amd64.
#5 2344.5 Preparing to unpack .../297-libsodium23_1.0.18-1ubuntu0.22.04.1_amd64.deb ...
#5 2344.5 Unpacking libsodium23:amd64 (1.0.18-1ubuntu0.22.04.1) ...
#5 2344.5 Selecting previously unselected package libtie-ixhash-perl.
#5 2344.5 Preparing to unpack .../298-libtie-ixhash-perl_1.23-2.1_all.deb ...
#5 2344.5 Unpacking libtie-ixhash-perl (1.23-2.1) ...
#5 2344.5 Selecting previously unselected package libunwind8:amd64.
#5 2344.5 Preparing to unpack .../299-libunwind8_1.3.2-2build2.1_amd64.deb ...
#5 2344.5 Unpacking libunwind8:amd64 (1.3.2-2build2.1) ...
#5 2344.5 Selecting previously unselected package libvte-2.91-common.
#5 2344.5 Preparing to unpack .../300-libvte-2.91-common_0.68.0-1ubuntu0.1_amd64.deb ...
#5 2344.5 Unpacking libvte-2.91-common (0.68.0-1ubuntu0.1) ...
#5 2344.6 Selecting previously unselected package libvte-2.91-0:amd64.
#5 2344.6 Preparing to unpack .../301-libvte-2.91-0_0.68.0-1ubuntu0.1_amd64.deb ...
#5 2344.6 Unpacking libvte-2.91-0:amd64 (0.68.0-1ubuntu0.1) ...
#5 2344.6 Selecting previously unselected package libvted-3-0:amd64.
#5 2344.6 Preparing to unpack .../302-libvted-3-0_3.10.0-1ubuntu1_amd64.deb ...
#5 2344.6 Unpacking libvted-3-0:amd64 (3.10.0-1ubuntu1) ...
#5 2344.6 Selecting previously unselected package libx11-protocol-perl.
#5 2344.6 Preparing to unpack .../303-libx11-protocol-perl_0.56-7.1_all.deb ...
#5 2344.6 Unpacking libx11-protocol-perl (0.56-7.1) ...
#5 2344.6 Selecting previously unselected package libxt6:amd64.
#5 2344.7 Preparing to unpack .../304-libxt6_1%3a1.2.1-1_amd64.deb ...
#5 2344.7 Unpacking libxt6:amd64 (1:1.2.1-1) ...
#5 2344.7 Selecting previously unselected package libxmu6:amd64.
#5 2344.7 Preparing to unpack .../305-libxmu6_2%3a1.1.3-3_amd64.deb ...
#5 2344.7 Unpacking libxmu6:amd64 (2:1.1.3-3) ...
#5 2344.7 Selecting previously unselected package libxaw7:amd64.
#5 2344.7 Preparing to unpack .../306-libxaw7_2%3a1.0.14-1_amd64.deb ...
#5 2344.7 Unpacking libxaw7:amd64 (2:1.0.14-1) ...
#5 2344.7 Selecting previously unselected package libxcb-shape0:amd64.
#5 2344.7 Preparing to unpack .../307-libxcb-shape0_1.14-3ubuntu3_amd64.deb ...
#5 2344.7 Unpacking libxcb-shape0:amd64 (1.14-3ubuntu3) ...
#5 2344.7 Selecting previously unselected package libxft2:amd64.
#5 2344.7 Preparing to unpack .../308-libxft2_2.3.4-1_amd64.deb ...
#5 2344.7 Unpacking libxft2:amd64 (2.3.4-1) ...
#5 2344.8 Selecting previously unselected package libxkbfile1:amd64.
#5 2344.8 Preparing to unpack .../309-libxkbfile1_1%3a1.1.0-1build3_amd64.deb ...
#5 2344.8 Unpacking libxkbfile1:amd64 (1:1.1.0-1build3) ...
#5 2344.8 Selecting previously unselected package libxml-xpathengine-perl.
#5 2344.8 Preparing to unpack .../310-libxml-xpathengine-perl_0.14-1_all.deb ...
#5 2344.8 Unpacking libxml-xpathengine-perl (0.14-1) ...
#5 2344.8 Selecting previously unselected package libxv1:amd64.
#5 2344.8 Preparing to unpack .../311-libxv1_2%3a1.0.11-1build2_amd64.deb ...
#5 2344.8 Unpacking libxv1:amd64 (2:1.0.11-1build2) ...
#5 2344.8 Selecting previously unselected package libxxf86dga1:amd64.
#5 2344.8 Preparing to unpack .../312-libxxf86dga1_2%3a1.1.5-0ubuntu3_amd64.deb ...
#5 2344.8 Unpacking libxxf86dga1:amd64 (2:1.1.5-0ubuntu3) ...
#5 2344.9 Selecting previously unselected package manpages-dev.
#5 2344.9 Preparing to unpack .../313-manpages-dev_5.10-1ubuntu1_all.deb ...
#5 2344.9 Unpacking manpages-dev (5.10-1ubuntu1) ...
#5 2345.1 Selecting previously unselected package nodejs.
#5 2345.1 Preparing to unpack .../314-nodejs_12.22.9~dfsg-1ubuntu3.6_amd64.deb ...
#5 2345.1 Unpacking nodejs (12.22.9~dfsg-1ubuntu3.6) ...
#5 2345.1 Selecting previously unselected package node-abab.
#5 2345.1 Preparing to unpack .../315-node-abab_2.0.5-2_all.deb ...
#5 2345.1 Unpacking node-abab (2.0.5-2) ...
#5 2345.1 Selecting previously unselected package node-ms.
#5 2345.1 Preparing to unpack .../316-node-ms_2.1.3+~cs0.7.31-2_all.deb ...
#5 2345.1 Unpacking node-ms (2.1.3+~cs0.7.31-2) ...
#5 2345.1 Selecting previously unselected package node-debug.
#5 2345.1 Preparing to unpack .../317-node-debug_4.3.2+~cs4.1.7-1_all.deb ...
#5 2345.1 Unpacking node-debug (4.3.2+~cs4.1.7-1) ...
#5 2345.2 Selecting previously unselected package node-yallist.
#5 2345.2 Preparing to unpack .../318-node-yallist_4.0.0+~4.0.1-1_all.deb ...
#5 2345.2 Unpacking node-yallist (4.0.0+~4.0.1-1) ...
#5 2345.2 Selecting previously unselected package node-lru-cache.
#5 2345.2 Preparing to unpack .../319-node-lru-cache_6.0.0+~5.1.1-1_all.deb ...
#5 2345.2 Unpacking node-lru-cache (6.0.0+~5.1.1-1) ...
#5 2345.2 Selecting previously unselected package node-semver.
#5 2345.2 Preparing to unpack .../320-node-semver_7.3.5+~7.3.8-1_all.deb ...
#5 2345.2 Unpacking node-semver (7.3.5+~7.3.8-1) ...
#5 2345.2 Selecting previously unselected package node-agent-base.
#5 2345.2 Preparing to unpack .../321-node-agent-base_6.0.2+~cs5.4.2-1_all.deb ...
#5 2345.2 Unpacking node-agent-base (6.0.2+~cs5.4.2-1) ...
#5 2345.2 Selecting previously unselected package node-ansi-regex.
#5 2345.3 Preparing to unpack .../322-node-ansi-regex_5.0.1-1_all.deb ...
#5 2345.3 Unpacking node-ansi-regex (5.0.1-1) ...
#5 2345.3 Selecting previously unselected package node-ansistyles.
#5 2345.3 Preparing to unpack .../323-node-ansistyles_0.1.3-5_all.deb ...
#5 2345.3 Unpacking node-ansistyles (0.1.3-5) ...
#5 2345.3 Selecting previously unselected package node-aproba.
#5 2345.3 Preparing to unpack .../324-node-aproba_2.0.0-2_all.deb ...
#5 2345.3 Unpacking node-aproba (2.0.0-2) ...
#5 2345.3 Selecting previously unselected package node-delegates.
#5 2345.3 Preparing to unpack .../325-node-delegates_1.0.0-3_all.deb ...
#5 2345.3 Unpacking node-delegates (1.0.0-3) ...
#5 2345.3 Selecting previously unselected package libjs-inherits.
#5 2345.3 Preparing to unpack .../326-libjs-inherits_2.0.4-4_all.deb ...
#5 2345.3 Unpacking libjs-inherits (2.0.4-4) ...
#5 2345.3 Selecting previously unselected package node-inherits.
#5 2345.3 Preparing to unpack .../327-node-inherits_2.0.4-4_all.deb ...
#5 2345.3 Unpacking node-inherits (2.0.4-4) ...
#5 2345.4 Selecting previously unselected package node-core-util-is.
#5 2345.4 Preparing to unpack .../328-node-core-util-is_1.0.3-1_all.deb ...
#5 2345.4 Unpacking node-core-util-is (1.0.3-1) ...
#5 2345.4 Selecting previously unselected package node-safe-buffer.
#5 2345.4 Preparing to unpack .../329-node-safe-buffer_5.2.1+~cs2.1.2-2_all.deb ...
#5 2345.4 Unpacking node-safe-buffer (5.2.1+~cs2.1.2-2) ...
#5 2345.4 Selecting previously unselected package node-string-decoder.
#5 2345.4 Preparing to unpack .../330-node-string-decoder_1.3.0-5_all.deb ...
#5 2345.4 Unpacking node-string-decoder (1.3.0-5) ...
#5 2345.4 Selecting previously unselected package node-process-nextick-args.
#5 2345.4 Preparing to unpack .../331-node-process-nextick-args_2.0.1-2_all.deb ...
#5 2345.4 Unpacking node-process-nextick-args (2.0.1-2) ...
#5 2345.4 Selecting previously unselected package node-util-deprecate.
#5 2345.4 Preparing to unpack .../332-node-util-deprecate_1.0.2-3_all.deb ...
#5 2345.4 Unpacking node-util-deprecate (1.0.2-3) ...
#5 2345.5 Selecting previously unselected package node-isarray.
#5 2345.5 Preparing to unpack .../333-node-isarray_2.0.5-3_all.deb ...
#5 2345.5 Unpacking node-isarray (2.0.5-3) ...
#5 2345.5 Selecting previously unselected package node-readable-stream.
#5 2345.5 Preparing to unpack .../334-node-readable-stream_3.6.0+~cs3.0.0-1_all.deb ...
#5 2345.5 Unpacking node-readable-stream (3.6.0+~cs3.0.0-1) ...
#5 2345.5 Selecting previously unselected package node-are-we-there-yet.
#5 2345.5 Preparing to unpack .../335-node-are-we-there-yet_3.0.0+~1.1.0-1_all.deb ...
#5 2345.5 Unpacking node-are-we-there-yet (3.0.0+~1.1.0-1) ...
#5 2345.5 Selecting previously unselected package node-arrify.
#5 2345.5 Preparing to unpack .../336-node-arrify_2.0.1-2_all.deb ...
#5 2345.5 Unpacking node-arrify (2.0.1-2) ...
#5 2345.6 Selecting previously unselected package node-asap.
#5 2345.6 Preparing to unpack .../337-node-asap_2.0.6+~2.0.0-1_all.deb ...
#5 2345.6 Unpacking node-asap (2.0.6+~2.0.0-1) ...
#5 2345.6 Selecting previously unselected package node-asynckit.
#5 2345.6 Preparing to unpack .../338-node-asynckit_0.4.0-4_all.deb ...
#5 2345.6 Unpacking node-asynckit (0.4.0-4) ...
#5 2345.6 Selecting previously unselected package node-builtins.
#5 2345.6 Preparing to unpack .../339-node-builtins_4.0.0-1_all.deb ...
#5 2345.6 Unpacking node-builtins (4.0.0-1) ...
#5 2345.6 Selecting previously unselected package node-chownr.
#5 2345.6 Preparing to unpack .../340-node-chownr_2.0.0-1_all.deb ...
#5 2345.6 Unpacking node-chownr (2.0.0-1) ...
#5 2345.7 Selecting previously unselected package node-fs.realpath.
#5 2345.7 Preparing to unpack .../341-node-fs.realpath_1.0.0-2_all.deb ...
#5 2345.7 Unpacking node-fs.realpath (1.0.0-2) ...
#5 2345.7 Selecting previously unselected package node-wrappy.
#5 2345.7 Preparing to unpack .../342-node-wrappy_1.0.2-2_all.deb ...
#5 2345.7 Unpacking node-wrappy (1.0.2-2) ...
#5 2345.7 Selecting previously unselected package node-once.
#5 2345.7 Preparing to unpack .../343-node-once_1.4.0-4_all.deb ...
#5 2345.7 Unpacking node-once (1.4.0-4) ...
#5 2345.7 Selecting previously unselected package node-inflight.
#5 2345.7 Preparing to unpack .../344-node-inflight_1.0.6-2_all.deb ...
#5 2345.7 Unpacking node-inflight (1.0.6-2) ...
#5 2345.7 Selecting previously unselected package node-balanced-match.
#5 2345.7 Preparing to unpack .../345-node-balanced-match_2.0.0-1_all.deb ...
#5 2345.7 Unpacking node-balanced-match (2.0.0-1) ...
#5 2345.8 Selecting previously unselected package node-brace-expansion.
#5 2345.8 Preparing to unpack .../346-node-brace-expansion_2.0.1-1_all.deb ...
#5 2345.8 Unpacking node-brace-expansion (2.0.1-1) ...
#5 2345.8 Selecting previously unselected package node-minimatch.
#5 2345.8 Preparing to unpack .../347-node-minimatch_3.1.1+~3.0.5-1_all.deb ...
#5 2345.8 Unpacking node-minimatch (3.1.1+~3.0.5-1) ...
#5 2345.8 Selecting previously unselected package node-path-is-absolute.
#5 2345.8 Preparing to unpack .../348-node-path-is-absolute_2.0.0-2_all.deb ...
#5 2345.8 Unpacking node-path-is-absolute (2.0.0-2) ...
#5 2345.8 Selecting previously unselected package node-glob.
#5 2345.8 Preparing to unpack .../349-node-glob_7.2.1+~cs7.6.15-1_all.deb ...
#5 2345.8 Unpacking node-glob (7.2.1+~cs7.6.15-1) ...
#5 2345.8 Selecting previously unselected package node-graceful-fs.
#5 2345.8 Preparing to unpack .../350-node-graceful-fs_4.2.4+repack-1_all.deb ...
#5 2345.8 Unpacking node-graceful-fs (4.2.4+repack-1) ...
#5 2345.9 Selecting previously unselected package node-mkdirp.
#5 2345.9 Preparing to unpack .../351-node-mkdirp_1.0.4+~1.0.2-1_all.deb ...
#5 2345.9 Unpacking node-mkdirp (1.0.4+~1.0.2-1) ...
#5 2345.9 Selecting previously unselected package node-iferr.
#5 2345.9 Preparing to unpack .../352-node-iferr_1.0.2+~1.0.2-1_all.deb ...
#5 2345.9 Unpacking node-iferr (1.0.2+~1.0.2-1) ...
#5 2345.9 Selecting previously unselected package node-imurmurhash.
#5 2345.9 Preparing to unpack .../353-node-imurmurhash_0.1.4+dfsg+~0.1.1-1_all.deb ...
#5 2345.9 Unpacking node-imurmurhash (0.1.4+dfsg+~0.1.1-1) ...
#5 2345.9 Selecting previously unselected package node-fs-write-stream-atomic.
#5 2345.9 Preparing to unpack .../354-node-fs-write-stream-atomic_1.0.10-5_all.deb ...
#5 2345.9 Unpacking node-fs-write-stream-atomic (1.0.10-5) ...
#5 2345.9 Selecting previously unselected package node-rimraf.
#5 2345.9 Preparing to unpack .../355-node-rimraf_3.0.2-1_all.deb ...
#5 2345.9 Unpacking node-rimraf (3.0.2-1) ...
#5 2346.0 Selecting previously unselected package node-run-queue.
#5 2346.0 Preparing to unpack .../356-node-run-queue_2.0.0-2_all.deb ...
#5 2346.0 Unpacking node-run-queue (2.0.0-2) ...
#5 2346.0 Selecting previously unselected package node-copy-concurrently.
#5 2346.0 Preparing to unpack .../357-node-copy-concurrently_1.0.5-8_all.deb ...
#5 2346.0 Unpacking node-copy-concurrently (1.0.5-8) ...
#5 2346.0 Selecting previously unselected package node-move-concurrently.
#5 2346.0 Preparing to unpack .../358-node-move-concurrently_1.0.1-4_all.deb ...
#5 2346.0 Unpacking node-move-concurrently (1.0.1-4) ...
#5 2346.0 Selecting previously unselected package node-escape-string-regexp.
#5 2346.0 Preparing to unpack .../359-node-escape-string-regexp_4.0.0-2_all.deb ...
#5 2346.0 Unpacking node-escape-string-regexp (4.0.0-2) ...
#5 2346.1 Selecting previously unselected package node-indent-string.
#5 2346.1 Preparing to unpack .../360-node-indent-string_4.0.0-2_all.deb ...
#5 2346.1 Unpacking node-indent-string (4.0.0-2) ...
#5 2346.1 Selecting previously unselected package node-p-map.
#5 2346.1 Preparing to unpack .../361-node-p-map_4.0.0+~3.1.0+~3.0.1-1_all.deb ...
#5 2346.1 Unpacking node-p-map (4.0.0+~3.1.0+~3.0.1-1) ...
#5 2346.1 Selecting previously unselected package node-promise-inflight.
#5 2346.1 Preparing to unpack .../362-node-promise-inflight_1.0.1+~1.0.0-1_all.deb ...
#5 2346.1 Unpacking node-promise-inflight (1.0.1+~1.0.0-1) ...
#5 2346.1 Selecting previously unselected package node-ssri.
#5 2346.1 Preparing to unpack .../363-node-ssri_8.0.1-2_all.deb ...
#5 2346.1 Unpacking node-ssri (8.0.1-2) ...
#5 2346.1 Selecting previously unselected package node-unique-filename.
#5 2346.1 Preparing to unpack .../364-node-unique-filename_1.1.1+ds-1_all.deb ...
#5 2346.1 Unpacking node-unique-filename (1.1.1+ds-1) ...
#5 2346.2 Selecting previously unselected package node-cacache.
#5 2346.2 Preparing to unpack .../365-node-cacache_15.0.5+~cs13.9.21-3_all.deb ...
#5 2346.2 Unpacking node-cacache (15.0.5+~cs13.9.21-3) ...
#5 2346.2 Selecting previously unselected package node-clean-yaml-object.
#5 2346.2 Preparing to unpack .../366-node-clean-yaml-object_0.1.0-5_all.deb ...
#5 2346.2 Unpacking node-clean-yaml-object (0.1.0-5) ...
#5 2346.2 Selecting previously unselected package node-clone.
#5 2346.2 Preparing to unpack .../367-node-clone_2.1.2-3_all.deb ...
#5 2346.2 Unpacking node-clone (2.1.2-3) ...
#5 2346.2 Selecting previously unselected package node-color-name.
#5 2346.2 Preparing to unpack .../368-node-color-name_1.1.4+~1.1.1-2_all.deb ...
#5 2346.2 Unpacking node-color-name (1.1.4+~1.1.1-2) ...
#5 2346.2 Selecting previously unselected package node-color-convert.
#5 2346.2 Preparing to unpack .../369-node-color-convert_2.0.1-1_all.deb ...
#5 2346.2 Unpacking node-color-convert (2.0.1-1) ...
#5 2346.3 Selecting previously unselected package node-colors.
#5 2346.3 Preparing to unpack .../370-node-colors_1.4.0-3_all.deb ...
#5 2346.3 Unpacking node-colors (1.4.0-3) ...
#5 2346.3 Selecting previously unselected package node-strip-ansi.
#5 2346.3 Preparing to unpack .../371-node-strip-ansi_6.0.1-1_all.deb ...
#5 2346.3 Unpacking node-strip-ansi (6.0.1-1) ...
#5 2346.3 Selecting previously unselected package node-defaults.
#5 2346.3 Preparing to unpack .../372-node-defaults_1.0.3+~1.0.3-1_all.deb ...
#5 2346.3 Unpacking node-defaults (1.0.3+~1.0.3-1) ...
#5 2346.3 Selecting previously unselected package node-wcwidth.js.
#5 2346.3 Preparing to unpack .../373-node-wcwidth.js_1.0.2-1_all.deb ...
#5 2346.3 Unpacking node-wcwidth.js (1.0.2-1) ...
#5 2346.3 Selecting previously unselected package node-columnify.
#5 2346.3 Preparing to unpack .../374-node-columnify_1.5.4+~1.5.1-1_all.deb ...
#5 2346.4 Unpacking node-columnify (1.5.4+~1.5.1-1) ...
#5 2346.4 Selecting previously unselected package node-console-control-strings.
#5 2346.4 Preparing to unpack .../375-node-console-control-strings_1.1.0-2_all.deb ...
#5 2346.4 Unpacking node-console-control-strings (1.1.0-2) ...
#5 2346.4 Selecting previously unselected package node-growl.
#5 2346.4 Preparing to unpack .../376-node-growl_1.10.5-4_all.deb ...
#5 2346.4 Unpacking node-growl (1.10.5-4) ...
#5 2346.4 Selecting previously unselected package node-sprintf-js.
#5 2346.4 Preparing to unpack .../377-node-sprintf-js_1.1.2+ds1+~1.1.2-1_all.deb ...
#5 2346.4 Unpacking node-sprintf-js (1.1.2+ds1+~1.1.2-1) ...
#5 2346.4 Selecting previously unselected package node-argparse.
#5 2346.4 Preparing to unpack .../378-node-argparse_2.0.1-2_all.deb ...
#5 2346.4 Unpacking node-argparse (2.0.1-2) ...
#5 2346.5 Selecting previously unselected package node-esprima.
#5 2346.5 Preparing to unpack .../379-node-esprima_4.0.1+ds+~4.0.3-2_all.deb ...
#5 2346.5 Unpacking node-esprima (4.0.1+ds+~4.0.3-2) ...
#5 2346.5 Selecting previously unselected package node-js-yaml.
#5 2346.5 Preparing to unpack .../380-node-js-yaml_4.1.0+dfsg+~4.0.5-6_all.deb ...
#5 2346.5 Unpacking node-js-yaml (4.1.0+dfsg+~4.0.5-6) ...
#5 2346.5 Selecting previously unselected package node-lcov-parse.
#5 2346.5 Preparing to unpack .../381-node-lcov-parse_1.0.0+20170612git80d039574ed9-5_all.deb ...
#5 2346.5 Unpacking node-lcov-parse (1.0.0+20170612git80d039574ed9-5) ...
#5 2346.5 Selecting previously unselected package node-log-driver.
#5 2346.5 Preparing to unpack .../382-node-log-driver_1.2.7+git+20180219+bba1761737-7_all.deb ...
#5 2346.5 Unpacking node-log-driver (1.2.7+git+20180219+bba1761737-7) ...
#5 2346.5 Selecting previously unselected package node-is-plain-obj.
#5 2346.6 Preparing to unpack .../383-node-is-plain-obj_3.0.0-2_all.deb ...
#5 2346.6 Unpacking node-is-plain-obj (3.0.0-2) ...
#5 2346.6 Selecting previously unselected package node-is-buffer.
#5 2346.6 Preparing to unpack .../384-node-is-buffer_2.0.5-2_all.deb ...
#5 2346.6 Unpacking node-is-buffer (2.0.5-2) ...
#5 2346.6 Selecting previously unselected package node-kind-of.
#5 2346.6 Preparing to unpack .../385-node-kind-of_6.0.3+dfsg-2_all.deb ...
#5 2346.6 Unpacking node-kind-of (6.0.3+dfsg-2) ...
#5 2346.6 Selecting previously unselected package node-minimist.
#5 2346.6 Preparing to unpack .../386-node-minimist_1.2.5+~cs5.3.2-1_all.deb ...
#5 2346.6 Unpacking node-minimist (1.2.5+~cs5.3.2-1) ...
#5 2346.6 Selecting previously unselected package node-cssom.
#5 2346.6 Preparing to unpack .../387-node-cssom_0.4.4-3_all.deb ...
#5 2346.6 Unpacking node-cssom (0.4.4-3) ...
#5 2346.7 Selecting previously unselected package node-cssstyle.
#5 2346.7 Preparing to unpack .../388-node-cssstyle_2.3.0-2_all.deb ...
#5 2346.7 Unpacking node-cssstyle (2.3.0-2) ...
#5 2346.7 Selecting previously unselected package node-delayed-stream.
#5 2346.7 Preparing to unpack .../389-node-delayed-stream_1.0.0-5_all.deb ...
#5 2346.7 Unpacking node-delayed-stream (1.0.0-5) ...
#5 2346.7 Selecting previously unselected package node-combined-stream.
#5 2346.7 Preparing to unpack .../390-node-combined-stream_1.0.8+~1.0.3-1_all.deb ...
#5 2346.7 Unpacking node-combined-stream (1.0.8+~1.0.3-1) ...
#5 2346.7 Selecting previously unselected package node-mime.
#5 2346.8 Preparing to unpack .../391-node-mime_3.0.0+dfsg+~cs3.96.1-1_all.deb ...
#5 2346.8 Unpacking node-mime (3.0.0+dfsg+~cs3.96.1-1) ...
#5 2346.8 Selecting previously unselected package node-mime-types.
#5 2346.8 Preparing to unpack .../392-node-mime-types_2.1.33-1_all.deb ...
#5 2346.8 Unpacking node-mime-types (2.1.33-1) ...
#5 2346.8 Selecting previously unselected package node-form-data.
#5 2346.8 Preparing to unpack .../393-node-form-data_3.0.1-1_all.deb ...
#5 2346.8 Unpacking node-form-data (3.0.1-1) ...
#5 2346.8 Selecting previously unselected package node-events.
#5 2346.8 Preparing to unpack .../394-node-events_3.3.0+~3.0.0-2_all.deb ...
#5 2346.8 Unpacking node-events (3.3.0+~3.0.0-2) ...
#5 2346.8 Selecting previously unselected package node-https-proxy-agent.
#5 2346.8 Preparing to unpack .../395-node-https-proxy-agent_5.0.0+~cs8.0.0-3_all.deb ...
#5 2346.8 Unpacking node-https-proxy-agent (5.0.0+~cs8.0.0-3) ...
#5 2346.9 Selecting previously unselected package node-iconv-lite.
#5 2346.9 Preparing to unpack .../396-node-iconv-lite_0.6.3-2_all.deb ...
#5 2346.9 Unpacking node-iconv-lite (0.6.3-2) ...
#5 2346.9 Selecting previously unselected package node-lodash-packages.
#5 2346.9 Preparing to unpack .../397-node-lodash-packages_4.17.21+dfsg+~cs8.31.198.20210220-5_all.deb ...
#5 2346.9 Unpacking node-lodash-packages (4.17.21+dfsg+~cs8.31.198.20210220-5) ...
#5 2347.0 Selecting previously unselected package node-stealthy-require.
#5 2347.0 Preparing to unpack .../398-node-stealthy-require_1.1.1-5_all.deb ...
#5 2347.0 Unpacking node-stealthy-require (1.1.1-5) ...
#5 2347.1 Selecting previously unselected package node-punycode.
#5 2347.1 Preparing to unpack .../399-node-punycode_2.1.1-5_all.deb ...
#5 2347.1 Unpacking node-punycode (2.1.1-5) ...
#5 2347.1 Selecting previously unselected package node-psl.
#5 2347.1 Preparing to unpack .../400-node-psl_1.8.0+ds-6_all.deb ...
#5 2347.1 Unpacking node-psl (1.8.0+ds-6) ...
#5 2347.1 Selecting previously unselected package node-universalify.
#5 2347.1 Preparing to unpack .../401-node-universalify_2.0.0-3_all.deb ...
#5 2347.1 Unpacking node-universalify (2.0.0-3) ...
#5 2347.1 Selecting previously unselected package node-tough-cookie.
#5 2347.1 Preparing to unpack .../402-node-tough-cookie_4.0.0-2_all.deb ...
#5 2347.1 Unpacking node-tough-cookie (4.0.0-2) ...
#5 2347.1 Selecting previously unselected package node-webidl-conversions.
#5 2347.1 Preparing to unpack .../403-node-webidl-conversions_7.0.0~1.1.0+~cs15.1.20180823-2_all.deb ...
#5 2347.1 Unpacking node-webidl-conversions (7.0.0~1.1.0+~cs15.1.20180823-2) ...
#5 2347.2 Selecting previously unselected package node-commander.
#5 2347.2 Preparing to unpack .../404-node-commander_9.0.0-2_all.deb ...
#5 2347.2 Unpacking node-commander (9.0.0-2) ...
#5 2347.2 Selecting previously unselected package node-mute-stream.
#5 2347.2 Preparing to unpack .../405-node-mute-stream_0.0.8+~0.0.1-1_all.deb ...
#5 2347.2 Unpacking node-mute-stream (0.0.8+~0.0.1-1) ...
#5 2347.2 Selecting previously unselected package node-read.
#5 2347.2 Preparing to unpack .../406-node-read_1.0.7-3_all.deb ...
#5 2347.2 Unpacking node-read (1.0.7-3) ...
#5 2347.2 Selecting previously unselected package node-ws.
#5 2347.2 Preparing to unpack .../407-node-ws_8.5.0+~cs13.3.3-2_all.deb ...
#5 2347.2 Unpacking node-ws (8.5.0+~cs13.3.3-2) ...
#5 2347.2 Selecting previously unselected package node-jsdom.
#5 2347.3 Preparing to unpack .../408-node-jsdom_19.0.0+~cs90.11.27-1_all.deb ...
#5 2347.3 Unpacking node-jsdom (19.0.0+~cs90.11.27-1) ...
#5 2347.3 Selecting previously unselected package node-fetch.
#5 2347.3 Preparing to unpack .../409-node-fetch_2.6.7+~2.5.12-1_all.deb ...
#5 2347.3 Unpacking node-fetch (2.6.7+~2.5.12-1) ...
#5 2347.3 Selecting previously unselected package node-coveralls.
#5 2347.3 Preparing to unpack .../410-node-coveralls_3.1.1-1_all.deb ...
#5 2347.3 Unpacking node-coveralls (3.1.1-1) ...
#5 2347.4 Selecting previously unselected package node-mimic-response.
#5 2347.4 Preparing to unpack .../411-node-mimic-response_3.1.0-7_all.deb ...
#5 2347.4 Unpacking node-mimic-response (3.1.0-7) ...
#5 2347.4 Selecting previously unselected package node-decompress-response.
#5 2347.4 Preparing to unpack .../412-node-decompress-response_6.0.0-2_all.deb ...
#5 2347.4 Unpacking node-decompress-response (6.0.0-2) ...
#5 2347.4 Selecting previously unselected package node-diff.
#5 2347.4 Preparing to unpack .../413-node-diff_5.0.0~dfsg+~5.0.1-3_all.deb ...
#5 2347.4 Unpacking node-diff (5.0.0~dfsg+~5.0.1-3) ...
#5 2347.4 Selecting previously unselected package node-err-code.
#5 2347.4 Preparing to unpack .../414-node-err-code_2.0.3+dfsg-3_all.deb ...
#5 2347.4 Unpacking node-err-code (2.0.3+dfsg-3) ...
#5 2347.5 Selecting previously unselected package node-time-stamp.
#5 2347.5 Preparing to unpack .../415-node-time-stamp_2.2.0-1_all.deb ...
#5 2347.5 Unpacking node-time-stamp (2.2.0-1) ...
#5 2347.5 Selecting previously unselected package node-fancy-log.
#5 2347.5 Preparing to unpack .../416-node-fancy-log_1.3.3+~cs1.3.1-2_all.deb ...
#5 2347.5 Unpacking node-fancy-log (1.3.3+~cs1.3.1-2) ...
#5 2347.5 Selecting previously unselected package node-signal-exit.
#5 2347.5 Preparing to unpack .../417-node-signal-exit_3.0.6+~3.0.1-1_all.deb ...
#5 2347.5 Unpacking node-signal-exit (3.0.6+~3.0.1-1) ...
#5 2347.5 Selecting previously unselected package node-foreground-child.
#5 2347.5 Preparing to unpack .../418-node-foreground-child_2.0.0-3_all.deb ...
#5 2347.5 Unpacking node-foreground-child (2.0.0-3) ...
#5 2347.5 Selecting previously unselected package node-function-bind.
#5 2347.5 Preparing to unpack .../419-node-function-bind_1.1.1+repacked+~1.0.3-1_all.deb ...
#5 2347.5 Unpacking node-function-bind (1.1.1+repacked+~1.0.3-1) ...
#5 2347.6 Selecting previously unselected package node-has-unicode.
#5 2347.6 Preparing to unpack .../420-node-has-unicode_2.0.1-4_all.deb ...
#5 2347.6 Unpacking node-has-unicode (2.0.1-4) ...
#5 2347.6 Selecting previously unselected package node-ansi-styles.
#5 2347.6 Preparing to unpack .../421-node-ansi-styles_4.3.0+~4.2.0-1_all.deb ...
#5 2347.6 Unpacking node-ansi-styles (4.3.0+~4.2.0-1) ...
#5 2347.6 Selecting previously unselected package node-slice-ansi.
#5 2347.6 Preparing to unpack .../422-node-slice-ansi_5.0.0+~cs9.0.0-4_all.deb ...
#5 2347.6 Unpacking node-slice-ansi (5.0.0+~cs9.0.0-4) ...
#5 2347.6 Selecting previously unselected package node-string-width.
#5 2347.6 Preparing to unpack .../423-node-string-width_4.2.3+~cs13.2.3-1_all.deb ...
#5 2347.6 Unpacking node-string-width (4.2.3+~cs13.2.3-1) ...
#5 2347.6 Selecting previously unselected package node-wide-align.
#5 2347.6 Preparing to unpack .../424-node-wide-align_1.1.3-4_all.deb ...
#5 2347.6 Unpacking node-wide-align (1.1.3-4) ...
#5 2347.7 Selecting previously unselected package node-gauge.
#5 2347.7 Preparing to unpack .../425-node-gauge_4.0.2-1_all.deb ...
#5 2347.7 Unpacking node-gauge (4.0.2-1) ...
#5 2347.7 Selecting previously unselected package node-end-of-stream.
#5 2347.7 Preparing to unpack .../426-node-end-of-stream_1.4.4+~1.4.1-1_all.deb ...
#5 2347.7 Unpacking node-end-of-stream (1.4.4+~1.4.1-1) ...
#5 2347.7 Selecting previously unselected package node-pump.
#5 2347.7 Preparing to unpack .../427-node-pump_3.0.0-5_all.deb ...
#5 2347.7 Unpacking node-pump (3.0.0-5) ...
#5 2347.7 Selecting previously unselected package node-get-stream.
#5 2347.7 Preparing to unpack .../428-node-get-stream_6.0.1-1_all.deb ...
#5 2347.7 Unpacking node-get-stream (6.0.1-1) ...
#5 2347.7 Selecting previously unselected package node-lowercase-keys.
#5 2347.7 Preparing to unpack .../429-node-lowercase-keys_2.0.0-2_all.deb ...
#5 2347.7 Unpacking node-lowercase-keys (2.0.0-2) ...
#5 2347.8 Selecting previously unselected package node-json-buffer.
#5 2347.8 Preparing to unpack .../430-node-json-buffer_3.0.1-1_all.deb ...
#5 2347.8 Unpacking node-json-buffer (3.0.1-1) ...
#5 2347.8 Selecting previously unselected package node-p-cancelable.
#5 2347.8 Preparing to unpack .../431-node-p-cancelable_2.1.1-1_all.deb ...
#5 2347.8 Unpacking node-p-cancelable (2.1.1-1) ...
#5 2347.8 Selecting previously unselected package node-quick-lru.
#5 2347.8 Preparing to unpack .../432-node-quick-lru_5.1.1-1_all.deb ...
#5 2347.8 Unpacking node-quick-lru (5.1.1-1) ...
#5 2347.8 Selecting previously unselected package node-got.
#5 2347.8 Preparing to unpack .../433-node-got_11.8.3+~cs58.7.37-1_all.deb ...
#5 2347.8 Unpacking node-got (11.8.3+~cs58.7.37-1) ...
#5 2347.9 Selecting previously unselected package node-has-flag.
#5 2347.9 Preparing to unpack .../434-node-has-flag_4.0.0-2_all.deb ...
#5 2347.9 Unpacking node-has-flag (4.0.0-2) ...
#5 2347.9 Selecting previously unselected package node-hosted-git-info.
#5 2347.9 Preparing to unpack .../435-node-hosted-git-info_4.0.2-1_all.deb ...
#5 2347.9 Unpacking node-hosted-git-info (4.0.2-1) ...
#5 2347.9 Selecting previously unselected package node-ip.
#5 2347.9 Preparing to unpack .../436-node-ip_1.1.5+~1.1.0-1_all.deb ...
#5 2347.9 Unpacking node-ip (1.1.5+~1.1.0-1) ...
#5 2347.9 Selecting previously unselected package node-ip-regex.
#5 2347.9 Preparing to unpack .../437-node-ip-regex_4.3.0+~4.1.1-1_all.deb ...
#5 2347.9 Unpacking node-ip-regex (4.3.0+~4.1.1-1) ...
#5 2347.9 Selecting previously unselected package node-is-typedarray.
#5 2348.0 Preparing to unpack .../438-node-is-typedarray_1.0.0-4_all.deb ...
#5 2348.0 Unpacking node-is-typedarray (1.0.0-4) ...
#5 2348.0 Selecting previously unselected package node-isexe.
#5 2348.0 Preparing to unpack .../439-node-isexe_2.0.0+~2.0.1-4_all.deb ...
#5 2348.0 Unpacking node-isexe (2.0.0+~2.0.1-4) ...
#5 2348.0 Selecting previously unselected package node-json-parse-better-errors.
#5 2348.0 Preparing to unpack .../440-node-json-parse-better-errors_1.0.2+~cs3.3.1-1_all.deb ...
#5 2348.0 Unpacking node-json-parse-better-errors (1.0.2+~cs3.3.1-1) ...
#5 2348.0 Selecting previously unselected package node-encoding.
#5 2348.0 Preparing to unpack .../441-node-encoding_0.1.13-2_all.deb ...
#5 2348.0 Unpacking node-encoding (0.1.13-2) ...
#5 2348.0 Selecting previously unselected package node-jsonparse.
#5 2348.0 Preparing to unpack .../442-node-jsonparse_1.3.1-10_all.deb ...
#5 2348.0 Unpacking node-jsonparse (1.3.1-10) ...
#5 2348.1 Selecting previously unselected package node-minipass.
#5 2348.1 Preparing to unpack .../443-node-minipass_3.1.6+~cs8.7.18-1_all.deb ...
#5 2348.1 Unpacking node-minipass (3.1.6+~cs8.7.18-1) ...
#5 2348.1 Selecting previously unselected package node-npm-bundled.
#5 2348.1 Preparing to unpack .../444-node-npm-bundled_1.1.2-1_all.deb ...
#5 2348.1 Unpacking node-npm-bundled (1.1.2-1) ...
#5 2348.1 Selecting previously unselected package node-osenv.
#5 2348.1 Preparing to unpack .../445-node-osenv_0.1.5+~0.1.0-1_all.deb ...
#5 2348.1 Unpacking node-osenv (0.1.5+~0.1.0-1) ...
#5 2348.1 Selecting previously unselected package node-validate-npm-package-name.
#5 2348.1 Preparing to unpack .../446-node-validate-npm-package-name_3.0.0-4_all.deb ...
#5 2348.1 Unpacking node-validate-npm-package-name (3.0.0-4) ...
#5 2348.1 Selecting previously unselected package node-npm-package-arg.
#5 2348.2 Preparing to unpack .../447-node-npm-package-arg_8.1.5-1_all.deb ...
#5 2348.2 Unpacking node-npm-package-arg (8.1.5-1) ...
#5 2348.2 Selecting previously unselected package node-object-assign.
#5 2348.2 Preparing to unpack .../448-node-object-assign_4.1.1-6_all.deb ...
#5 2348.2 Unpacking node-object-assign (4.1.1-6) ...
#5 2348.2 Selecting previously unselected package xdg-utils.
#5 2348.2 Preparing to unpack .../449-xdg-utils_1.1.3-4.1ubuntu3~22.04.1_all.deb ...
#5 2348.2 Unpacking xdg-utils (1.1.3-4.1ubuntu3~22.04.1) ...
#5 2348.2 Selecting previously unselected package node-opener.
#5 2348.2 Preparing to unpack .../450-node-opener_1.5.2+~1.4.0-1_all.deb ...
#5 2348.2 Unpacking node-opener (1.5.2+~1.4.0-1) ...
#5 2348.2 Selecting previously unselected package node-retry.
#5 2348.2 Preparing to unpack .../451-node-retry_0.13.1+~0.12.1-1_all.deb ...
#5 2348.2 Unpacking node-retry (0.13.1+~0.12.1-1) ...
#5 2348.3 Selecting previously unselected package node-promise-retry.
#5 2348.3 Preparing to unpack .../452-node-promise-retry_2.0.1-2_all.deb ...
#5 2348.3 Unpacking node-promise-retry (2.0.1-2) ...
#5 2348.3 Selecting previously unselected package node-promzard.
#5 2348.3 Preparing to unpack .../453-node-promzard_0.3.0-2_all.deb ...
#5 2348.3 Unpacking node-promzard (0.3.0-2) ...
#5 2348.3 Selecting previously unselected package node-set-blocking.
#5 2348.3 Preparing to unpack .../454-node-set-blocking_2.0.0-2_all.deb ...
#5 2348.3 Unpacking node-set-blocking (2.0.0-2) ...
#5 2348.3 Selecting previously unselected package node-slash.
#5 2348.3 Preparing to unpack .../455-node-slash_3.0.0-2_all.deb ...
#5 2348.3 Unpacking node-slash (3.0.0-2) ...
#5 2348.3 Selecting previously unselected package libjs-source-map.
#5 2348.3 Preparing to unpack .../456-libjs-source-map_0.7.0++dfsg2+really.0.6.1-9_all.deb ...
#5 2348.4 Unpacking libjs-source-map (0.7.0++dfsg2+really.0.6.1-9) ...
#5 2348.4 Selecting previously unselected package node-source-map.
#5 2348.4 Preparing to unpack .../457-node-source-map_0.7.0++dfsg2+really.0.6.1-9_all.deb ...
#5 2348.4 Unpacking node-source-map (0.7.0++dfsg2+really.0.6.1-9) ...
#5 2348.4 Selecting previously unselected package node-source-map-support.
#5 2348.4 Preparing to unpack .../458-node-source-map-support_0.5.21+ds+~0.5.4-1_all.deb ...
#5 2348.4 Unpacking node-source-map-support (0.5.21+ds+~0.5.4-1) ...
#5 2348.4 Selecting previously unselected package node-spdx-license-ids.
#5 2348.4 Preparing to unpack .../459-node-spdx-license-ids_3.0.11-1_all.deb ...
#5 2348.4 Unpacking node-spdx-license-ids (3.0.11-1) ...
#5 2348.4 Selecting previously unselected package node-spdx-exceptions.
#5 2348.4 Preparing to unpack .../460-node-spdx-exceptions_2.3.0-2_all.deb ...
#5 2348.4 Unpacking node-spdx-exceptions (2.3.0-2) ...
#5 2348.5 Selecting previously unselected package node-spdx-expression-parse.
#5 2348.5 Preparing to unpack .../461-node-spdx-expression-parse_3.0.1+~3.0.1-1_all.deb ...
#5 2348.5 Unpacking node-spdx-expression-parse (3.0.1+~3.0.1-1) ...
#5 2348.5 Selecting previously unselected package node-spdx-correct.
#5 2348.5 Preparing to unpack .../462-node-spdx-correct_3.1.1-2_all.deb ...
#5 2348.5 Unpacking node-spdx-correct (3.1.1-2) ...
#5 2348.5 Selecting previously unselected package node-stack-utils.
#5 2348.5 Preparing to unpack .../463-node-stack-utils_2.0.5+~2.0.1-1_all.deb ...
#5 2348.5 Unpacking node-stack-utils (2.0.5+~2.0.1-1) ...
#5 2348.5 Selecting previously unselected package node-supports-color.
#5 2348.5 Preparing to unpack .../464-node-supports-color_8.1.1+~8.1.1-1_all.deb ...
#5 2348.5 Unpacking node-supports-color (8.1.1+~8.1.1-1) ...
#5 2348.5 Selecting previously unselected package node-tap-parser.
#5 2348.5 Preparing to unpack .../465-node-tap-parser_7.0.0+ds1-6_all.deb ...
#5 2348.5 Unpacking node-tap-parser (7.0.0+ds1-6) ...
#5 2348.6 Selecting previously unselected package node-tap-mocha-reporter.
#5 2348.6 Preparing to unpack .../466-node-tap-mocha-reporter_3.0.7+ds-2_all.deb ...
#5 2348.6 Unpacking node-tap-mocha-reporter (3.0.7+ds-2) ...
#5 2348.6 Selecting previously unselected package node-text-table.
#5 2348.6 Preparing to unpack .../467-node-text-table_0.2.0-4_all.deb ...
#5 2348.6 Unpacking node-text-table (0.2.0-4) ...
#5 2348.6 Selecting previously unselected package node-tmatch.
#5 2348.6 Preparing to unpack .../468-node-tmatch_5.0.0-4_all.deb ...
#5 2348.6 Unpacking node-tmatch (5.0.0-4) ...
#5 2348.6 Selecting previously unselected package node-typedarray-to-buffer.
#5 2348.6 Preparing to unpack .../469-node-typedarray-to-buffer_4.0.0-2_all.deb ...
#5 2348.6 Unpacking node-typedarray-to-buffer (4.0.0-2) ...
#5 2348.7 Selecting previously unselected package node-validate-npm-package-license.
#5 2348.7 Preparing to unpack .../470-node-validate-npm-package-license_3.0.4-2_all.deb ...
#5 2348.7 Unpacking node-validate-npm-package-license (3.0.4-2) ...
#5 2348.7 Selecting previously unselected package node-whatwg-fetch.
#5 2348.7 Preparing to unpack .../471-node-whatwg-fetch_3.6.2-5_all.deb ...
#5 2348.7 Unpacking node-whatwg-fetch (3.6.2-5) ...
#5 2348.7 Selecting previously unselected package node-write-file-atomic.
#5 2348.7 Preparing to unpack .../472-node-write-file-atomic_3.0.3+~3.0.2-1_all.deb ...
#5 2348.7 Unpacking node-write-file-atomic (3.0.3+~3.0.2-1) ...
#5 2348.7 Selecting previously unselected package nodejs-doc.
#5 2348.7 Preparing to unpack .../473-nodejs-doc_12.22.9~dfsg-1ubuntu3.6_all.deb ...
#5 2348.7 Unpacking nodejs-doc (12.22.9~dfsg-1ubuntu3.6) ...
#5 2348.7 Selecting previously unselected package python3.10-dev.
#5 2348.7 Preparing to unpack .../474-python3.10-dev_3.10.12-1~22.04.16_amd64.deb ...
#5 2348.7 Unpacking python3.10-dev (3.10.12-1~22.04.16) ...
#5 2348.8 Selecting previously unselected package python3-lib2to3.
#5 2348.8 Preparing to unpack .../475-python3-lib2to3_3.10.8-1~22.04_all.deb ...
#5 2348.8 Unpacking python3-lib2to3 (3.10.8-1~22.04) ...
#5 2348.8 Selecting previously unselected package python3-distutils.
#5 2348.8 Preparing to unpack .../476-python3-distutils_3.10.8-1~22.04_all.deb ...
#5 2348.8 Unpacking python3-distutils (3.10.8-1~22.04) ...
#5 2348.8 Selecting previously unselected package python3-dev.
#5 2348.8 Preparing to unpack .../477-python3-dev_3.10.6-1~22.04.1_amd64.deb ...
#5 2348.8 Unpacking python3-dev (3.10.6-1~22.04.1) ...
#5 2348.9 Selecting previously unselected package python3-setuptools.
#5 2348.9 Preparing to unpack .../478-python3-setuptools_59.6.0-1.2ubuntu0.22.04.3_all.deb ...
#5 2348.9 Unpacking python3-setuptools (59.6.0-1.2ubuntu0.22.04.3) ...
#5 2348.9 Selecting previously unselected package python3-wheel.
#5 2348.9 Preparing to unpack .../479-python3-wheel_0.37.1-2ubuntu0.22.04.1_all.deb ...
#5 2348.9 Unpacking python3-wheel (0.37.1-2ubuntu0.22.04.1) ...
#5 2348.9 Selecting previously unselected package python3-pip.
#5 2348.9 Preparing to unpack .../480-python3-pip_22.0.2+dfsg-1ubuntu0.7_all.deb ...
#5 2348.9 Unpacking python3-pip (22.0.2+dfsg-1ubuntu0.7) ...
#5 2349.0 Selecting previously unselected package tilix-common.
#5 2349.0 Preparing to unpack .../481-tilix-common_1.9.4-2build1_all.deb ...
#5 2349.0 Unpacking tilix-common (1.9.4-2build1) ...
#5 2349.0 Selecting previously unselected package tilix.
#5 2349.0 Preparing to unpack .../482-tilix_1.9.4-2build1_amd64.deb ...
#5 2349.0 Unpacking tilix (1.9.4-2build1) ...
#5 2349.0 Selecting previously unselected package vim-runtime.
#5 2349.0 Preparing to unpack .../483-vim-runtime_2%3a8.2.3995-1ubuntu2.34_all.deb ...
#5 2349.1 Adding 'diversion of /usr/share/vim/vim82/doc/help.txt to /usr/share/vim/vim82/doc/help.txt.vim-tiny by vim-runtime'
#5 2349.1 Adding 'diversion of /usr/share/vim/vim82/doc/tags to /usr/share/vim/vim82/doc/tags.vim-tiny by vim-runtime'
#5 2349.1 Unpacking vim-runtime (2:8.2.3995-1ubuntu2.34) ...
#5 2349.3 Selecting previously unselected package vim.
#5 2349.3 Preparing to unpack .../484-vim_2%3a8.2.3995-1ubuntu2.34_amd64.deb ...
#5 2349.3 Unpacking vim (2:8.2.3995-1ubuntu2.34) ...
#5 2349.3 Selecting previously unselected package libglvnd0:amd64.
#5 2349.3 Preparing to unpack .../485-libglvnd0_1.4.0-1_amd64.deb ...
#5 2349.3 Unpacking libglvnd0:amd64 (1.4.0-1) ...
#5 2349.4 Selecting previously unselected package libglx0:amd64.
#5 2349.4 Preparing to unpack .../486-libglx0_1.4.0-1_amd64.deb ...
#5 2349.4 Unpacking libglx0:amd64 (1.4.0-1) ...
#5 2349.4 Selecting previously unselected package libgl1:amd64.
#5 2349.4 Preparing to unpack .../487-libgl1_1.4.0-1_amd64.deb ...
#5 2349.4 Unpacking libgl1:amd64 (1.4.0-1) ...
#5 2349.4 Selecting previously unselected package x11-utils.
#5 2349.4 Preparing to unpack .../488-x11-utils_7.7+5build2_amd64.deb ...
#5 2349.4 Unpacking x11-utils (7.7+5build2) ...
#5 2349.4 Selecting previously unselected package x11-xserver-utils.
#5 2349.4 Preparing to unpack .../489-x11-xserver-utils_7.7+9build1_amd64.deb ...
#5 2349.4 Unpacking x11-xserver-utils (7.7+9build1) ...
#5 2349.4 Selecting previously unselected package libauthen-sasl-perl.
#5 2349.5 Preparing to unpack .../490-libauthen-sasl-perl_2.1600-1.1_all.deb ...
#5 2349.5 Unpacking libauthen-sasl-perl (2.1600-1.1) ...
#5 2349.5 Selecting previously unselected package node-abbrev.
#5 2349.5 Preparing to unpack .../491-node-abbrev_1.1.1+~1.1.2-1_all.deb ...
#5 2349.5 Unpacking node-abbrev (1.1.1+~1.1.2-1) ...
#5 2349.5 Selecting previously unselected package node-archy.
#5 2349.5 Preparing to unpack .../492-node-archy_1.0.0-4_all.deb ...
#5 2349.5 Unpacking node-archy (1.0.0-4) ...
#5 2349.5 Selecting previously unselected package node-chalk.
#5 2349.5 Preparing to unpack .../493-node-chalk_4.1.2-1_all.deb ...
#5 2349.5 Unpacking node-chalk (4.1.2-1) ...
#5 2349.5 Selecting previously unselected package node-cli-table.
#5 2349.5 Preparing to unpack .../494-node-cli-table_0.3.11+~cs0.13.3-1_all.deb ...
#5 2349.5 Unpacking node-cli-table (0.3.11+~cs0.13.3-1) ...
#5 2349.6 Selecting previously unselected package node-depd.
#5 2349.6 Preparing to unpack .../495-node-depd_2.0.0-2_all.deb ...
#5 2349.6 Unpacking node-depd (2.0.0-2) ...
#5 2349.6 Selecting previously unselected package node-nopt.
#5 2349.6 Preparing to unpack .../496-node-nopt_5.0.0-2_all.deb ...
#5 2349.6 Unpacking node-nopt (5.0.0-2) ...
#5 2349.6 Selecting previously unselected package node-npmlog.
#5 2349.6 Preparing to unpack .../497-node-npmlog_6.0.1+~4.1.4-1_all.deb ...
#5 2349.6 Unpacking node-npmlog (6.0.1+~4.1.4-1) ...
#5 2349.6 Selecting previously unselected package node-tar.
#5 2349.6 Preparing to unpack .../498-node-tar_6.1.11+ds1+~cs6.0.6-1_all.deb ...
#5 2349.6 Unpacking node-tar (6.1.11+ds1+~cs6.0.6-1) ...
#5 2349.7 Selecting previously unselected package node-which.
#5 2349.7 Preparing to unpack .../499-node-which_2.0.2+~cs1.3.2-2_all.deb ...
#5 2349.7 Unpacking node-which (2.0.2+~cs1.3.2-2) ...
#5 2349.7 Selecting previously unselected package node-gyp.
#5 2349.7 Preparing to unpack .../500-node-gyp_8.4.1-1_all.deb ...
#5 2349.7 Unpacking node-gyp (8.4.1-1) ...
#5 2349.7 Selecting previously unselected package node-ini.
#5 2349.7 Preparing to unpack .../501-node-ini_2.0.1-1_all.deb ...
#5 2349.7 Unpacking node-ini (2.0.1-1) ...
#5 2349.7 Selecting previously unselected package node-negotiator.
#5 2349.7 Preparing to unpack .../502-node-negotiator_0.6.2+~0.6.1-1_all.deb ...
#5 2349.7 Unpacking node-negotiator (0.6.2+~0.6.1-1) ...
#5 2349.8 Selecting previously unselected package node-resolve.
#5 2349.8 Preparing to unpack .../503-node-resolve_1.20.0+~cs5.27.9-1_all.deb ...
#5 2349.8 Unpacking node-resolve (1.20.0+~cs5.27.9-1) ...
#5 2349.8 Selecting previously unselected package node-normalize-package-data.
#5 2349.8 Preparing to unpack .../504-node-normalize-package-data_3.0.3+~2.4.1-1_all.deb ...
#5 2349.8 Unpacking node-normalize-package-data (3.0.3+~2.4.1-1) ...
#5 2349.8 Selecting previously unselected package node-read-package-json.
#5 2349.8 Preparing to unpack .../505-node-read-package-json_4.1.1-1_all.deb ...
#5 2349.8 Unpacking node-read-package-json (4.1.1-1) ...
#5 2349.8 Selecting previously unselected package node-tap.
#5 2349.8 Preparing to unpack .../506-node-tap_12.0.1+ds-4_all.deb ...
#5 2349.8 Unpacking node-tap (12.0.1+ds-4) ...
#5 2349.9 Selecting previously unselected package npm.
#5 2349.9 Preparing to unpack .../507-npm_8.5.1~ds-1_all.deb ...
#5 2349.9 Unpacking npm (8.5.1~ds-1) ...
#5 2349.9 Setting up libksba8:amd64 (1.6.0-2ubuntu0.2) ...
#5 2350.0 Setting up media-types (7.0.0) ...
#5 2350.0 Setting up node-delayed-stream (1.0.0-5) ...
#5 2350.0 Setting up libtext-iconv-perl (1.7-7build3) ...
#5 2350.0 Setting up javascript-common (11+nmu1) ...
#5 2350.0 Setting up libgraphite2-3:amd64 (1.3.14-1ubuntu0.1) ...
#5 2350.0 Setting up liblcms2-2:amd64 (2.12~rc1-2ubuntu0.1) ...
#5 2350.0 Setting up libpixman-1-0:amd64 (0.40.0-1ubuntu0.22.04.1) ...
#5 2350.0 Setting up node-fs.realpath (1.0.0-2) ...
#5 2350.0 Setting up gcc-11-base:amd64 (11.4.0-1ubuntu1~22.04.3) ...
#5 2350.0 Setting up node-diff (5.0.0~dfsg+~5.0.1-3) ...
#5 2350.0 Setting up libpciaccess0:amd64 (0.16-3) ...
#5 2350.0 Setting up systemd-sysv (249.11-0ubuntu3.22) ...
#5 2350.0 Setting up libxau6:amd64 (1:1.0.9-1build5) ...
#5 2350.0 Setting up lto-disabled-list (24) ...
#5 2350.0 Setting up libpsl5:amd64 (0.21.0-1.2build2) ...
#5 2350.0 Setting up node-abbrev (1.1.1+~1.1.2-1) ...
#5 2350.0 Setting up libjs-sprintf-js (1.1.2+ds1+~1.1.2-1) ...
#5 2350.0 Setting up libsodium23:amd64 (1.0.18-1ubuntu0.22.04.1) ...
#5 2350.0 Setting up libgpm2:amd64 (1.20.7-10build1) ...
#5 2350.0 Setting up node-yallist (4.0.0+~4.0.1-1) ...
#5 2350.0 Setting up libjs-inherits (2.0.4-4) ...
#5 2350.0 Setting up node-p-cancelable (2.1.1-1) ...
#5 2350.0 Setting up node-ansi-regex (5.0.1-1) ...
#5 2350.0 Setting up wget (1.21.2-2ubuntu1.4) ...
#5 2350.0 Setting up hicolor-icon-theme (0.17-2) ...
#5 2350.0 Setting up tilix-common (1.9.4-2build1) ...
#5 2350.0 Setting up libvte-2.91-common (0.68.0-1ubuntu0.1) ...
#5 2350.1 Setting up libdatrie1:amd64 (0.2.13-2) ...
#5 2350.1 Setting up node-slash (3.0.0-2) ...
#5 2350.1 Setting up xdg-user-dirs (0.17-2ubuntu4) ...
#5 2350.1 Setting up node-util-deprecate (1.0.2-3) ...
#5 2350.1 Setting up node-retry (0.13.1+~0.12.1-1) ...
#5 2350.1 Setting up node-arrify (2.0.1-2) ...
#5 2350.1 Setting up libglib2.0-0:amd64 (2.72.4-0ubuntu2.9) ...
#5 2350.1 Setting up manpages (5.10-1ubuntu1) ...
#5 2350.1 Setting up libglvnd0:amd64 (1.4.0-1) ...
#5 2350.1 Setting up node-ansistyles (0.1.3-5) ...
#5 2350.1 Setting up node-delegates (1.0.0-3) ...
#5 2350.1 Setting up node-depd (2.0.0-2) ...
#5 2350.1 Setting up node-isexe (2.0.0+~2.0.1-4) ...
#5 2350.1 Setting up libcbor0.8:amd64 (0.8.0-2ubuntu1) ...
#5 2350.1 Setting up libbrotli1:amd64 (1.0.9-2build6) ...
#5 2350.1 Setting up node-jsonparse (1.3.1-10) ...
#5 2350.1 Setting up libsqlite3-0:amd64 (3.37.2-2ubuntu0.7) ...
#5 2350.1 Setting up libsasl2-modules:amd64 (2.1.27+dfsg2-3ubuntu1.2) ...
#5 2350.1 Setting up libgdk-pixbuf2.0-common (2.42.8+dfsg-1ubuntu0.5) ...
#5 2350.1 Setting up node-escape-string-regexp (4.0.0-2) ...
#5 2350.1 Setting up binutils-common:amd64 (2.38-4ubuntu2.12) ...
#5 2350.1 Setting up libjs-source-map (0.7.0++dfsg2+really.0.6.1-9) ...
#5 2350.1 Setting up x11-common (1:7.7+23ubuntu2) ...
#5 2350.2 invoke-rc.d: could not determine current runlevel
#5 2350.2 invoke-rc.d: policy-rc.d denied execution of start.
#5 2350.2 Setting up libsensors-config (1:3.6.0-7ubuntu1) ...
#5 2350.2 Setting up node-negotiator (0.6.2+~0.6.1-1) ...
#5 2350.2 Setting up libnghttp2-14:amd64 (1.43.0-1ubuntu0.4) ...
#5 2350.2 Setting up libdeflate0:amd64 (1.10-2) ...
#5 2350.2 Setting up less (590-1ubuntu0.22.04.3) ...
#5 2350.2 Setting up perl-openssl-defaults:amd64 (5build2) ...
#5 2350.2 Setting up linux-libc-dev:amd64 (5.15.0-187.197) ...
#5 2350.2 Setting up libctf-nobfd0:amd64 (2.38-4ubuntu2.12) ...
#5 2350.3 Setting up node-color-name (1.1.4+~1.1.1-2) ...
#5 2350.3 Setting up libnss-systemd:amd64 (249.11-0ubuntu3.22) ...
#5 2350.3 First installation detected...
#5 2350.3 Checking NSS setup...
#5 2350.3 Setting up xkb-data (2.33-1) ...
#5 2350.3 Setting up libnpth0:amd64 (1.6-3build2) ...
#5 2350.3 Setting up libc-ares2:amd64 (1.18.1-1ubuntu0.22.04.3) ...
#5 2350.3 Setting up libassuan0:amd64 (2.5.5-1build1) ...
#5 2350.3 Setting up libgomp1:amd64 (12.3.0-1ubuntu1~22.04.3) ...
#5 2350.3 Setting up perl-modules-5.34 (5.34.0-3ubuntu1.7) ...
#5 2350.3 Setting up bzip2 (1.0.8-5build1) ...
#5 2350.3 Setting up libldap-common (2.5.20+dfsg-0ubuntu0.22.04.1) ...
#5 2350.3 Setting up libunwind8:amd64 (1.3.2-2build2.1) ...
#5 2350.3 Setting up libjbig0:amd64 (2.1-3.1ubuntu0.22.04.1) ...
#5 2350.3 Setting up node-indent-string (4.0.0-2) ...
#5 2350.3 Setting up libcolord2:amd64 (1.4.6-1) ...
#5 2350.3 Setting up xxd (2:8.2.3995-1ubuntu2.34) ...
#5 2350.3 Setting up libfakeroot:amd64 (1.28-1ubuntu1) ...
#5 2350.3 Setting up libasan6:amd64 (11.4.0-1ubuntu1~22.04.3) ...
#5 2350.3 Setting up node-function-bind (1.1.1+repacked+~1.0.3-1) ...
#5 2350.3 Setting up node-p-map (4.0.0+~3.1.0+~3.0.1-1) ...
#5 2350.3 Setting up node-iferr (1.0.2+~1.0.2-1) ...
#5 2350.3 Setting up node-chownr (2.0.0-1) ...
#5 2350.3 Setting up node-has-flag (4.0.0-2) ...
#5 2350.3 Setting up libsasl2-modules-db:amd64 (2.1.27+dfsg2-3ubuntu1.2) ...
#5 2350.3 Setting up fakeroot (1.28-1ubuntu1) ...
#5 2350.3 update-alternatives: using /usr/bin/fakeroot-sysv to provide /usr/bin/fakeroot (fakeroot) in auto mode
#5 2350.3 update-alternatives: warning: skip creation of /usr/share/man/man1/fakeroot.1.gz because associated file /usr/share/man/man1/fakeroot-sysv.1.gz (of link group fakeroot) doesn't exist
#5 2350.3 update-alternatives: warning: skip creation of /usr/share/man/man1/faked.1.gz because associated file /usr/share/man/man1/faked-sysv.1.gz (of link group fakeroot) doesn't exist
#5 2350.3 update-alternatives: warning: skip creation of /usr/share/man/es/man1/fakeroot.1.gz because associated file /usr/share/man/es/man1/fakeroot-sysv.1.gz (of link group fakeroot) doesn't exist
#5 2350.3 update-alternatives: warning: skip creation of /usr/share/man/es/man1/faked.1.gz because associated file /usr/share/man/es/man1/faked-sysv.1.gz (of link group fakeroot) doesn't exist
#5 2350.3 update-alternatives: warning: skip creation of /usr/share/man/fr/man1/fakeroot.1.gz because associated file /usr/share/man/fr/man1/fakeroot-sysv.1.gz (of link group fakeroot) doesn't exist
#5 2350.3 update-alternatives: warning: skip creation of /usr/share/man/fr/man1/faked.1.gz because associated file /usr/share/man/fr/man1/faked-sysv.1.gz (of link group fakeroot) doesn't exist
#5 2350.3 update-alternatives: warning: skip creation of /usr/share/man/sv/man1/fakeroot.1.gz because associated file /usr/share/man/sv/man1/fakeroot-sysv.1.gz (of link group fakeroot) doesn't exist
#5 2350.3 update-alternatives: warning: skip creation of /usr/share/man/sv/man1/faked.1.gz because associated file /usr/share/man/sv/man1/faked-sysv.1.gz (of link group fakeroot) doesn't exist
#5 2350.3 Setting up libdconf1:amd64 (0.40.0-3ubuntu0.1) ...
#5 2350.3 Setting up node-lodash-packages (4.17.21+dfsg+~cs8.31.198.20210220-5) ...
#5 2350.3 Setting up libjs-psl (1.8.0+ds-6) ...
#5 2350.3 Setting up node-asap (2.0.6+~2.0.0-1) ...
#5 2350.4 Setting up node-inherits (2.0.4-4) ...
#5 2350.4 Setting up node-path-is-absolute (2.0.0-2) ...
#5 2350.4 Setting up node-universalify (2.0.0-3) ...
#5 2350.4 Setting up node-ini (2.0.1-1) ...
#5 2350.4 Setting up libfontenc1:amd64 (1:1.1.4-1build3) ...
#5 2350.4 Setting up node-safe-buffer (5.2.1+~cs2.1.2-2) ...
#5 2350.4 Setting up node-promise-inflight (1.0.1+~1.0.0-1) ...
#5 2350.4 Setting up libglib2.0-data (2.72.4-0ubuntu2.9) ...
#5 2350.4 Setting up libtirpc-dev:amd64 (1.3.2-2ubuntu0.1) ...
#5 2350.4 Setting up libuv1:amd64 (1.43.0-1ubuntu0.1) ...
#5 2350.4 Setting up rpcsvc-proto (1.4.2-0ubuntu6) ...
#5 2350.4 Setting up vim-common (2:8.2.3995-1ubuntu2.34) ...
#5 2350.4 Setting up node-json-parse-better-errors (1.0.2+~cs3.3.1-1) ...
#5 2350.4 Setting up node-sprintf-js (1.1.2+ds1+~1.1.2-1) ...
#5 2350.4 Setting up node-tmatch (5.0.0-4) ...
#5 2350.4 Setting up node-err-code (2.0.3+dfsg-3) ...
#5 2350.4 Setting up libx11-data (2:1.7.5-1ubuntu0.3) ...
#5 2350.4 Setting up make (4.3-4.1build1) ...
#5 2350.4 Setting up libepoxy0:amd64 (1.5.10-1) ...
#5 2350.4 Setting up libmpfr6:amd64 (4.1.0-3build3) ...
#5 2350.4 Setting up gnupg-l10n (2.2.27-3ubuntu2.5) ...
#5 2350.4 Setting up librtmp1:amd64 (2.4+20151223.gitfa8646d.1-2build4) ...
#5 2350.4 Setting up node-balanced-match (2.0.0-1) ...
#5 2350.4 Setting up node-brace-expansion (2.0.1-1) ...
#5 2350.4 Setting up libavahi-common-data:amd64 (0.8-5ubuntu5.5) ...
#5 2350.4 Setting up node-spdx-exceptions (2.3.0-2) ...
#5 2350.4 Setting up libdbus-1-3:amd64 (1.12.20-2ubuntu4.1) ...
#5 2350.4 Setting up dbus (1.12.20-2ubuntu4.1) ...
#5 2350.5 Setting up xz-utils (5.2.5-2ubuntu1.1) ...
#5 2350.5 update-alternatives: using /usr/bin/xz to provide /usr/bin/lzma (lzma) in auto mode
#5 2350.5 update-alternatives: warning: skip creation of /usr/share/man/man1/lzma.1.gz because associated file /usr/share/man/man1/xz.1.gz (of link group lzma) doesn't exist
#5 2350.5 update-alternatives: warning: skip creation of /usr/share/man/man1/unlzma.1.gz because associated file /usr/share/man/man1/unxz.1.gz (of link group lzma) doesn't exist
#5 2350.5 update-alternatives: warning: skip creation of /usr/share/man/man1/lzcat.1.gz because associated file /usr/share/man/man1/xzcat.1.gz (of link group lzma) doesn't exist
#5 2350.5 update-alternatives: warning: skip creation of /usr/share/man/man1/lzmore.1.gz because associated file /usr/share/man/man1/xzmore.1.gz (of link group lzma) doesn't exist
#5 2350.5 update-alternatives: warning: skip creation of /usr/share/man/man1/lzless.1.gz because associated file /usr/share/man/man1/xzless.1.gz (of link group lzma) doesn't exist
#5 2350.5 update-alternatives: warning: skip creation of /usr/share/man/man1/lzdiff.1.gz because associated file /usr/share/man/man1/xzdiff.1.gz (of link group lzma) doesn't exist
#5 2350.5 update-alternatives: warning: skip creation of /usr/share/man/man1/lzcmp.1.gz because associated file /usr/share/man/man1/xzcmp.1.gz (of link group lzma) doesn't exist
#5 2350.5 update-alternatives: warning: skip creation of /usr/share/man/man1/lzgrep.1.gz because associated file /usr/share/man/man1/xzgrep.1.gz (of link group lzma) doesn't exist
#5 2350.5 update-alternatives: warning: skip creation of /usr/share/man/man1/lzegrep.1.gz because associated file /usr/share/man/man1/xzegrep.1.gz (of link group lzma) doesn't exist
#5 2350.5 update-alternatives: warning: skip creation of /usr/share/man/man1/lzfgrep.1.gz because associated file /usr/share/man/man1/xzfgrep.1.gz (of link group lzma) doesn't exist
#5 2350.5 Setting up libfribidi0:amd64 (1.0.8-2ubuntu3.1) ...
#5 2350.5 Setting up libquadmath0:amd64 (12.3.0-1ubuntu1~22.04.3) ...
#5 2350.5 Setting up node-set-blocking (2.0.0-2) ...
#5 2350.5 Setting up libssl-dev:amd64 (3.0.2-0ubuntu1.26) ...
#5 2350.5 Setting up libpng16-16:amd64 (1.6.37-3ubuntu0.5) ...
#5 2350.5 Setting up libmpc3:amd64 (1.2.1-2build1) ...
#5 2350.5 Setting up systemd-timesyncd (249.11-0ubuntu3.22) ...
#5 2350.7 Created symlink /etc/systemd/system/dbus-org.freedesktop.timesync1.service → /lib/systemd/system/systemd-timesyncd.service.
#5 2350.7 Created symlink /etc/systemd/system/sysinit.target.wants/systemd-timesyncd.service → /lib/systemd/system/systemd-timesyncd.service.
#5 2350.7 Setting up libatomic1:amd64 (12.3.0-1ubuntu1~22.04.3) ...
#5 2350.7 Setting up node-npm-bundled (1.1.2-1) ...
#5 2350.7 Setting up patch (2.7.6-7build2) ...
#5 2350.7 Setting up sudo (1.9.9-1ubuntu2.6) ...
#5 2350.8 Setting up fonts-dejavu-core (2.37-2build1) ...
#5 2350.8 Setting up node-signal-exit (3.0.6+~3.0.1-1) ...
#5 2350.8 Setting up ucf (3.0043) ...
#5 2350.8 Setting up libsensors5:amd64 (1:3.6.0-7ubuntu1) ...
#5 2350.8 Setting up libjpeg-turbo8:amd64 (2.1.2-0ubuntu1) ...
#5 2350.8 Setting up node-source-map (0.7.0++dfsg2+really.0.6.1-9) ...
#5 2350.8 Setting up node-wrappy (1.0.2-2) ...
#5 2350.8 Setting up libglapi-mesa:amd64 (23.2.1-1ubuntu3.1~22.04.4) ...
#5 2350.9 Setting up node-text-table (0.2.0-4) ...
#5 2350.9 Setting up libsasl2-2:amd64 (2.1.27+dfsg2-3ubuntu1.2) ...
#5 2350.9 Setting up libssh-4:amd64 (0.9.6-2ubuntu0.22.04.7) ...
#5 2350.9 Setting up node-asynckit (0.4.0-4) ...
#5 2350.9 Setting up node-ip (1.1.5+~1.1.0-1) ...
#5 2350.9 Setting up node-quick-lru (5.1.1-1) ...
#5 2350.9 Setting up libwebp7:amd64 (1.2.2-2ubuntu0.22.04.2) ...
#5 2350.9 Setting up libubsan1:amd64 (12.3.0-1ubuntu1~22.04.3) ...
#5 2350.9 Setting up libatk1.0-data (2.36.0-3build1) ...
#5 2350.9 Setting up nano (6.2-1ubuntu0.2) ...
#5 2350.9 update-alternatives: using /bin/nano to provide /usr/bin/editor (editor) in auto mode
#5 2350.9 update-alternatives: warning: skip creation of /usr/share/man/man1/editor.1.gz because associated file /usr/share/man/man1/nano.1.gz (of link group editor) doesn't exist
#5 2350.9 update-alternatives: using /bin/nano to provide /usr/bin/pico (pico) in auto mode
#5 2350.9 update-alternatives: warning: skip creation of /usr/share/man/man1/pico.1.gz because associated file /usr/share/man/man1/nano.1.gz (of link group pico) doesn't exist
#5 2350.9 Setting up node-mute-stream (0.0.8+~0.0.1-1) ...
#5 2350.9 Setting up node-mimic-response (3.1.0-7) ...
#5 2350.9 Setting up node-commander (9.0.0-2) ...
#5 2350.9 Setting up node-whatwg-fetch (3.6.2-5) ...
#5 2350.9 Setting up libjs-typedarray-to-buffer (4.0.0-2) ...
#5 2350.9 Setting up libmd0:amd64 (1.0.4-1build1) ...
#5 2350.9 Setting up libjs-highlight.js (9.18.5+dfsg1-1) ...
#5 2350.9 Setting up dmsetup (2:1.02.175-2.1ubuntu5) ...
#5 2350.9 Setting up libnsl-dev:amd64 (1.3.0-2build2) ...
#5 2350.9 Setting up libxshmfence1:amd64 (1.3-1build4) ...
#5 2350.9 Setting up libcrypt-dev:amd64 (1:4.4.27-1) ...
#5 2350.9 Setting up node-clean-yaml-object (0.1.0-5) ...
#5 2350.9 Setting up libmpdec3:amd64 (2.5.1-2build2) ...
#5 2350.9 Setting up libpam-systemd:amd64 (249.11-0ubuntu3.22) ...
#5 2351.0 Setting up node-ip-regex (4.3.0+~4.1.1-1) ...
#5 2351.0 Setting up node-stealthy-require (1.1.1-5) ...
#5 2351.0 Setting up git-man (1:2.34.1-1ubuntu1.17) ...
#5 2351.0 Setting up libthai-data (0.1.29-1build1) ...
#5 2351.0 Setting up libgirepository-1.0-1:amd64 (1.72.0-1) ...
#5 2351.1 Setting up node-spdx-license-ids (3.0.11-1) ...
#5 2351.1 Setting up node-string-decoder (1.3.0-5) ...
#5 2351.1 Setting up netbase (6.3) ...
#5 2351.1 Setting up node-time-stamp (2.2.0-1) ...
#5 2351.1 Setting up libjs-events (3.3.0+~3.0.0-2) ...
#5 2351.1 Setting up libatk1.0-0:amd64 (2.36.0-3build1) ...
#5 2351.1 Setting up node-core-util-is (1.0.3-1) ...
#5 2351.1 Setting up libwayland-egl1:amd64 (1.20.0-1ubuntu0.1) ...
#5 2351.1 Setting up node-minimatch (3.1.1+~3.0.5-1) ...
#5 2351.1 Setting up libjs-jquery (3.6.0+dfsg+~3.5.13-1) ...
#5 2351.1 Setting up libbinutils:amd64 (2.38-4ubuntu2.12) ...
#5 2351.1 Setting up vim-runtime (2:8.2.3995-1ubuntu2.34) ...
#5 2351.2 Setting up node-imurmurhash (0.1.4+dfsg+~0.1.1-1) ...
#5 2351.2 Setting up libfido2-1:amd64 (1.10.0-1) ...
#5 2351.2 Setting up libisl23:amd64 (0.24-2build1) ...
#5 2351.2 Setting up node-foreground-child (2.0.0-3) ...
#5 2351.2 Setting up libc-dev-bin (2.35-0ubuntu3.14) ...
#5 2351.2 Setting up node-read (1.0.7-3) ...
#5 2351.2 Setting up openssl (3.0.2-0ubuntu1.26) ...
#5 2351.2 Setting up libbsd0:amd64 (0.11.5-1) ...
#5 2351.2 Setting up libdrm-common (2.4.113-2~ubuntu0.22.04.1) ...
#5 2351.2 Setting up libelf1:amd64 (0.186-1ubuntu0.1) ...
#5 2351.2 Setting up readline-common (8.1.2-1) ...
#5 2351.2 Setting up publicsuffix (20211207.1025-1) ...
#5 2351.2 Setting up node-is-buffer (2.0.5-2) ...
#5 2351.2 Setting up xdg-utils (1.1.3-4.1ubuntu3~22.04.1) ...
#5 2351.2 update-alternatives: using /usr/bin/xdg-open to provide /usr/bin/open (open) in auto mode
#5 2351.2 update-alternatives: warning: skip creation of /usr/share/man/man1/open.1.gz because associated file /usr/share/man/man1/xdg-open.1.gz (of link group open) doesn't exist
#5 2351.2 Setting up node-color-convert (2.0.1-1) ...
#5 2351.2 Setting up libcc1-0:amd64 (12.3.0-1ubuntu1~22.04.3) ...
#5 2351.2 Setting up liblocale-gettext-perl (1.07-4build3) ...
#5 2351.2 Setting up node-webidl-conversions (7.0.0~1.1.0+~cs15.1.20180823-2) ...
#5 2351.2 Setting up liblsan0:amd64 (12.3.0-1ubuntu1~22.04.3) ...
#5 2351.2 Setting up libitm1:amd64 (12.3.0-1ubuntu1~22.04.3) ...
#5 2351.2 Setting up node-isarray (2.0.5-3) ...
#5 2351.2 Setting up node-osenv (0.1.5+~0.1.0-1) ...
#5 2351.2 Setting up node-is-plain-obj (3.0.0-2) ...
#5 2351.2 Setting up libgdbm6:amd64 (1.23-1) ...
#5 2351.2 Setting up libjs-underscore (1.13.2~dfsg-2) ...
#5 2351.2 Setting up libicu70:amd64 (70.1-2) ...
#5 2351.3 Setting up libjs-is-typedarray (1.0.0-4) ...
#5 2351.3 Setting up node-lowercase-keys (2.0.0-2) ...
#5 2351.3 Setting up node-decompress-response (6.0.0-2) ...
#5 2351.3 Setting up libtsan0:amd64 (11.4.0-1ubuntu1~22.04.3) ...
#5 2351.3 Setting up libxkbcommon0:amd64 (1.4.0-1) ...
#5 2351.3 Setting up node-process-nextick-args (2.0.1-2) ...
#5 2351.3 Setting up node-has-unicode (2.0.1-4) ...
#5 2351.3 Setting up libwayland-client0:amd64 (1.20.0-1ubuntu0.1) ...
#5 2351.3 Setting up libctf0:amd64 (2.38-4ubuntu2.12) ...
#5 2351.3 Setting up libjpeg8:amd64 (8c-2ubuntu10) ...
#5 2351.3 Setting up pinentry-curses (1.1.1-1build2) ...
#5 2351.3 Setting up libuv1-dev:amd64 (1.43.0-1ubuntu0.1) ...
#5 2351.3 Setting up cpp-11 (11.4.0-1ubuntu1~22.04.3) ...
#5 2351.3 Setting up node-readable-stream (3.6.0+~cs3.0.0-1) ...
#5 2351.3 Setting up manpages-dev (5.10-1ubuntu1) ...
#5 2351.3 Setting up libice6:amd64 (2:1.0.10-1build2) ...
#5 2351.3 Setting up session-migration (0.3.6) ...
#5 2351.4 Created symlink /etc/systemd/user/graphical-session-pre.target.wants/session-migration.service → /usr/lib/systemd/user/session-migration.service.
#5 2351.4 Setting up libxdmcp6:amd64 (1:1.1.3-0ubuntu5) ...
#5 2351.4 Setting up node-lru-cache (6.0.0+~5.1.1-1) ...
#5 2351.4 Setting up node-promise-retry (2.0.1-2) ...
#5 2351.4 Setting up libxcb1:amd64 (1.14-3ubuntu3) ...
#5 2351.4 Setting up node-supports-color (8.1.1+~8.1.1-1) ...
#5 2351.4 Setting up libxcb-xfixes0:amd64 (1.14-3ubuntu3) ...
#5 2351.4 Setting up node-once (1.4.0-4) ...
#5 2351.4 Setting up libxcb-render0:amd64 (1.14-3ubuntu3) ...
#5 2351.4 Setting up fontconfig-config (2.13.1-4.2ubuntu5) ...
#5 2351.5 Setting up libxcb-glx0:amd64 (1.14-3ubuntu3) ...
#5 2351.5 Setting up node-resolve (1.20.0+~cs5.27.9-1) ...
#5 2351.5 Setting up libedit2:amd64 (3.1-20210910-1build1) ...
#5 2351.5 Setting up libreadline8:amd64 (8.1.2-1) ...
#5 2351.5 Setting up node-are-we-there-yet (3.0.0+~1.1.0-1) ...
#5 2351.5 Setting up libxcb-shape0:amd64 (1.14-3ubuntu3) ...
#5 2351.5 Setting up libavahi-common3:amd64 (0.8-5ubuntu5.5) ...
#5 2351.5 Setting up node-kind-of (6.0.3+dfsg-2) ...
#5 2351.5 Setting up libxcb-shm0:amd64 (1.14-3ubuntu3) ...
#5 2351.5 Setting up node-minimist (1.2.5+~cs5.3.2-1) ...
#5 2351.5 Setting up libldap-2.5-0:amd64 (2.5.20+dfsg-0ubuntu0.22.04.1) ...
#5 2351.5 Setting up node-fancy-log (1.3.3+~cs1.3.1-2) ...
#5 2351.5 Setting up libnode72:amd64 (12.22.9~dfsg-1ubuntu3.6) ...
#5 2351.5 Setting up libxcb-present0:amd64 (1.14-3ubuntu3) ...
#5 2351.5 Setting up node-promzard (0.3.0-2) ...
#5 2351.5 Setting up libpython3.10-stdlib:amd64 (3.10.12-1~22.04.16) ...
#5 2351.5 Setting up libthai0:amd64 (0.1.29-1build1) ...
#5 2351.5 Setting up ca-certificates (20260601~22.04.1) ...
#5 2351.8 Updating certificates in /etc/ssl/certs...
#5 2352.2 121 added, 0 removed; done.
#5 2352.2 Setting up dbus-user-session (1.12.20-2ubuntu4.1) ...
#5 2352.2 Setting up node-iconv-lite (0.6.3-2) ...
#5 2352.2 Setting up libfreetype6:amd64 (2.11.1+dfsg-1ubuntu0.3) ...
#5 2352.2 Setting up node-ansi-styles (4.3.0+~4.2.0-1) ...
#5 2352.2 Setting up libxcb-sync1:amd64 (1.14-3ubuntu3) ...
#5 2352.2 Setting up libgdbm-compat4:amd64 (1.23-1) ...
#5 2352.2 Setting up node-spdx-expression-parse (3.0.1+~3.0.1-1) ...
#5 2352.2 Setting up gir1.2-glib-2.0:amd64 (1.72.0-1) ...
#5 2352.2 Setting up libjs-sphinxdoc (4.3.2-1) ...
#5 2352.2 Setting up nodejs-doc (12.22.9~dfsg-1ubuntu3.6) ...
#5 2352.2 Setting up libxcb-dri2-0:amd64 (1.14-3ubuntu3) ...
#5 2352.2 Setting up node-is-typedarray (1.0.0-4) ...
#5 2352.2 Setting up libgcc-11-dev:amd64 (11.4.0-1ubuntu1~22.04.3) ...
#5 2352.3 Setting up libdrm2:amd64 (2.4.113-2~ubuntu0.22.04.1) ...
#5 2352.3 Setting up node-inflight (1.0.6-2) ...
#5 2352.3 Setting up libwayland-cursor0:amd64 (1.20.0-1ubuntu0.1) ...
#5 2352.3 Setting up libxcb-randr0:amd64 (1.14-3ubuntu3) ...
#5 2352.3 Setting up cpp (4:11.2.0-1ubuntu1) ...
#5 2352.3 Setting up node-hosted-git-info (4.0.2-1) ...
#5 2352.3 Setting up gpgconf (2.2.27-3ubuntu2.5) ...
#5 2352.3 Setting up libcurl4:amd64 (7.81.0-1ubuntu1.25) ...
#5 2352.3 Setting up libc6-dev:amd64 (2.35-0ubuntu3.14) ...
#5 2352.3 Setting up libx11-6:amd64 (2:1.7.5-1ubuntu0.3) ...
#5 2352.3 Setting up libharfbuzz0b:amd64 (2.7.4-1ubuntu3.2) ...
#5 2352.3 Setting up libtiff5:amd64 (4.3.0-6ubuntu0.13) ...
#5 2352.3 Setting up curl (7.81.0-1ubuntu1.25) ...
#5 2352.3 Setting up libfontconfig1:amd64 (2.13.1-4.2ubuntu5) ...
#5 2352.3 Setting up libxkbfile1:amd64 (1:1.1.0-1build3) ...
#5 2352.3 Setting up node-encoding (0.1.13-2) ...
#5 2352.3 Setting up libxcomposite1:amd64 (1:0.4.5-1build2) ...
#5 2352.3 Setting up libsm6:amd64 (2:1.2.3-1build2) ...
#5 2352.3 Setting up libxml2:amd64 (2.9.13+dfsg-1ubuntu0.12) ...
#5 2352.3 Setting up libavahi-client3:amd64 (0.8-5ubuntu5.5) ...
#5 2352.3 Setting up libxmuu1:amd64 (2:1.1.3-3) ...
#5 2352.3 Setting up gpg (2.2.27-3ubuntu2.5) ...
#5 2352.3 Setting up node-slice-ansi (5.0.0+~cs9.0.0-4) ...
#5 2352.3 Setting up libpython3-stdlib:amd64 (3.10.6-1~22.04.1) ...
#5 2352.3 Setting up gnupg-utils (2.2.27-3ubuntu2.5) ...
#5 2352.3 Setting up binutils-x86-64-linux-gnu (2.38-4ubuntu2.12) ...
#5 2352.3 Setting up libdrm-amdgpu1:amd64 (2.4.113-2~ubuntu0.22.04.1) ...
#5 2352.3 Setting up libxcb-dri3-0:amd64 (1.14-3ubuntu3) ...
#5 2352.3 Setting up libx11-xcb1:amd64 (2:1.7.5-1ubuntu0.3) ...
#5 2352.3 Setting up libpython3.10:amd64 (3.10.12-1~22.04.16) ...
#5 2352.4 Setting up fontconfig (2.13.1-4.2ubuntu5) ...
#5 2352.4 Regenerating fonts cache... done.
#5 2354.4 Setting up libperl5.34:amd64 (5.34.0-3ubuntu1.7) ...
#5 2354.4 Setting up libdrm-nouveau2:amd64 (2.4.113-2~ubuntu0.22.04.1) ...
#5 2354.4 Setting up vim (2:8.2.3995-1ubuntu2.34) ...
#5 2354.4 update-alternatives: using /usr/bin/vim.basic to provide /usr/bin/vim (vim) in auto mode
#5 2354.4 update-alternatives: using /usr/bin/vim.basic to provide /usr/bin/vimdiff (vimdiff) in auto mode
#5 2354.4 update-alternatives: using /usr/bin/vim.basic to provide /usr/bin/rvim (rvim) in auto mode
#5 2354.4 update-alternatives: using /usr/bin/vim.basic to provide /usr/bin/rview (rview) in auto mode
#5 2354.4 update-alternatives: using /usr/bin/vim.basic to provide /usr/bin/vi (vi) in auto mode
#5 2354.4 update-alternatives: warning: skip creation of /usr/share/man/da/man1/vi.1.gz because associated file /usr/share/man/da/man1/vim.1.gz (of link group vi) doesn't exist
#5 2354.4 update-alternatives: warning: skip creation of /usr/share/man/de/man1/vi.1.gz because associated file /usr/share/man/de/man1/vim.1.gz (of link group vi) doesn't exist
#5 2354.4 update-alternatives: warning: skip creation of /usr/share/man/fr/man1/vi.1.gz because associated file /usr/share/man/fr/man1/vim.1.gz (of link group vi) doesn't exist
#5 2354.4 update-alternatives: warning: skip creation of /usr/share/man/it/man1/vi.1.gz because associated file /usr/share/man/it/man1/vim.1.gz (of link group vi) doesn't exist
#5 2354.4 update-alternatives: warning: skip creation of /usr/share/man/ja/man1/vi.1.gz because associated file /usr/share/man/ja/man1/vim.1.gz (of link group vi) doesn't exist
#5 2354.4 update-alternatives: warning: skip creation of /usr/share/man/pl/man1/vi.1.gz because associated file /usr/share/man/pl/man1/vim.1.gz (of link group vi) doesn't exist
#5 2354.4 update-alternatives: warning: skip creation of /usr/share/man/ru/man1/vi.1.gz because associated file /usr/share/man/ru/man1/vim.1.gz (of link group vi) doesn't exist
#5 2354.4 update-alternatives: warning: skip creation of /usr/share/man/man1/vi.1.gz because associated file /usr/share/man/man1/vim.1.gz (of link group vi) doesn't exist
#5 2354.4 update-alternatives: using /usr/bin/vim.basic to provide /usr/bin/view (view) in auto mode
#5 2354.4 update-alternatives: warning: skip creation of /usr/share/man/da/man1/view.1.gz because associated file /usr/share/man/da/man1/vim.1.gz (of link group view) doesn't exist
#5 2354.4 update-alternatives: warning: skip creation of /usr/share/man/de/man1/view.1.gz because associated file /usr/share/man/de/man1/vim.1.gz (of link group view) doesn't exist
#5 2354.4 update-alternatives: warning: skip creation of /usr/share/man/fr/man1/view.1.gz because associated file /usr/share/man/fr/man1/vim.1.gz (of link group view) doesn't exist
#5 2354.4 update-alternatives: warning: skip creation of /usr/share/man/it/man1/view.1.gz because associated file /usr/share/man/it/man1/vim.1.gz (of link group view) doesn't exist
#5 2354.4 update-alternatives: warning: skip creation of /usr/share/man/ja/man1/view.1.gz because associated file /usr/share/man/ja/man1/vim.1.gz (of link group view) doesn't exist
#5 2354.4 update-alternatives: warning: skip creation of /usr/share/man/pl/man1/view.1.gz because associated file /usr/share/man/pl/man1/vim.1.gz (of link group view) doesn't exist
#5 2354.4 update-alternatives: warning: skip creation of /usr/share/man/ru/man1/view.1.gz because associated file /usr/share/man/ru/man1/vim.1.gz (of link group view) doesn't exist
#5 2354.4 update-alternatives: warning: skip creation of /usr/share/man/man1/view.1.gz because associated file /usr/share/man/man1/vim.1.gz (of link group view) doesn't exist
#5 2354.4 update-alternatives: using /usr/bin/vim.basic to provide /usr/bin/ex (ex) in auto mode
#5 2354.4 update-alternatives: warning: skip creation of /usr/share/man/da/man1/ex.1.gz because associated file /usr/share/man/da/man1/vim.1.gz (of link group ex) doesn't exist
#5 2354.4 update-alternatives: warning: skip creation of /usr/share/man/de/man1/ex.1.gz because associated file /usr/share/man/de/man1/vim.1.gz (of link group ex) doesn't exist
#5 2354.4 update-alternatives: warning: skip creation of /usr/share/man/fr/man1/ex.1.gz because associated file /usr/share/man/fr/man1/vim.1.gz (of link group ex) doesn't exist
#5 2354.4 update-alternatives: warning: skip creation of /usr/share/man/it/man1/ex.1.gz because associated file /usr/share/man/it/man1/vim.1.gz (of link group ex) doesn't exist
#5 2354.4 update-alternatives: warning: skip creation of /usr/share/man/ja/man1/ex.1.gz because associated file /usr/share/man/ja/man1/vim.1.gz (of link group ex) doesn't exist
#5 2354.4 update-alternatives: warning: skip creation of /usr/share/man/pl/man1/ex.1.gz because associated file /usr/share/man/pl/man1/vim.1.gz (of link group ex) doesn't exist
#5 2354.4 update-alternatives: warning: skip creation of /usr/share/man/ru/man1/ex.1.gz because associated file /usr/share/man/ru/man1/vim.1.gz (of link group ex) doesn't exist
#5 2354.4 update-alternatives: warning: skip creation of /usr/share/man/man1/ex.1.gz because associated file /usr/share/man/man1/vim.1.gz (of link group ex) doesn't exist
#5 2354.4 Setting up libxdamage1:amd64 (1:1.1.5-2build2) ...
#5 2354.4 Setting up gpg-agent (2.2.27-3ubuntu2.5) ...
#5 2354.5 Created symlink /etc/systemd/user/sockets.target.wants/gpg-agent-browser.socket → /usr/lib/systemd/user/gpg-agent-browser.socket.
#5 2354.6 Created symlink /etc/systemd/user/sockets.target.wants/gpg-agent-extra.socket → /usr/lib/systemd/user/gpg-agent-extra.socket.
#5 2354.7 Created symlink /etc/systemd/user/sockets.target.wants/gpg-agent-ssh.socket → /usr/lib/systemd/user/gpg-agent-ssh.socket.
#5 2354.8 Created symlink /etc/systemd/user/sockets.target.wants/gpg-agent.socket → /usr/lib/systemd/user/gpg-agent.socket.
#5 2354.8 Setting up node-end-of-stream (1.4.4+~1.4.1-1) ...
#5 2354.8 Setting up python3.10 (3.10.12-1~22.04.16) ...
#5 2355.4 Setting up libxpm4:amd64 (1:3.5.12-1ubuntu0.22.04.3) ...
#5 2355.4 Setting up node-pump (3.0.0-5) ...
#5 2355.4 Setting up libxrender1:amd64 (1:0.9.10-1build4) ...
#5 2355.4 Setting up libnode-dev (12.22.9~dfsg-1ubuntu3.6) ...
#5 2355.4 Setting up libdrm-radeon1:amd64 (2.4.113-2~ubuntu0.22.04.1) ...
#5 2355.4 Setting up openssh-client (1:8.9p1-3ubuntu0.16) ...
#5 2355.5 update-alternatives: using /usr/bin/ssh to provide /usr/bin/rsh (rsh) in auto mode
#5 2355.5 update-alternatives: warning: skip creation of /usr/share/man/man1/rsh.1.gz because associated file /usr/share/man/man1/ssh.1.gz (of link group rsh) doesn't exist
#5 2355.5 update-alternatives: using /usr/bin/slogin to provide /usr/bin/rlogin (rlogin) in auto mode
#5 2355.5 update-alternatives: warning: skip creation of /usr/share/man/man1/rlogin.1.gz because associated file /usr/share/man/man1/slogin.1.gz (of link group rlogin) doesn't exist
#5 2355.5 update-alternatives: using /usr/bin/scp to provide /usr/bin/rcp (rcp) in auto mode
#5 2355.5 update-alternatives: warning: skip creation of /usr/share/man/man1/rcp.1.gz because associated file /usr/share/man/man1/scp.1.gz (of link group rcp) doesn't exist
#5 2355.5 Setting up gpgsm (2.2.27-3ubuntu2.5) ...
#5 2355.5 Setting up libpango-1.0-0:amd64 (1.50.6+ds-2ubuntu1) ...
#5 2355.5 Setting up libdrm-intel1:amd64 (2.4.113-2~ubuntu0.22.04.1) ...
#5 2355.5 Setting up libxext6:amd64 (2:1.3.4-1build1) ...
#5 2355.5 Setting up libcurl3-gnutls:amd64 (7.81.0-1ubuntu1.25) ...
#5 2355.5 Setting up dconf-service (0.40.0-3ubuntu0.1) ...
#5 2355.5 Setting up python3 (3.10.6-1~22.04.1) ...
#5 2355.6 Setting up binutils (2.38-4ubuntu2.12) ...
#5 2355.6 Setting up nodejs (12.22.9~dfsg-1ubuntu3.6) ...
#5 2355.6 update-alternatives: using /usr/bin/nodejs to provide /usr/bin/js (js) in auto mode
#5 2355.6 update-alternatives: warning: skip creation of /usr/share/man/man1/js.1.gz because associated file /usr/share/man/man1/nodejs.1.gz (of link group js) doesn't exist
#5 2355.6 Setting up node-abab (2.0.5-2) ...
#5 2355.6 Setting up libcairo2:amd64 (1.16.0-5ubuntu2.1) ...
#5 2355.6 Setting up node-argparse (2.0.1-2) ...
#5 2355.6 Setting up libxxf86vm1:amd64 (1:1.1.4-1build3) ...
#5 2355.6 Setting up node-clone (2.1.2-3) ...
#5 2355.6 Setting up node-mime (3.0.0+dfsg+~cs3.96.1-1) ...
#5 2355.6 Setting up dirmngr (2.2.27-3ubuntu2.5) ...
#5 2355.7 Created symlink /etc/systemd/user/sockets.target.wants/dirmngr.socket → /usr/lib/systemd/user/dirmngr.socket.
#5 2355.7 Setting up node-source-map-support (0.5.21+ds+~0.5.4-1) ...
#5 2355.7 Setting up node-spdx-correct (3.1.1-2) ...
#5 2355.7 Setting up perl (5.34.0-3ubuntu1.7) ...
#5 2355.7 Setting up node-combined-stream (1.0.8+~1.0.3-1) ...
#5 2355.7 Setting up node-unique-filename (1.1.1+ds-1) ...
#5 2355.7 Setting up libllvm11:amd64 (1:11.1.0-6) ...
#5 2355.7 Setting up libexpat1-dev:amd64 (2.4.7-1ubuntu0.7) ...
#5 2355.7 Setting up node-mime-types (2.1.33-1) ...
#5 2355.7 Setting up node-glob (7.2.1+~cs7.6.15-1) ...
#5 2355.7 Setting up libdata-dump-perl (1.25-1) ...
#5 2355.7 Setting up libxfixes3:amd64 (1:6.0.0-1) ...
#5 2355.7 Setting up libipc-system-simple-perl (1.30-1) ...
#5 2355.8 Setting up libxml-xpathengine-perl (0.14-1) ...
#5 2355.8 Setting up python3-gi (3.42.1-0ubuntu1) ...
#5 2355.9 Setting up node-get-stream (6.0.1-1) ...
#5 2355.9 Setting up shared-mime-info (2.1-2) ...
#5 2356.6 Setting up node-lcov-parse (1.0.0+20170612git80d039574ed9-5) ...
#5 2356.6 Setting up libxinerama1:amd64 (2:1.1.4-3) ...
#5 2356.6 Setting up node-cssom (0.4.4-3) ...
#5 2356.6 Setting up libgd3:amd64 (2.3.0-2ubuntu2.3) ...
#5 2356.6 Setting up node-form-data (3.0.1-1) ...
#5 2356.6 Setting up node-strip-ansi (6.0.1-1) ...
#5 2356.6 Setting up libxv1:amd64 (2:1.0.11-1build2) ...
#5 2356.6 Setting up libio-html-perl (1.004-2) ...
#5 2356.6 Setting up libxrandr2:amd64 (2:1.5.2-1build1) ...
#5 2356.6 Setting up node-chalk (4.1.2-1) ...
#5 2356.6 Setting up node-which (2.0.2+~cs1.3.2-2) ...
#5 2356.6 Setting up libxt6:amd64 (1:1.2.1-1) ...
#5 2356.6 Setting up node-typedarray-to-buffer (4.0.0-2) ...
#5 2356.6 Setting up libdpkg-perl (1.21.1ubuntu2.6) ...
#5 2356.6 Setting up node-punycode (2.1.1-5) ...
#5 2356.6 Setting up libtimedate-perl (2.3300-2) ...
#5 2356.6 Setting up libstdc++-11-dev:amd64 (11.4.0-1ubuntu1~22.04.3) ...
#5 2356.6 Setting up gpg-wks-server (2.2.27-3ubuntu2.5) ...
#5 2356.6 Setting up libcups2:amd64 (2.4.1op1-1ubuntu4.21) ...
#5 2356.6 Setting up node-defaults (1.0.3+~1.0.3-1) ...
#5 2356.6 Setting up zlib1g-dev:amd64 (1:1.2.11.dfsg-2ubuntu9.2) ...
#5 2356.6 Setting up gcc-11 (11.4.0-1ubuntu1~22.04.3) ...
#5 2356.6 Setting up node-graceful-fs (4.2.4+repack-1) ...
#5 2356.6 Setting up xauth (1:1.1-1build2) ...
#5 2356.6 Setting up node-minipass (3.1.6+~cs8.7.18-1) ...
#5 2356.6 Setting up libllvm15:amd64 (1:15.0.7-0ubuntu0.22.04.3) ...
#5 2356.6 Setting up node-aproba (2.0.0-2) ...
#5 2356.6 Setting up node-esprima (4.0.1+ds+~4.0.3-2) ...
#5 2356.6 Setting up libgdk-pixbuf-2.0-0:amd64 (2.42.8+dfsg-1ubuntu0.5) ...
#5 2356.7 Setting up libcairo-gobject2:amd64 (1.16.0-5ubuntu2.1) ...
#5 2356.7 Setting up node-mkdirp (1.0.4+~1.0.2-1) ...
#5 2356.7 Setting up node-run-queue (2.0.0-2) ...
#5 2356.7 Setting up node-opener (1.5.2+~1.4.0-1) ...
#5 2356.7 Setting up node-archy (1.0.0-4) ...
#5 2356.7 Setting up libpangoft2-1.0-0:amd64 (1.50.6+ds-2ubuntu1) ...
#5 2356.7 Setting up node-js-yaml (4.1.0+dfsg+~4.0.5-6) ...
#5 2356.7 Setting up python3-lib2to3 (3.10.8-1~22.04) ...
#5 2356.8 Setting up node-nopt (5.0.0-2) ...
#5 2356.8 Setting up liburi-perl (5.10-1) ...
#5 2356.8 Setting up libx11-protocol-perl (0.56-7.1) ...
#5 2356.8 Setting up libpangocairo-1.0-0:amd64 (1.50.6+ds-2ubuntu1) ...
#5 2356.8 Setting up node-ms (2.1.3+~cs0.7.31-2) ...
#5 2356.8 Setting up libc-devtools (2.35-0ubuntu3.14) ...
#5 2356.8 Setting up node-rimraf (3.0.2-1) ...
#5 2356.8 Setting up node-semver (7.3.5+~7.3.8-1) ...
#5 2356.8 Setting up node-fs-write-stream-atomic (1.0.10-5) ...
#5 2356.8 Setting up libnet-ssleay-perl:amd64 (1.92-1build2) ...
#5 2356.8 Setting up python3-pkg-resources (59.6.0-1.2ubuntu0.22.04.3) ...
#5 2356.9 Setting up python3-distutils (3.10.8-1~22.04) ...
#5 2357.0 Setting up node-builtins (4.0.0-1) ...
#5 2357.0 Setting up node-validate-npm-package-license (3.0.4-2) ...
#5 2357.0 Setting up libgl1-amber-dri:amd64 (21.3.9-0ubuntu1~22.04.2) ...
#5 2357.0 Setting up node-colors (1.4.0-3) ...
#5 2357.1 Setting up node-log-driver (1.2.7+git+20180219+bba1761737-7) ...
#5 2357.1 Setting up gtk-update-icon-cache (3.24.33-1ubuntu2.2) ...
#5 2357.1 Setting up node-ssri (8.0.1-2) ...
#5 2357.1 Setting up libhttp-date-perl (6.05-1ubuntu0.1) ...
#5 2357.1 Setting up node-object-assign (4.1.1-6) ...
#5 2357.1 Setting up python3-dbus (1.2.18-3build1) ...
#5 2357.2 Setting up libxft2:amd64 (2.3.4-1) ...
#5 2357.2 Setting up libxmu6:amd64 (2:1.1.3-3) ...
#5 2357.2 Setting up libfile-basedir-perl (0.09-1) ...
#5 2357.2 Setting up libtie-ixhash-perl (1.23-2.1) ...
#5 2357.2 Setting up libphobos2-ldc-shared98:amd64 (1:1.28.0-1ubuntu1) ...
#5 2357.2 Setting up libfile-listing-perl (6.14-1) ...
#5 2357.2 Setting up python3-setuptools (59.6.0-1.2ubuntu0.22.04.3) ...
#5 2357.4 Setting up libxi6:amd64 (2:1.8-1build1) ...
#5 2357.4 Setting up gpg-wks-client (2.2.27-3ubuntu2.5) ...
#5 2357.5 Setting up dconf-gsettings-backend:amd64 (0.40.0-3ubuntu0.1) ...
#5 2357.5 Setting up libfont-afm-perl (1.20-3) ...
#5 2357.5 Setting up node-write-file-atomic (3.0.3+~3.0.2-1) ...
#5 2357.5 Setting up node-psl (1.8.0+ds-6) ...
#5 2357.5 Setting up g++-11 (11.4.0-1ubuntu1~22.04.3) ...
#5 2357.5 Setting up libfile-fcntllock-perl (0.22-3build7) ...
#5 2357.5 Setting up node-copy-concurrently (1.0.5-8) ...
#5 2357.5 Setting up libclone-perl (0.45-1build3) ...
#5 2357.5 Setting up libalgorithm-diff-perl (1.201-1) ...
#5 2357.5 Setting up libio-stringy-perl (2.111-3) ...
#5 2357.5 Setting up libxtst6:amd64 (2:1.2.3-1build4) ...
#5 2357.5 Setting up libhtml-tagset-perl (3.20-4) ...
#5 2357.5 Setting up libauthen-sasl-perl (2.1600-1.1) ...
#5 2357.5 Setting up libxcursor1:amd64 (1:1.2.0-2build4) ...
#5 2357.5 Setting up liblwp-mediatypes-perl (6.04-1) ...
#5 2357.5 Setting up libgl1-mesa-dri:amd64 (23.2.1-1ubuntu3.1~22.04.4) ...
#5 2357.5 Setting up libtry-tiny-perl (0.31-1) ...
#5 2357.5 Setting up libxxf86dga1:amd64 (2:1.1.5-0ubuntu3) ...
#5 2357.5 Setting up node-stack-utils (2.0.5+~2.0.1-1) ...
#5 2357.5 Setting up node-move-concurrently (1.0.1-4) ...
#5 2357.5 Setting up libnet-http-perl (6.22-1) ...
#5 2357.5 Setting up node-json-buffer (3.0.1-1) ...
#5 2357.5 Setting up libencode-locale-perl (1.05-1.1) ...
#5 2357.5 Setting up node-console-control-strings (1.1.0-2) ...
#5 2357.5 Setting up node-debug (4.3.2+~cs4.1.7-1) ...
#5 2357.5 Setting up libxaw7:amd64 (2:1.0.14-1) ...
#5 2357.5 Setting up libatspi2.0-0:amd64 (2.44.0-3) ...
#5 2357.5 Setting up node-events (3.3.0+~3.0.0-2) ...
#5 2357.5 Setting up node-agent-base (6.0.2+~cs5.4.2-1) ...
#5 2357.5 Setting up x11-xserver-utils (7.7+9build1) ...
#5 2357.5 Setting up python3-wheel (0.37.1-2ubuntu0.22.04.1) ...
#5 2357.7 Setting up gcc (4:11.2.0-1ubuntu1) ...
#5 2357.7 Setting up dpkg-dev (1.21.1ubuntu2.6) ...
#5 2357.7 Setting up node-validate-npm-package-name (3.0.0-4) ...
#5 2357.7 Setting up librsvg2-2:amd64 (2.52.5+dfsg-3ubuntu0.2) ...
#5 2357.7 Setting up liberror-perl (0.17029-1) ...
#5 2357.7 Setting up node-wcwidth.js (1.0.2-1) ...
#5 2357.7 Setting up node-cssstyle (2.3.0-2) ...
#5 2357.7 Setting up libatk-bridge2.0-0:amd64 (2.38.0-3) ...
#5 2357.7 Setting up node-normalize-package-data (3.0.3+~2.4.1-1) ...
#5 2357.7 Setting up libnotify4:amd64 (0.7.9-3ubuntu5.22.04.1) ...
#5 2357.7 Setting up node-got (11.8.3+~cs58.7.37-1) ...
#5 2357.7 Setting up libpython3.10-dev:amd64 (3.10.12-1~22.04.16) ...
#5 2357.7 Setting up git (1:2.34.1-1ubuntu1.17) ...
#5 2357.7 Setting up python3-pip (22.0.2+dfsg-1ubuntu0.7) ...
#5 2358.5 Setting up librsvg2-common:amd64 (2.52.5+dfsg-3ubuntu0.2) ...
#5 2358.5 Setting up libfile-desktopentry-perl (0.22-2) ...
#5 2358.5 Setting up libnotify-bin (0.7.9-3ubuntu5.22.04.1) ...
#5 2358.5 Setting up node-tap-parser (7.0.0+ds1-6) ...
#5 2358.5 Setting up libwww-robotrules-perl (6.02-1) ...
#5 2358.5 Setting up python3.10-dev (3.10.12-1~22.04.16) ...
#5 2358.5 Setting up g++ (4:11.2.0-1ubuntu1) ...
#5 2358.5 update-alternatives: using /usr/bin/g++ to provide /usr/bin/c++ (c++) in auto mode
#5 2358.5 update-alternatives: warning: skip creation of /usr/share/man/man1/c++.1.gz because associated file /usr/share/man/man1/g++.1.gz (of link group c++) doesn't exist
#5 2358.5 Setting up node-tar (6.1.11+ds1+~cs6.0.6-1) ...
#5 2358.5 Setting up libgdk-pixbuf2.0-bin (2.42.8+dfsg-1ubuntu0.5) ...
#5 2358.5 Setting up libhtml-parser-perl:amd64 (3.76-1ubuntu0.1) ...
#5 2358.5 Setting up gnupg (2.2.27-3ubuntu2.5) ...
#5 2358.5 Setting up node-tough-cookie (4.0.0-2) ...
#5 2358.5 Setting up build-essential (12.9ubuntu3) ...
#5 2358.5 Setting up node-npm-package-arg (8.1.5-1) ...
#5 2358.5 Setting up libalgorithm-diff-xs-perl (0.04-6build3) ...
#5 2358.5 Setting up libio-socket-ssl-perl (2.074-2) ...
#5 2358.5 Setting up libgtk-3-common (3.24.33-1ubuntu2.2) ...
#5 2358.5 Setting up node-https-proxy-agent (5.0.0+~cs8.0.0-3) ...
#5 2358.5 Setting up libalgorithm-merge-perl (0.08-3) ...
#5 2358.5 Setting up node-string-width (4.2.3+~cs13.2.3-1) ...
#5 2358.5 Setting up libhttp-message-perl (6.36-1) ...
#5 2358.5 Setting up libhtml-form-perl (6.07-1) ...
#5 2358.6 Setting up gyp (0.1+20210831gitd6c5dd5-5) ...
#5 2358.8 Setting up networkd-dispatcher (2.1-2ubuntu0.22.04.2) ...
#5 2358.9 Created symlink /etc/systemd/system/multi-user.target.wants/networkd-dispatcher.service → /lib/systemd/system/networkd-dispatcher.service.
#5 2358.9 Setting up gsettings-desktop-schemas (42.0-1ubuntu1) ...
#5 2358.9 Setting up libfile-mimeinfo-perl (0.31-1) ...
#5 2358.9 Setting up libhttp-negotiate-perl (6.01-1) ...
#5 2358.9 Setting up node-cacache (15.0.5+~cs13.9.21-3) ...
#5 2358.9 Setting up libglx-mesa0:amd64 (23.2.1-1ubuntu3.1~22.04.4) ...
#5 2358.9 Setting up libpython3-dev:amd64 (3.10.6-1~22.04.1) ...
#5 2358.9 Setting up libglx0:amd64 (1.4.0-1) ...
#5 2358.9 Setting up node-columnify (1.5.4+~1.5.1-1) ...
#5 2358.9 Setting up libhttp-cookies-perl (6.10-1) ...
#5 2358.9 Setting up node-read-package-json (4.1.1-1) ...
#5 2358.9 Setting up libhtml-tree-perl (5.07-2) ...
#5 2358.9 Setting up node-growl (1.10.5-4) ...
#5 2358.9 Setting up libhtml-format-perl (2.12-1.1) ...
#5 2358.9 Setting up node-tap-mocha-reporter (3.0.7+ds-2) ...
#5 2358.9 Setting up libgl1:amd64 (1.4.0-1) ...
#5 2358.9 Setting up libnet-smtp-ssl-perl (1.04-1) ...
#5 2358.9 Setting up libmailtools-perl (2.21-1) ...
#5 2358.9 Setting up node-ws (8.5.0+~cs13.3.3-2) ...
#5 2358.9 Setting up python3-dev (3.10.6-1~22.04.1) ...
#5 2358.9 Setting up node-cli-table (0.3.11+~cs0.13.3-1) ...
#5 2358.9 Setting up node-jsdom (19.0.0+~cs90.11.27-1) ...
#5 2358.9 Setting up libhttp-daemon-perl (6.13-1ubuntu0.2) ...
#5 2359.0 Setting up at-spi2-core (2.44.0-3) ...
#5 2359.0 Setting up x11-utils (7.7+5build2) ...
#5 2359.0 Setting up node-wide-align (1.1.3-4) ...
#5 2359.0 Setting up node-tap (12.0.1+ds-4) ...
#5 2359.0 Setting up node-fetch (2.6.7+~2.5.12-1) ...
#5 2359.0 Setting up node-gauge (4.0.2-1) ...
#5 2359.0 Setting up node-npmlog (6.0.1+~4.1.4-1) ...
#5 2359.0 Setting up node-coveralls (3.1.1-1) ...
#5 2359.0 Setting up node-gyp (8.4.1-1) ...
#5 2359.0 Setting up npm (8.5.1~ds-1) ...
#5 2359.0 Setting up adwaita-icon-theme (41.0-1ubuntu1) ...
#5 2359.0 update-alternatives: using /usr/share/icons/Adwaita/cursor.theme to provide /usr/share/icons/default/index.theme (x-cursor-theme) in auto mode
#5 2359.0 Setting up liblwp-protocol-https-perl (6.10-1) ...
#5 2359.0 Setting up libwww-perl (6.61-1ubuntu0.1) ...
#5 2359.0 Setting up libgtk-3-0:amd64 (3.24.33-1ubuntu2.2) ...
#5 2359.1 Setting up libgtk-3-bin (3.24.33-1ubuntu2.2) ...
#5 2359.1 Setting up libvte-2.91-0:amd64 (0.68.0-1ubuntu0.1) ...
#5 2359.1 Setting up humanity-icon-theme (0.6.16) ...
#5 2359.2 Setting up libvted-3-0:amd64 (3.10.0-1ubuntu1) ...
#5 2359.2 Setting up libgtkd-3-0:amd64 (3.10.0-1ubuntu1) ...
#5 2359.2 Setting up tilix (1.9.4-2build1) ...
#5 2359.2 update-alternatives: using /usr/bin/tilix.wrapper to provide /usr/bin/x-terminal-emulator (x-terminal-emulator) in auto mode
#5 2359.2 update-alternatives: warning: skip creation of /usr/share/man/man1/x-terminal-emulator.1.gz because associated file /usr/share/man/man1/tilix.1.gz (of link group x-terminal-emulator) doesn't exist
#5 2359.2 Setting up libxml-parser-perl:amd64 (2.46-3ubuntu0.1) ...
#5 2359.2 Setting up ubuntu-mono (20.10-0ubuntu2) ...
#5 2359.2 Setting up libxml-twig-perl (1:3.52-1) ...
#5 2359.2 Setting up libnet-dbus-perl (1.2.0-1build3) ...
#5 2359.2 Processing triggers for libc-bin (2.35-0ubuntu3.14) ...
#5 2359.3 Processing triggers for ca-certificates (20260601~22.04.1) ...
#5 2359.3 Updating certificates in /etc/ssl/certs...
#5 2359.5 0 added, 0 removed; done.
#5 2359.5 Running hooks in /etc/ca-certificates/update.d...
#5 2359.5 done.
#5 2359.6 Processing triggers for libgdk-pixbuf-2.0-0:amd64 (2.42.8+dfsg-1ubuntu0.5) ...
#5 DONE 2359.7s

#6 [3/4] WORKDIR /workspace
#6 DONE 0.0s

#7 [4/4] RUN useradd -m -s /bin/bash ghostuser &&     echo "ghostuser ALL=(ALL) NOPASSWD:ALL" >> /etc/sudoers &&     chown -R ghostuser:ghostuser /workspace
#7 DONE 0.1s

#8 exporting to image
#8 exporting layers
#8 exporting layers 3.7s done
#8 writing image sha256:fbd220baf0ff29e987c59cbea73a4950280808207c8cb3e9bb62cc232b67cea1 done
#8 naming to docker.io/library/colab-ubuntu:latest done
#8 DONE 3.7s
✅ Successfully built colab-ubuntu:latest

Building debian image...
#0 building with "default" instance using docker driver

#1 [internal] load build definition from Dockerfile.debian
#1 transferring dockerfile: 686B done
#1 DONE 0.0s

#2 [internal] load metadata for docker.io/library/debian:12-slim
#2 DONE 3.5s

#3 [internal] load .dockerignore
#3 transferring context: 2B done
#3 DONE 0.0s

#4 [1/4] FROM docker.io/library/debian:12-slim@sha256:abd67ffcfa541b485a3dff59865ab629aa048a6c613e639d36e7456b0b229241
#4 resolve docker.io/library/debian:12-slim@sha256:abd67ffcfa541b485a3dff59865ab629aa048a6c613e639d36e7456b0b229241 done
#4 sha256:039e6f9f9752f74a3ff4a6a224f64c7c864da16ed98f882107704328f41b9c42 0B / 28.23MB 0.1s
#4 sha256:abd67ffcfa541b485a3dff59865ab629aa048a6c613e639d36e7456b0b229241 5.65kB / 5.65kB done
#4 sha256:362e64223cc0da95422b3b13c045186fc0a81250e765d31c025fbddf257f6143 1.02kB / 1.02kB done
#4 sha256:9fff73c337b947e6e3120b8ce929c92a7c5820228fda7c163145954c31cd32ba 453B / 453B done
#4 sha256:039e6f9f9752f74a3ff4a6a224f64c7c864da16ed98f882107704328f41b9c42 4.19MB / 28.23MB 0.8s
#4 sha256:039e6f9f9752f74a3ff4a6a224f64c7c864da16ed98f882107704328f41b9c42 7.34MB / 28.23MB 1.0s
#4 sha256:039e6f9f9752f74a3ff4a6a224f64c7c864da16ed98f882107704328f41b9c42 10.49MB / 28.23MB 1.3s
#4 sha256:039e6f9f9752f74a3ff4a6a224f64c7c864da16ed98f882107704328f41b9c42 14.68MB / 28.23MB 1.6s
#4 sha256:039e6f9f9752f74a3ff4a6a224f64c7c864da16ed98f882107704328f41b9c42 16.78MB / 28.23MB 1.8s
#4 sha256:039e6f9f9752f74a3ff4a6a224f64c7c864da16ed98f882107704328f41b9c42 18.87MB / 28.23MB 1.9s
#4 sha256:039e6f9f9752f74a3ff4a6a224f64c7c864da16ed98f882107704328f41b9c42 20.97MB / 28.23MB 2.1s
#4 sha256:039e6f9f9752f74a3ff4a6a224f64c7c864da16ed98f882107704328f41b9c42 23.07MB / 28.23MB 2.3s
#4 sha256:039e6f9f9752f74a3ff4a6a224f64c7c864da16ed98f882107704328f41b9c42 25.17MB / 28.23MB 2.4s
#4 sha256:039e6f9f9752f74a3ff4a6a224f64c7c864da16ed98f882107704328f41b9c42 27.26MB / 28.23MB 2.6s
#4 sha256:039e6f9f9752f74a3ff4a6a224f64c7c864da16ed98f882107704328f41b9c42 28.23MB / 28.23MB 2.7s done
#4 extracting sha256:039e6f9f9752f74a3ff4a6a224f64c7c864da16ed98f882107704328f41b9c42 0.1s
#4 extracting sha256:039e6f9f9752f74a3ff4a6a224f64c7c864da16ed98f882107704328f41b9c42 0.9s done
#4 DONE 3.6s

#5 [2/4] RUN apt-get update && apt-get install -y     bash     git     vim     nano     curl     wget     build-essential     python3     python3-pip     nodejs     npm     sudo     && rm -rf /var/lib/apt/lists/*
#5 0.360 Get:1 http://deb.debian.org/debian bookworm InRelease [151 kB]
#5 0.398 Get:2 http://deb.debian.org/debian bookworm-updates InRelease [55.4 kB]
#5 0.407 Get:3 http://deb.debian.org/debian-security bookworm-security InRelease [34.8 kB]
#5 0.460 Get:4 http://deb.debian.org/debian bookworm/main amd64 Packages [8790 kB]
#5 1.049 Get:5 http://deb.debian.org/debian bookworm-updates/main amd64 Packages [6924 B]
#5 1.049 Get:6 http://deb.debian.org/debian-security bookworm-security/main amd64 Packages [333 kB]
#5 1.874 Fetched 9372 kB in 2s (5330 kB/s)
#5 1.874 Reading package lists...
#5 2.335 Reading package lists...
#5 2.799 Building dependency tree...
#5 2.901 Reading state information...
#5 3.063 bash is already the newest version (5.2.15-2+b13).
#5 3.063 bash set to manually installed.
#5 3.063 The following additional packages will be installed:
#5 3.063   binutils binutils-common binutils-x86-64-linux-gnu bzip2 ca-certificates cpp
#5 3.063   cpp-12 dbus dbus-bin dbus-daemon dbus-session-bus-common
#5 3.063   dbus-system-bus-common dirmngr dpkg-dev eslint fakeroot fontconfig-config
#5 3.063   fonts-dejavu-core g++ g++-12 gcc gcc-12 git-man gnupg gnupg-l10n gnupg-utils
#5 3.063   gpg gpg-agent gpg-wks-client gpg-wks-server gpgconf gpgsm gyp handlebars
#5 3.063   javascript-common krb5-locales less libabsl20220623 libalgorithm-diff-perl
#5 3.063   libalgorithm-diff-xs-perl libalgorithm-merge-perl libaom3 libapparmor1
#5 3.064   libasan8 libassuan0 libatomic1 libauthen-sasl-perl libavif15 libbinutils
#5 3.064   libbrotli1 libbsd0 libc-ares2 libc-dev-bin libc-devtools libc6-dev
#5 3.064   libcbor0.8 libcc1-0 libclone-perl libcrypt-dev libctf-nobfd0 libctf0
#5 3.064   libcurl3-gnutls libcurl4 libdata-dump-perl libdav1d6 libdbus-1-3 libde265-0
#5 3.064   libdeflate0 libdpkg-perl libdrm-amdgpu1 libdrm-common libdrm-intel1
#5 3.064   libdrm-nouveau2 libdrm-radeon1 libdrm2 libedit2 libegl-mesa0 libegl1 libelf1
#5 3.064   libencode-locale-perl liberror-perl libexpat1 libexpat1-dev libfakeroot
#5 3.064   libfido2-1 libfile-basedir-perl libfile-desktopentry-perl
#5 3.064   libfile-fcntllock-perl libfile-listing-perl libfile-mimeinfo-perl
#5 3.064   libfont-afm-perl libfontconfig1 libfontenc1 libfreetype6 libgav1-1 libgbm1
#5 3.064   libgcc-12-dev libgd3 libgdbm-compat4 libgdbm6 libgdk-pixbuf-2.0-0
#5 3.064   libgdk-pixbuf2.0-bin libgdk-pixbuf2.0-common libgl1 libgl1-mesa-dri
#5 3.064   libglapi-mesa libgles2 libglib2.0-0 libglib2.0-data libglvnd0 libglx-mesa0
#5 3.064   libglx0 libgomp1 libgpm2 libgprofng0 libgssapi-krb5-2 libheif1
#5 3.064   libhtml-form-perl libhtml-format-perl libhtml-parser-perl
#5 3.064   libhtml-tagset-perl libhtml-tree-perl libhttp-cookies-perl
#5 3.064   libhttp-daemon-perl libhttp-date-perl libhttp-message-perl
#5 3.064   libhttp-negotiate-perl libice6 libicu72 libio-html-perl
#5 3.064   libio-socket-ssl-perl libio-stringy-perl libipc-system-simple-perl libisl23
#5 3.064   libitm1 libjansson4 libjbig0 libjpeg62-turbo libjs-async libjs-events
#5 3.064   libjs-inherits libjs-is-typedarray libjs-jquery libjs-prettify
#5 3.064   libjs-regenerate libjs-source-map libjs-sphinxdoc libjs-sprintf-js
#5 3.064   libjs-typedarray-to-buffer libjs-underscore libjs-util libk5crypto3
#5 3.064   libkeyutils1 libkrb5-3 libkrb5support0 libksba8 libldap-2.5-0 libldap-common
#5 3.064   liblerc4 libllvm15 liblocale-gettext-perl liblsan0 liblwp-mediatypes-perl
#5 3.064   liblwp-protocol-https-perl libmailtools-perl libmpc3 libmpfr6 libncursesw6
#5 3.064   libnet-dbus-perl libnet-http-perl libnet-smtp-ssl-perl libnet-ssleay-perl
#5 3.064   libnghttp2-14 libnode-dev libnode108 libnotify-bin libnotify4 libnpth0
#5 3.064   libnsl-dev libnsl2 libnuma1 libpciaccess0 libperl5.36 libpng16-16 libpsl5
#5 3.064   libpython3-dev libpython3-stdlib libpython3.11 libpython3.11-dev
#5 3.064   libpython3.11-minimal libpython3.11-stdlib libquadmath0 librav1e0
#5 3.064   libreadline8 libregexp-ipv6-perl librtmp1 libsasl2-2 libsasl2-modules
#5 3.064   libsasl2-modules-db libsensors-config libsensors5 libsm6 libsodium23
#5 3.064   libsqlite3-0 libssh2-1 libssl-dev libssl3 libstdc++-12-dev libsvtav1enc1
#5 3.064   libtext-iconv-perl libtie-ixhash-perl libtiff6 libtimedate-perl
#5 3.064   libtirpc-common libtirpc-dev libtirpc3 libtry-tiny-perl libtsan2 libubsan1
#5 3.064   liburi-perl libuv1 libuv1-dev libwayland-client0 libwayland-server0 libwebp7
#5 3.064   libwww-perl libwww-robotrules-perl libx11-6 libx11-data libx11-protocol-perl
#5 3.064   libx11-xcb1 libx265-199 libxau6 libxaw7 libxcb-dri2-0 libxcb-dri3-0
#5 3.064   libxcb-glx0 libxcb-present0 libxcb-randr0 libxcb-shape0 libxcb-shm0
#5 3.064   libxcb-sync1 libxcb-xfixes0 libxcb1 libxcomposite1 libxcursor1 libxdmcp6
#5 3.064   libxext6 libxfixes3 libxft2 libxi6 libxinerama1 libxkbfile1
#5 3.064   libxml-parser-perl libxml-twig-perl libxml-xpathengine-perl libxml2 libxmu6
#5 3.064   libxmuu1 libxpm4 libxrandr2 libxrender1 libxshmfence1 libxt6 libxtst6 libxv1
#5 3.064   libxxf86dga1 libxxf86vm1 libyuv0 libz3-4 linux-libc-dev make manpages
#5 3.064   manpages-dev media-types netbase node-abbrev node-acorn node-agent-base
#5 3.064   node-ajv node-ajv-keywords node-ampproject-remapping node-ansi-escapes
#5 3.064   node-ansi-regex node-ansi-styles node-anymatch node-aproba node-archy
#5 3.064   node-are-we-there-yet node-argparse node-arrify node-assert node-async
#5 3.064   node-async-each node-auto-bind node-babel-helper-define-polyfill-provider
#5 3.064   node-babel-plugin-add-module-exports node-babel-plugin-lodash
#5 3.064   node-babel-plugin-polyfill-corejs2 node-babel-plugin-polyfill-corejs3
#5 3.064   node-babel-plugin-polyfill-regenerator node-babel7 node-babel7-runtime
#5 3.064   node-balanced-match node-base node-base64-js node-binary-extensions
#5 3.064   node-brace-expansion node-braces node-browserslist node-builtins node-busboy
#5 3.064   node-cacache node-cache-base node-camelcase node-caniuse-lite node-chalk
#5 3.064   node-chokidar node-chownr node-chrome-trace-event node-ci-info
#5 3.064   node-cjs-module-lexer node-cli-boxes node-cli-cursor node-cli-table
#5 3.064   node-cli-truncate node-cliui node-clone node-clone-deep
#5 3.064   node-collection-visit node-color-convert node-color-name node-colors
#5 3.064   node-columnify node-commander node-commondir node-concat-stream
#5 3.064   node-console-control-strings node-convert-source-map node-copy-concurrently
#5 3.064   node-core-js node-core-js-compat node-core-js-pure node-core-util-is
#5 3.064   node-coveralls node-css-loader node-css-selector-tokenizer
#5 3.064   node-data-uri-to-buffer node-debbundle-es-to-primitive node-debug
#5 3.064   node-decamelize node-decompress-response node-deep-equal node-deep-is
#5 3.064   node-defaults node-define-properties node-define-property node-defined
#5 3.064   node-del node-delegates node-depd node-diff node-doctrine
#5 3.064   node-electron-to-chromium node-encoding node-end-of-stream
#5 3.064   node-enhanced-resolve node-err-code node-errno node-error-ex
#5 3.064   node-es-abstract node-es-module-lexer node-es6-error
#5 3.064   node-escape-string-regexp node-escodegen node-eslint-scope node-eslint-utils
#5 3.064   node-eslint-visitor-keys node-espree node-esprima node-esquery
#5 3.064   node-esrecurse node-estraverse node-esutils node-events node-fancy-log
#5 3.064   node-fast-deep-equal node-fast-levenshtein node-fetch node-file-entry-cache
#5 3.064   node-fill-range node-find-cache-dir node-find-up node-flat-cache
#5 3.064   node-flatted node-for-in node-for-own node-foreground-child
#5 3.064   node-fs-readdir-recursive node-fs-write-stream-atomic node-fs.realpath
#5 3.064   node-function-bind node-functional-red-black-tree node-gauge
#5 3.064   node-get-caller-file node-get-stream node-get-value node-glob
#5 3.064   node-glob-parent node-globals node-globby node-got node-graceful-fs
#5 3.064   node-growl node-gyp node-has-flag node-has-unicode node-has-value
#5 3.064   node-has-values node-hosted-git-info node-https-proxy-agent node-iconv-lite
#5 3.064   node-icss-utils node-ieee754 node-iferr node-ignore node-imurmurhash
#5 3.064   node-indent-string node-inflight node-inherits node-ini node-interpret
#5 3.064   node-ip node-ip-regex node-is-arrayish node-is-binary-path node-is-buffer
#5 3.064   node-is-descriptor node-is-extendable node-is-extglob node-is-glob
#5 3.064   node-is-number node-is-path-cwd node-is-path-inside node-is-plain-obj
#5 3.064   node-is-plain-object node-is-primitive node-is-stream node-is-typedarray
#5 3.064   node-is-windows node-isarray node-isexe node-isobject node-istanbul
#5 3.064   node-jest-debbundle node-jest-worker node-js-tokens node-js-yaml node-jsesc
#5 3.064   node-json-buffer node-json-parse-better-errors node-json-schema
#5 3.064   node-json-schema-traverse node-json-stable-stringify node-json5 node-jsonify
#5 3.064   node-jsonparse node-kind-of node-lcov-parse node-levn node-loader-runner
#5 3.064   node-locate-path node-lodash node-lodash-packages node-log-driver
#5 3.064   node-lowercase-keys node-lru-cache node-make-dir node-map-visit node-memfs
#5 3.064   node-memory-fs node-merge-stream node-micromatch node-mime node-mime-types
#5 3.064   node-mimic-response node-minimatch node-minimist node-minipass
#5 3.064   node-mixin-deep node-mkdirp node-move-concurrently node-ms node-mute-stream
#5 3.064   node-n3 node-negotiator node-neo-async node-nopt node-normalize-package-data
#5 3.064   node-normalize-path node-npm-bundled node-npm-package-arg node-npm-run-path
#5 3.064   node-npmlog node-object-assign node-object-inspect node-object-visit
#5 3.064   node-once node-opener node-optimist node-optionator node-osenv
#5 3.064   node-p-cancelable node-p-limit node-p-locate node-p-map node-parse-json
#5 3.064   node-pascalcase node-path-dirname node-path-exists node-path-is-absolute
#5 3.064   node-path-is-inside node-path-type node-picocolors node-pify node-pkg-dir
#5 3.064   node-postcss node-postcss-modules-extract-imports
#5 3.064   node-postcss-modules-values node-postcss-value-parser node-prelude-ls
#5 3.064   node-process-nextick-args node-progress node-promise-inflight
#5 3.064   node-promise-retry node-promzard node-prr node-pump node-punycode
#5 3.064   node-quick-lru node-randombytes node-read node-read-package-json
#5 3.064   node-read-pkg node-readable-stream node-readdirp node-rechoir
#5 3.064   node-regenerate node-regenerate-unicode-properties node-regenerator-runtime
#5 3.064   node-regenerator-transform node-regexpp node-regexpu-core node-regjsgen
#5 3.064   node-regjsparser node-repeat-string node-require-directory node-resolve
#5 3.064   node-resolve-cwd node-resolve-from node-restore-cursor node-resumer
#5 3.064   node-retry node-rimraf node-run-queue node-safe-buffer node-schema-utils
#5 3.064   node-sellside-emitter node-semver node-serialize-javascript
#5 3.064   node-set-blocking node-set-immediate-shim node-set-value
#5 3.064   node-shebang-command node-shebang-regex node-shell-quote node-signal-exit
#5 3.064   node-slash node-slice-ansi node-source-list-map node-source-map
#5 3.064   node-source-map-support node-spdx-correct node-spdx-exceptions
#5 3.064   node-spdx-expression-parse node-spdx-license-ids node-sprintf-js node-ssri
#5 3.064   node-stack-utils node-string-decoder node-string-width node-strip-ansi
#5 3.064   node-strip-bom node-strip-json-comments node-supports-color node-tap
#5 3.064   node-tap-mocha-reporter node-tap-parser node-tapable node-tape node-tar
#5 3.064   node-terser node-text-table node-through node-time-stamp
#5 3.064   node-to-fast-properties node-to-regex-range node-tslib node-type-check
#5 3.064   node-typedarray node-typedarray-to-buffer node-undici
#5 3.064   node-unicode-canonical-property-names-ecmascript
#5 3.064   node-unicode-match-property-ecmascript
#5 3.064   node-unicode-match-property-value-ecmascript
#5 3.064   node-unicode-property-aliases-ecmascript node-union-value
#5 3.064   node-unique-filename node-unset-value node-uri-js node-util
#5 3.064   node-util-deprecate node-uuid node-v8-compile-cache node-v8flags
#5 3.064   node-validate-npm-package-license node-validate-npm-package-name
#5 3.064   node-watchpack node-wcwidth.js node-webassemblyjs node-webpack-sources
#5 3.064   node-which node-wide-align node-widest-line node-wordwrap node-wrap-ansi
#5 3.064   node-wrappy node-write node-write-file-atomic node-ws node-xtend node-y18n
#5 3.064   node-yallist node-yaml node-yargs node-yargs-parser nodejs-doc
#5 3.064   openssh-client openssl patch perl perl-modules-5.36 perl-openssl-defaults
#5 3.065   pinentry-curses publicsuffix python3-dev python3-distutils python3-lib2to3
#5 3.065   python3-minimal python3-pkg-resources python3-setuptools python3-six
#5 3.065   python3-wheel python3.11 python3.11-dev python3.11-minimal readline-common
#5 3.065   rpcsvc-proto shared-mime-info terser vim-common vim-runtime webpack
#5 3.065   x11-common x11-utils x11-xserver-utils xauth xdg-user-dirs xdg-utils xxd
#5 3.065   xz-utils zlib1g-dev zutty
#5 3.067 Suggested packages:
#5 3.067   binutils-doc bzip2-doc cpp-doc gcc-12-locales cpp-12-doc
#5 3.067   default-dbus-session-bus | dbus-session-bus dbus-user-session libpam-systemd
#5 3.067   pinentry-gnome3 tor debian-keyring node-babel-eslint node-esprima-fb
#5 3.067   node-inquirer g++-multilib g++-12-multilib gcc-12-doc gcc-multilib autoconf
#5 3.067   automake libtool flex bison gdb gcc-doc gcc-12-multilib gettext-base
#5 3.067   git-daemon-run | git-daemon-sysvinit git-doc git-email git-gui gitk gitweb
#5 3.067   git-cvs git-mediawiki git-svn parcimonie xloadimage scdaemon apache2
#5 3.067   | lighttpd | httpd libdigest-hmac-perl libgssapi-perl glibc-doc
#5 3.067   sensible-utils bzr libgd-tools gdbm-l10n low-memory-monitor gpm krb5-doc
#5 3.067   krb5-user libjs-angularjs libcrypt-ssleay-perl notification-daemon pciutils
#5 3.067   libsasl2-modules-gssapi-mit | libsasl2-modules-gssapi-heimdal
#5 3.067   libsasl2-modules-ldap libsasl2-modules-otp libsasl2-modules-sql lm-sensors
#5 3.067   libssl-doc libstdc++-12-doc libsub-name-perl libbusiness-isbn-perl
#5 3.067   libauthen-ntlm-perl libunicode-map8-perl libunicode-string-perl
#5 3.067   xml-twig-tools make-doc man-browser hunspell
#5 3.067   node-babel-plugin-polyfill-es-shims node-babel7-debug livescript chai
#5 3.067   node-jest-diff keychain libpam-ssh monkeysphere ssh-askpass ed diffutils-doc
#5 3.067   perl-doc libterm-readline-gnu-perl | libterm-readline-perl-perl
#5 3.067   libtap-harness-archive-perl debhelper pinentry-doc python3-doc python3-tk
#5 3.067   python3-venv python-setuptools-doc python3.11-venv python3.11-doc
#5 3.067   binfmt-support readline-doc ctags vim-doc vim-scripts mesa-utils nickle
#5 3.067   cairo-5c xorg-docs-core
#5 6.080 The following NEW packages will be installed:
#5 6.080   binutils binutils-common binutils-x86-64-linux-gnu build-essential bzip2
#5 6.080   ca-certificates cpp cpp-12 curl dbus dbus-bin dbus-daemon
#5 6.080   dbus-session-bus-common dbus-system-bus-common dirmngr dpkg-dev eslint
#5 6.080   fakeroot fontconfig-config fonts-dejavu-core g++ g++-12 gcc gcc-12 git
#5 6.080   git-man gnupg gnupg-l10n gnupg-utils gpg gpg-agent gpg-wks-client
#5 6.080   gpg-wks-server gpgconf gpgsm gyp handlebars javascript-common krb5-locales
#5 6.080   less libabsl20220623 libalgorithm-diff-perl libalgorithm-diff-xs-perl
#5 6.080   libalgorithm-merge-perl libaom3 libapparmor1 libasan8 libassuan0 libatomic1
#5 6.080   libauthen-sasl-perl libavif15 libbinutils libbrotli1 libbsd0 libc-ares2
#5 6.080   libc-dev-bin libc-devtools libc6-dev libcbor0.8 libcc1-0 libclone-perl
#5 6.080   libcrypt-dev libctf-nobfd0 libctf0 libcurl3-gnutls libcurl4
#5 6.080   libdata-dump-perl libdav1d6 libdbus-1-3 libde265-0 libdeflate0 libdpkg-perl
#5 6.080   libdrm-amdgpu1 libdrm-common libdrm-intel1 libdrm-nouveau2 libdrm-radeon1
#5 6.080   libdrm2 libedit2 libegl-mesa0 libegl1 libelf1 libencode-locale-perl
#5 6.080   liberror-perl libexpat1 libexpat1-dev libfakeroot libfido2-1
#5 6.080   libfile-basedir-perl libfile-desktopentry-perl libfile-fcntllock-perl
#5 6.080   libfile-listing-perl libfile-mimeinfo-perl libfont-afm-perl libfontconfig1
#5 6.080   libfontenc1 libfreetype6 libgav1-1 libgbm1 libgcc-12-dev libgd3
#5 6.080   libgdbm-compat4 libgdbm6 libgdk-pixbuf-2.0-0 libgdk-pixbuf2.0-bin
#5 6.080   libgdk-pixbuf2.0-common libgl1 libgl1-mesa-dri libglapi-mesa libgles2
#5 6.080   libglib2.0-0 libglib2.0-data libglvnd0 libglx-mesa0 libglx0 libgomp1 libgpm2
#5 6.080   libgprofng0 libgssapi-krb5-2 libheif1 libhtml-form-perl libhtml-format-perl
#5 6.080   libhtml-parser-perl libhtml-tagset-perl libhtml-tree-perl
#5 6.080   libhttp-cookies-perl libhttp-daemon-perl libhttp-date-perl
#5 6.080   libhttp-message-perl libhttp-negotiate-perl libice6 libicu72 libio-html-perl
#5 6.080   libio-socket-ssl-perl libio-stringy-perl libipc-system-simple-perl libisl23
#5 6.080   libitm1 libjansson4 libjbig0 libjpeg62-turbo libjs-async libjs-events
#5 6.080   libjs-inherits libjs-is-typedarray libjs-jquery libjs-prettify
#5 6.080   libjs-regenerate libjs-source-map libjs-sphinxdoc libjs-sprintf-js
#5 6.080   libjs-typedarray-to-buffer libjs-underscore libjs-util libk5crypto3
#5 6.080   libkeyutils1 libkrb5-3 libkrb5support0 libksba8 libldap-2.5-0 libldap-common
#5 6.080   liblerc4 libllvm15 liblocale-gettext-perl liblsan0 liblwp-mediatypes-perl
#5 6.080   liblwp-protocol-https-perl libmailtools-perl libmpc3 libmpfr6 libncursesw6
#5 6.080   libnet-dbus-perl libnet-http-perl libnet-smtp-ssl-perl libnet-ssleay-perl
#5 6.080   libnghttp2-14 libnode-dev libnode108 libnotify-bin libnotify4 libnpth0
#5 6.080   libnsl-dev libnsl2 libnuma1 libpciaccess0 libperl5.36 libpng16-16 libpsl5
#5 6.080   libpython3-dev libpython3-stdlib libpython3.11 libpython3.11-dev
#5 6.081   libpython3.11-minimal libpython3.11-stdlib libquadmath0 librav1e0
#5 6.081   libreadline8 libregexp-ipv6-perl librtmp1 libsasl2-2 libsasl2-modules
#5 6.081   libsasl2-modules-db libsensors-config libsensors5 libsm6 libsodium23
#5 6.081   libsqlite3-0 libssh2-1 libssl-dev libssl3 libstdc++-12-dev libsvtav1enc1
#5 6.081   libtext-iconv-perl libtie-ixhash-perl libtiff6 libtimedate-perl
#5 6.081   libtirpc-common libtirpc-dev libtirpc3 libtry-tiny-perl libtsan2 libubsan1
#5 6.081   liburi-perl libuv1 libuv1-dev libwayland-client0 libwayland-server0 libwebp7
#5 6.081   libwww-perl libwww-robotrules-perl libx11-6 libx11-data libx11-protocol-perl
#5 6.081   libx11-xcb1 libx265-199 libxau6 libxaw7 libxcb-dri2-0 libxcb-dri3-0
#5 6.081   libxcb-glx0 libxcb-present0 libxcb-randr0 libxcb-shape0 libxcb-shm0
#5 6.081   libxcb-sync1 libxcb-xfixes0 libxcb1 libxcomposite1 libxcursor1 libxdmcp6
#5 6.081   libxext6 libxfixes3 libxft2 libxi6 libxinerama1 libxkbfile1
#5 6.081   libxml-parser-perl libxml-twig-perl libxml-xpathengine-perl libxml2 libxmu6
#5 6.081   libxmuu1 libxpm4 libxrandr2 libxrender1 libxshmfence1 libxt6 libxtst6 libxv1
#5 6.081   libxxf86dga1 libxxf86vm1 libyuv0 libz3-4 linux-libc-dev make manpages
#5 6.081   manpages-dev media-types nano netbase node-abbrev node-acorn node-agent-base
#5 6.081   node-ajv node-ajv-keywords node-ampproject-remapping node-ansi-escapes
#5 6.081   node-ansi-regex node-ansi-styles node-anymatch node-aproba node-archy
#5 6.081   node-are-we-there-yet node-argparse node-arrify node-assert node-async
#5 6.081   node-async-each node-auto-bind node-babel-helper-define-polyfill-provider
#5 6.081   node-babel-plugin-add-module-exports node-babel-plugin-lodash
#5 6.081   node-babel-plugin-polyfill-corejs2 node-babel-plugin-polyfill-corejs3
#5 6.081   node-babel-plugin-polyfill-regenerator node-babel7 node-babel7-runtime
#5 6.081   node-balanced-match node-base node-base64-js node-binary-extensions
#5 6.081   node-brace-expansion node-braces node-browserslist node-builtins node-busboy
#5 6.081   node-cacache node-cache-base node-camelcase node-caniuse-lite node-chalk
#5 6.081   node-chokidar node-chownr node-chrome-trace-event node-ci-info
#5 6.081   node-cjs-module-lexer node-cli-boxes node-cli-cursor node-cli-table
#5 6.081   node-cli-truncate node-cliui node-clone node-clone-deep
#5 6.081   node-collection-visit node-color-convert node-color-name node-colors
#5 6.081   node-columnify node-commander node-commondir node-concat-stream
#5 6.081   node-console-control-strings node-convert-source-map node-copy-concurrently
#5 6.081   node-core-js node-core-js-compat node-core-js-pure node-core-util-is
#5 6.081   node-coveralls node-css-loader node-css-selector-tokenizer
#5 6.081   node-data-uri-to-buffer node-debbundle-es-to-primitive node-debug
#5 6.081   node-decamelize node-decompress-response node-deep-equal node-deep-is
#5 6.081   node-defaults node-define-properties node-define-property node-defined
#5 6.081   node-del node-delegates node-depd node-diff node-doctrine
#5 6.081   node-electron-to-chromium node-encoding node-end-of-stream
#5 6.081   node-enhanced-resolve node-err-code node-errno node-error-ex
#5 6.081   node-es-abstract node-es-module-lexer node-es6-error
#5 6.081   node-escape-string-regexp node-escodegen node-eslint-scope node-eslint-utils
#5 6.081   node-eslint-visitor-keys node-espree node-esprima node-esquery
#5 6.081   node-esrecurse node-estraverse node-esutils node-events node-fancy-log
#5 6.081   node-fast-deep-equal node-fast-levenshtein node-fetch node-file-entry-cache
#5 6.081   node-fill-range node-find-cache-dir node-find-up node-flat-cache
#5 6.081   node-flatted node-for-in node-for-own node-foreground-child
#5 6.081   node-fs-readdir-recursive node-fs-write-stream-atomic node-fs.realpath
#5 6.081   node-function-bind node-functional-red-black-tree node-gauge
#5 6.081   node-get-caller-file node-get-stream node-get-value node-glob
#5 6.081   node-glob-parent node-globals node-globby node-got node-graceful-fs
#5 6.081   node-growl node-gyp node-has-flag node-has-unicode node-has-value
#5 6.081   node-has-values node-hosted-git-info node-https-proxy-agent node-iconv-lite
#5 6.081   node-icss-utils node-ieee754 node-iferr node-ignore node-imurmurhash
#5 6.081   node-indent-string node-inflight node-inherits node-ini node-interpret
#5 6.081   node-ip node-ip-regex node-is-arrayish node-is-binary-path node-is-buffer
#5 6.081   node-is-descriptor node-is-extendable node-is-extglob node-is-glob
#5 6.081   node-is-number node-is-path-cwd node-is-path-inside node-is-plain-obj
#5 6.081   node-is-plain-object node-is-primitive node-is-stream node-is-typedarray
#5 6.081   node-is-windows node-isarray node-isexe node-isobject node-istanbul
#5 6.081   node-jest-debbundle node-jest-worker node-js-tokens node-js-yaml node-jsesc
#5 6.081   node-json-buffer node-json-parse-better-errors node-json-schema
#5 6.081   node-json-schema-traverse node-json-stable-stringify node-json5 node-jsonify
#5 6.081   node-jsonparse node-kind-of node-lcov-parse node-levn node-loader-runner
#5 6.081   node-locate-path node-lodash node-lodash-packages node-log-driver
#5 6.081   node-lowercase-keys node-lru-cache node-make-dir node-map-visit node-memfs
#5 6.081   node-memory-fs node-merge-stream node-micromatch node-mime node-mime-types
#5 6.081   node-mimic-response node-minimatch node-minimist node-minipass
#5 6.081   node-mixin-deep node-mkdirp node-move-concurrently node-ms node-mute-stream
#5 6.081   node-n3 node-negotiator node-neo-async node-nopt node-normalize-package-data
#5 6.081   node-normalize-path node-npm-bundled node-npm-package-arg node-npm-run-path
#5 6.081   node-npmlog node-object-assign node-object-inspect node-object-visit
#5 6.081   node-once node-opener node-optimist node-optionator node-osenv
#5 6.081   node-p-cancelable node-p-limit node-p-locate node-p-map node-parse-json
#5 6.081   node-pascalcase node-path-dirname node-path-exists node-path-is-absolute
#5 6.081   node-path-is-inside node-path-type node-picocolors node-pify node-pkg-dir
#5 6.081   node-postcss node-postcss-modules-extract-imports
#5 6.081   node-postcss-modules-values node-postcss-value-parser node-prelude-ls
#5 6.081   node-process-nextick-args node-progress node-promise-inflight
#5 6.081   node-promise-retry node-promzard node-prr node-pump node-punycode
#5 6.081   node-quick-lru node-randombytes node-read node-read-package-json
#5 6.081   node-read-pkg node-readable-stream node-readdirp node-rechoir
#5 6.081   node-regenerate node-regenerate-unicode-properties node-regenerator-runtime
#5 6.081   node-regenerator-transform node-regexpp node-regexpu-core node-regjsgen
#5 6.081   node-regjsparser node-repeat-string node-require-directory node-resolve
#5 6.081   node-resolve-cwd node-resolve-from node-restore-cursor node-resumer
#5 6.081   node-retry node-rimraf node-run-queue node-safe-buffer node-schema-utils
#5 6.081   node-sellside-emitter node-semver node-serialize-javascript
#5 6.081   node-set-blocking node-set-immediate-shim node-set-value
#5 6.081   node-shebang-command node-shebang-regex node-shell-quote node-signal-exit
#5 6.081   node-slash node-slice-ansi node-source-list-map node-source-map
#5 6.081   node-source-map-support node-spdx-correct node-spdx-exceptions
#5 6.081   node-spdx-expression-parse node-spdx-license-ids node-sprintf-js node-ssri
#5 6.081   node-stack-utils node-string-decoder node-string-width node-strip-ansi
#5 6.081   node-strip-bom node-strip-json-comments node-supports-color node-tap
#5 6.081   node-tap-mocha-reporter node-tap-parser node-tapable node-tape node-tar
#5 6.081   node-terser node-text-table node-through node-time-stamp
#5 6.081   node-to-fast-properties node-to-regex-range node-tslib node-type-check
#5 6.081   node-typedarray node-typedarray-to-buffer node-undici
#5 6.081   node-unicode-canonical-property-names-ecmascript
#5 6.081   node-unicode-match-property-ecmascript
#5 6.081   node-unicode-match-property-value-ecmascript
#5 6.081   node-unicode-property-aliases-ecmascript node-union-value
#5 6.081   node-unique-filename node-unset-value node-uri-js node-util
#5 6.081   node-util-deprecate node-uuid node-v8-compile-cache node-v8flags
#5 6.081   node-validate-npm-package-license node-validate-npm-package-name
#5 6.081   node-watchpack node-wcwidth.js node-webassemblyjs node-webpack-sources
#5 6.081   node-which node-wide-align node-widest-line node-wordwrap node-wrap-ansi
#5 6.081   node-wrappy node-write node-write-file-atomic node-ws node-xtend node-y18n
#5 6.081   node-yallist node-yaml node-yargs node-yargs-parser nodejs nodejs-doc npm
#5 6.081   openssh-client openssl patch perl perl-modules-5.36 perl-openssl-defaults
#5 6.081   pinentry-curses publicsuffix python3 python3-dev python3-distutils
#5 6.081   python3-lib2to3 python3-minimal python3-pip python3-pkg-resources
#5 6.081   python3-setuptools python3-six python3-wheel python3.11 python3.11-dev
#5 6.082   python3.11-minimal readline-common rpcsvc-proto shared-mime-info sudo terser
#5 6.082   vim vim-common vim-runtime webpack wget x11-common x11-utils
#5 6.082   x11-xserver-utils xauth xdg-user-dirs xdg-utils xxd xz-utils zlib1g-dev
#5 6.082   zutty
#5 6.144 0 upgraded, 694 newly installed, 0 to remove and 0 not upgraded.
#5 6.144 Need to get 235 MB of archives.
#5 6.144 After this operation, 1018 MB of additional disk space will be used.
#5 6.144 Get:1 http://deb.debian.org/debian bookworm/main amd64 libdbus-1-3 amd64 1.14.10-1~deb12u1 [201 kB]
#5 6.187 Get:2 http://deb.debian.org/debian bookworm/main amd64 dbus-bin amd64 1.14.10-1~deb12u1 [105 kB]
#5 6.190 Get:3 http://deb.debian.org/debian bookworm/main amd64 dbus-session-bus-common all 1.14.10-1~deb12u1 [78.2 kB]
#5 6.190 Get:4 http://deb.debian.org/debian bookworm/main amd64 libapparmor1 amd64 3.0.8-3 [41.2 kB]
#5 6.198 Get:5 http://deb.debian.org/debian bookworm/main amd64 libexpat1 amd64 2.5.0-1+deb12u2 [99.9 kB]
#5 6.198 Get:6 http://deb.debian.org/debian bookworm/main amd64 dbus-daemon amd64 1.14.10-1~deb12u1 [184 kB]
#5 6.213 Get:7 http://deb.debian.org/debian bookworm/main amd64 dbus-system-bus-common all 1.14.10-1~deb12u1 [79.3 kB]
#5 6.213 Get:8 http://deb.debian.org/debian bookworm/main amd64 dbus amd64 1.14.10-1~deb12u1 [97.4 kB]
#5 6.215 Get:9 http://deb.debian.org/debian bookworm/main amd64 perl-modules-5.36 all 5.36.0-7+deb12u3 [2815 kB]
#5 6.355 Get:10 http://deb.debian.org/debian bookworm/main amd64 libgdbm6 amd64 1.23-3 [72.2 kB]
#5 6.360 Get:11 http://deb.debian.org/debian bookworm/main amd64 libgdbm-compat4 amd64 1.23-3 [48.2 kB]
#5 6.364 Get:12 http://deb.debian.org/debian bookworm/main amd64 libperl5.36 amd64 5.36.0-7+deb12u3 [4196 kB]
#5 6.688 Get:13 http://deb.debian.org/debian bookworm/main amd64 perl amd64 5.36.0-7+deb12u3 [239 kB]
#5 6.704 Get:14 http://deb.debian.org/debian bookworm/main amd64 liblocale-gettext-perl amd64 1.07-5 [15.4 kB]
#5 6.705 Get:15 http://deb.debian.org/debian bookworm/main amd64 libssl3 amd64 3.0.20-1~deb12u2 [2036 kB]
#5 6.862 Get:16 http://deb.debian.org/debian bookworm/main amd64 libpython3.11-minimal amd64 3.11.2-6+deb12u8 [818 kB]
#5 6.924 Get:17 http://deb.debian.org/debian bookworm/main amd64 python3.11-minimal amd64 3.11.2-6+deb12u8 [2065 kB]
#5 7.083 Get:18 http://deb.debian.org/debian bookworm/main amd64 python3-minimal amd64 3.11.2-1+b1 [26.3 kB]
#5 7.084 Get:19 http://deb.debian.org/debian bookworm/main amd64 media-types all 10.0.0 [26.1 kB]
#5 7.086 Get:20 http://deb.debian.org/debian bookworm/main amd64 libncursesw6 amd64 6.4-4 [134 kB]
#5 7.096 Get:21 http://deb.debian.org/debian bookworm/main amd64 libkrb5support0 amd64 1.20.1-2+deb12u5 [33.2 kB]
#5 7.099 Get:22 http://deb.debian.org/debian bookworm/main amd64 libk5crypto3 amd64 1.20.1-2+deb12u5 [79.7 kB]
#5 7.106 Get:23 http://deb.debian.org/debian bookworm/main amd64 libkeyutils1 amd64 1.6.3-2 [8808 B]
#5 7.106 Get:24 http://deb.debian.org/debian bookworm/main amd64 libkrb5-3 amd64 1.20.1-2+deb12u5 [332 kB]
#5 7.132 Get:25 http://deb.debian.org/debian bookworm/main amd64 libgssapi-krb5-2 amd64 1.20.1-2+deb12u5 [135 kB]
#5 7.142 Get:26 http://deb.debian.org/debian bookworm/main amd64 libtirpc-common all 1.3.3+ds-1 [14.0 kB]
#5 7.143 Get:27 http://deb.debian.org/debian bookworm/main amd64 libtirpc3 amd64 1.3.3+ds-1 [85.2 kB]
#5 7.152 Get:28 http://deb.debian.org/debian bookworm/main amd64 libnsl2 amd64 1.3.0-2 [39.5 kB]
#5 7.153 Get:29 http://deb.debian.org/debian bookworm/main amd64 readline-common all 8.2-1.3 [69.0 kB]
#5 7.162 Get:30 http://deb.debian.org/debian bookworm/main amd64 libreadline8 amd64 8.2-1.3 [166 kB]
#5 7.172 Get:31 http://deb.debian.org/debian bookworm/main amd64 libsqlite3-0 amd64 3.40.1-2+deb12u2 [839 kB]
#5 7.236 Get:32 http://deb.debian.org/debian bookworm/main amd64 libpython3.11-stdlib amd64 3.11.2-6+deb12u8 [1799 kB]
#5 7.374 Get:33 http://deb.debian.org/debian bookworm/main amd64 python3.11 amd64 3.11.2-6+deb12u8 [574 kB]
#5 7.417 Get:34 http://deb.debian.org/debian bookworm/main amd64 libpython3-stdlib amd64 3.11.2-1+b1 [9312 B]
#5 7.419 Get:35 http://deb.debian.org/debian bookworm/main amd64 python3 amd64 3.11.2-1+b1 [26.3 kB]
#5 7.420 Get:36 http://deb.debian.org/debian bookworm/main amd64 sudo amd64 1.9.13p3-1+deb12u4 [1890 kB]
#5 7.566 Get:37 http://deb.debian.org/debian bookworm/main amd64 less amd64 590-2.1~deb12u2 [132 kB]
#5 7.575 Get:38 http://deb.debian.org/debian bookworm/main amd64 nano amd64 7.2-1+deb12u1 [690 kB]
#5 7.629 Get:39 http://deb.debian.org/debian bookworm/main amd64 netbase all 6.4 [12.8 kB]
#5 7.629 Get:40 http://deb.debian.org/debian bookworm/main amd64 vim-common all 2:9.0.1378-2+deb12u2 [125 kB]
#5 7.639 Get:41 http://deb.debian.org/debian bookworm/main amd64 bzip2 amd64 1.0.8-5+b1 [49.8 kB]
#5 7.643 Get:42 http://deb.debian.org/debian bookworm/main amd64 openssl amd64 3.0.20-1~deb12u2 [1439 kB]
#5 7.754 Get:43 http://deb.debian.org/debian-security bookworm-security/main amd64 ca-certificates all 20250419~deb12u1 [162 kB]
#5 7.766 Get:44 http://deb.debian.org/debian bookworm/main amd64 krb5-locales all 1.20.1-2+deb12u5 [63.5 kB]
#5 7.770 Get:45 http://deb.debian.org/debian bookworm/main amd64 manpages all 6.03-2 [1332 kB]
#5 7.934 Get:46 http://deb.debian.org/debian bookworm/main amd64 libbsd0 amd64 0.11.7-2 [117 kB]
#5 7.961 Get:47 http://deb.debian.org/debian bookworm/main amd64 libedit2 amd64 3.1-20221030-2 [93.0 kB]
#5 7.965 Get:48 http://deb.debian.org/debian bookworm/main amd64 libcbor0.8 amd64 0.8.0-2+b1 [27.4 kB]
#5 7.965 Get:49 http://deb.debian.org/debian bookworm/main amd64 libfido2-1 amd64 1.12.0-2+b1 [77.2 kB]
#5 7.965 Get:50 http://deb.debian.org/debian bookworm/main amd64 openssh-client amd64 1:9.2p1-2+deb12u10 [994 kB]
#5 7.998 Get:51 http://deb.debian.org/debian bookworm/main amd64 libpsl5 amd64 0.21.2-1 [58.7 kB]
#5 7.998 Get:52 http://deb.debian.org/debian bookworm/main amd64 wget amd64 1.21.3-1+deb12u1 [937 kB]
#5 8.050 Get:53 http://deb.debian.org/debian bookworm/main amd64 xz-utils amd64 5.4.1-1+deb12u1 [471 kB]
#5 8.086 Get:54 http://deb.debian.org/debian bookworm/main amd64 binutils-common amd64 2.40-2 [2487 kB]
#5 8.277 Get:55 http://deb.debian.org/debian bookworm/main amd64 libbinutils amd64 2.40-2 [572 kB]
#5 8.321 Get:56 http://deb.debian.org/debian bookworm/main amd64 libctf-nobfd0 amd64 2.40-2 [153 kB]
#5 8.332 Get:57 http://deb.debian.org/debian bookworm/main amd64 libctf0 amd64 2.40-2 [89.8 kB]
#5 8.339 Get:58 http://deb.debian.org/debian bookworm/main amd64 libgprofng0 amd64 2.40-2 [812 kB]
#5 8.402 Get:59 http://deb.debian.org/debian bookworm/main amd64 libjansson4 amd64 2.14-2 [40.8 kB]
#5 8.405 Get:60 http://deb.debian.org/debian bookworm/main amd64 binutils-x86-64-linux-gnu amd64 2.40-2 [2246 kB]
#5 8.577 Get:61 http://deb.debian.org/debian bookworm/main amd64 binutils amd64 2.40-2 [65.0 kB]
#5 8.583 Get:62 http://deb.debian.org/debian bookworm/main amd64 libc-dev-bin amd64 2.36-9+deb12u14 [48.1 kB]
#5 8.586 Get:63 http://deb.debian.org/debian-security bookworm-security/main amd64 linux-libc-dev amd64 6.1.180-1 [2332 kB]
#5 8.765 Get:64 http://deb.debian.org/debian bookworm/main amd64 libcrypt-dev amd64 1:4.4.33-2 [118 kB]
#5 8.773 Get:65 http://deb.debian.org/debian bookworm/main amd64 libtirpc-dev amd64 1.3.3+ds-1 [191 kB]
#5 8.788 Get:66 http://deb.debian.org/debian bookworm/main amd64 libnsl-dev amd64 1.3.0-2 [66.4 kB]
#5 8.793 Get:67 http://deb.debian.org/debian bookworm/main amd64 rpcsvc-proto amd64 1.4.3-1 [63.3 kB]
#5 8.798 Get:68 http://deb.debian.org/debian bookworm/main amd64 libc6-dev amd64 2.36-9+deb12u14 [1904 kB]
#5 8.945 Get:69 http://deb.debian.org/debian bookworm/main amd64 libisl23 amd64 0.25-1.1 [683 kB]
#5 8.997 Get:70 http://deb.debian.org/debian bookworm/main amd64 libmpfr6 amd64 4.2.0-1 [701 kB]
#5 9.050 Get:71 http://deb.debian.org/debian bookworm/main amd64 libmpc3 amd64 1.3.1-1 [51.5 kB]
#5 9.055 Get:72 http://deb.debian.org/debian bookworm/main amd64 cpp-12 amd64 12.2.0-14+deb12u1 [9768 kB]
#5 9.806 Get:73 http://deb.debian.org/debian bookworm/main amd64 cpp amd64 4:12.2.0-3 [6836 B]
#5 9.806 Get:74 http://deb.debian.org/debian bookworm/main amd64 libcc1-0 amd64 12.2.0-14+deb12u1 [41.7 kB]
#5 9.808 Get:75 http://deb.debian.org/debian bookworm/main amd64 libgomp1 amd64 12.2.0-14+deb12u1 [116 kB]
#5 9.817 Get:76 http://deb.debian.org/debian bookworm/main amd64 libitm1 amd64 12.2.0-14+deb12u1 [26.1 kB]
#5 9.819 Get:77 http://deb.debian.org/debian bookworm/main amd64 libatomic1 amd64 12.2.0-14+deb12u1 [9376 B]
#5 9.819 Get:78 http://deb.debian.org/debian bookworm/main amd64 libasan8 amd64 12.2.0-14+deb12u1 [2193 kB]
#5 9.988 Get:79 http://deb.debian.org/debian bookworm/main amd64 liblsan0 amd64 12.2.0-14+deb12u1 [969 kB]
#5 10.06 Get:80 http://deb.debian.org/debian bookworm/main amd64 libtsan2 amd64 12.2.0-14+deb12u1 [2197 kB]
#5 10.23 Get:81 http://deb.debian.org/debian bookworm/main amd64 libubsan1 amd64 12.2.0-14+deb12u1 [883 kB]
#5 10.30 Get:82 http://deb.debian.org/debian bookworm/main amd64 libquadmath0 amd64 12.2.0-14+deb12u1 [145 kB]
#5 10.31 Get:83 http://deb.debian.org/debian bookworm/main amd64 libgcc-12-dev amd64 12.2.0-14+deb12u1 [2437 kB]
#5 10.50 Get:84 http://deb.debian.org/debian bookworm/main amd64 gcc-12 amd64 12.2.0-14+deb12u1 [19.3 MB]
#5 11.98 Get:85 http://deb.debian.org/debian bookworm/main amd64 gcc amd64 4:12.2.0-3 [5216 B]
#5 11.98 Get:86 http://deb.debian.org/debian bookworm/main amd64 libstdc++-12-dev amd64 12.2.0-14+deb12u1 [2047 kB]
#5 12.13 Get:87 http://deb.debian.org/debian bookworm/main amd64 g++-12 amd64 12.2.0-14+deb12u1 [10.7 MB]
#5 12.95 Get:88 http://deb.debian.org/debian bookworm/main amd64 g++ amd64 4:12.2.0-3 [1356 B]
#5 12.95 Get:89 http://deb.debian.org/debian bookworm/main amd64 make amd64 4.3-4.1 [396 kB]
#5 12.98 Get:90 http://deb.debian.org/debian bookworm/main amd64 libdpkg-perl all 1.21.23 [604 kB]
#5 13.03 Get:91 http://deb.debian.org/debian bookworm/main amd64 patch amd64 2.7.6-7 [128 kB]
#5 13.04 Get:92 http://deb.debian.org/debian bookworm/main amd64 dpkg-dev all 1.21.23 [1354 kB]
#5 13.14 Get:93 http://deb.debian.org/debian bookworm/main amd64 build-essential amd64 12.9 [7704 B]
#5 13.14 Get:94 http://deb.debian.org/debian bookworm/main amd64 libbrotli1 amd64 1.0.9-2+b6 [275 kB]
#5 13.16 Get:95 http://deb.debian.org/debian bookworm/main amd64 libsasl2-modules-db amd64 2.1.28+dfsg-10 [20.3 kB]
#5 13.16 Get:96 http://deb.debian.org/debian bookworm/main amd64 libsasl2-2 amd64 2.1.28+dfsg-10 [59.7 kB]
#5 13.17 Get:97 http://deb.debian.org/debian bookworm/main amd64 libldap-2.5-0 amd64 2.5.13+dfsg-5 [183 kB]
#5 13.18 Get:98 http://deb.debian.org/debian bookworm/main amd64 libnghttp2-14 amd64 1.52.0-1+deb12u3 [72.4 kB]
#5 13.19 Get:99 http://deb.debian.org/debian bookworm/main amd64 librtmp1 amd64 2.4+20151223.gitfa8646d.1-2+b2 [60.8 kB]
#5 13.19 Get:100 http://deb.debian.org/debian bookworm/main amd64 libssh2-1 amd64 1.10.0-3+b1 [179 kB]
#5 13.21 Get:101 http://deb.debian.org/debian bookworm/main amd64 libcurl4 amd64 7.88.1-10+deb12u15 [392 kB]
#5 13.24 Get:102 http://deb.debian.org/debian bookworm/main amd64 curl amd64 7.88.1-10+deb12u15 [316 kB]
#5 13.26 Get:103 http://deb.debian.org/debian bookworm/main amd64 libassuan0 amd64 2.5.5-5 [48.5 kB]
#5 13.27 Get:104 http://deb.debian.org/debian bookworm/main amd64 gpgconf amd64 2.2.40-1.1+deb12u2 [565 kB]
#5 13.31 Get:105 http://deb.debian.org/debian bookworm/main amd64 libksba8 amd64 1.6.3-2 [128 kB]
#5 13.32 Get:106 http://deb.debian.org/debian bookworm/main amd64 libnpth0 amd64 1.6-3 [19.0 kB]
#5 13.32 Get:107 http://deb.debian.org/debian bookworm/main amd64 dirmngr amd64 2.2.40-1.1+deb12u2 [793 kB]
#5 13.38 Get:108 http://deb.debian.org/debian bookworm/main amd64 node-fast-deep-equal all 3.1.3-3 [5768 B]
#5 13.38 Get:109 http://deb.debian.org/debian bookworm/main amd64 node-json-schema-traverse all 1.0.0-3 [6308 B]
#5 13.38 Get:110 http://deb.debian.org/debian bookworm/main amd64 node-jsonify all 0.0.1-1 [8704 B]
#5 13.38 Get:111 http://deb.debian.org/debian bookworm/main amd64 node-json-stable-stringify all 1.0.2+~cs5.2.34-1 [11.3 kB]
#5 13.38 Get:112 http://deb.debian.org/debian bookworm/main amd64 libc-ares2 amd64 1.18.1-3 [102 kB]
#5 13.39 Get:113 http://deb.debian.org/debian bookworm/main amd64 libicu72 amd64 72.1-3+deb12u1 [9376 kB]
#5 14.11 Get:114 http://deb.debian.org/debian bookworm/main amd64 libuv1 amd64 1.44.2-1+deb12u1 [136 kB]
#5 14.12 Get:115 http://deb.debian.org/debian bookworm/main amd64 node-xtend all 4.0.2-3 [3932 B]
#5 14.12 Get:116 http://deb.debian.org/debian bookworm/main amd64 node-acorn all 8.8.1+ds+~cs25.17.7-2 [128 kB]
#5 14.13 Get:117 http://deb.debian.org/debian bookworm/main amd64 node-cjs-module-lexer all 1.2.2+dfsg-5 [30.1 kB]
#5 14.13 Get:118 http://deb.debian.org/debian bookworm/main amd64 node-busboy all 1.6.0+~cs2.6.0-2 [16.9 kB]
#5 14.14 Get:119 http://deb.debian.org/debian bookworm/main amd64 node-undici all 5.15.0+dfsg1+~cs20.10.9.3-1+deb12u4 [285 kB]
#5 14.16 Get:120 http://deb.debian.org/debian bookworm/main amd64 libnode108 amd64 18.20.4+dfsg-1~deb12u2 [10.6 MB]
#5 14.97 Get:121 http://deb.debian.org/debian bookworm/main amd64 nodejs amd64 18.20.4+dfsg-1~deb12u2 [321 kB]
#5 15.00 Get:122 http://deb.debian.org/debian bookworm/main amd64 node-punycode all 2.1.1-6 [9444 B]
#5 15.00 Get:123 http://deb.debian.org/debian bookworm/main amd64 node-uri-js all 4.4.0+dfsg-8 [47.3 kB]
#5 15.00 Get:124 http://deb.debian.org/debian bookworm/main amd64 node-ajv all 6.12.6-3 [74.0 kB]
#5 15.01 Get:125 http://deb.debian.org/debian bookworm/main amd64 libjs-inherits all 2.0.4-6 [3548 B]
#5 15.01 Get:126 http://deb.debian.org/debian bookworm/main amd64 node-inherits all 2.0.4-6 [4548 B]
#5 15.01 Get:127 http://deb.debian.org/debian bookworm/main amd64 node-core-util-is all 1.0.3-1 [4072 B]
#5 15.01 Get:128 http://deb.debian.org/debian bookworm/main amd64 node-safe-buffer all 5.2.1+~cs2.1.2-3 [15.5 kB]
#5 15.01 Get:129 http://deb.debian.org/debian bookworm/main amd64 node-string-decoder all 1.3.0-6 [7180 B]
#5 15.01 Get:130 http://deb.debian.org/debian bookworm/main amd64 node-process-nextick-args all 2.0.1-3 [3816 B]
#5 15.02 Get:131 http://deb.debian.org/debian bookworm/main amd64 node-util-deprecate all 1.0.2-3 [4436 B]
#5 15.02 Get:132 http://deb.debian.org/debian bookworm/main amd64 node-isarray all 2.0.5-4 [4040 B]
#5 15.02 Get:133 http://deb.debian.org/debian bookworm/main amd64 node-readable-stream all 3.6.0+~cs3.0.0-4 [32.0 kB]
#5 15.02 Get:134 http://deb.debian.org/debian bookworm/main amd64 node-typedarray all 0.0.7-1 [11.4 kB]
#5 15.02 Get:135 http://deb.debian.org/debian bookworm/main amd64 node-concat-stream all 2.0.0+~2.0.0-2 [6388 B]
#5 15.02 Get:136 http://deb.debian.org/debian bookworm/main amd64 node-ms all 2.1.3+~cs0.7.31-3 [5648 B]
#5 15.02 Get:137 http://deb.debian.org/debian bookworm/main amd64 node-debug all 4.3.4+~cs4.1.7-1 [18.1 kB]
#5 15.03 Get:138 http://deb.debian.org/debian bookworm/main amd64 node-esutils all 2.0.3+~2.0.0-1 [12.4 kB]
#5 15.03 Get:139 http://deb.debian.org/debian bookworm/main amd64 node-doctrine all 3.0.0-4 [19.9 kB]
#5 15.03 Get:140 http://deb.debian.org/debian bookworm/main amd64 node-eslint-visitor-keys all 3.3.0+~1.0.0-1 [17.1 kB]
#5 15.03 Get:141 http://deb.debian.org/debian bookworm/main amd64 node-estraverse all 5.3.0+ds+~5.1.1-1 [11.6 kB]
#5 15.03 Get:142 http://deb.debian.org/debian bookworm/main amd64 node-object-assign all 4.1.1-7 [4684 B]
#5 15.03 Get:143 http://deb.debian.org/debian bookworm/main amd64 node-esrecurse all 4.3.0-2 [6048 B]
#5 15.04 Get:144 http://deb.debian.org/debian bookworm/main amd64 node-eslint-scope all 7.1.1+~3.7.4-1 [35.6 kB]
#5 15.04 Get:145 http://deb.debian.org/debian bookworm/main amd64 node-espree all 9.4.1~dfsg-1 [41.0 kB]
#5 15.04 Get:146 http://deb.debian.org/debian bookworm/main amd64 node-esquery all 1.4.2~ds-1 [24.9 kB]
#5 15.04 Get:147 http://deb.debian.org/debian bookworm/main amd64 node-eslint-utils all 3.0.0-3 [15.5 kB]
#5 15.04 Get:148 http://deb.debian.org/debian bookworm/main amd64 node-flatted all 3.2.7~ds-1+deb12u1 [10.4 kB]
#5 15.04 Get:149 http://deb.debian.org/debian bookworm/main amd64 node-fs.realpath all 1.0.0-3 [6172 B]
#5 15.04 Get:150 http://deb.debian.org/debian bookworm/main amd64 node-wrappy all 1.0.2-3 [3776 B]
#5 15.05 Get:151 http://deb.debian.org/debian bookworm/main amd64 node-once all 1.4.0-7 [4492 B]
#5 15.05 Get:152 http://deb.debian.org/debian bookworm/main amd64 node-inflight all 1.0.6-2 [3952 B]
#5 15.05 Get:153 http://deb.debian.org/debian bookworm/main amd64 node-balanced-match all 2.0.0-1 [4872 B]
#5 15.05 Get:154 http://deb.debian.org/debian bookworm/main amd64 node-brace-expansion all 2.0.1-2 [7320 B]
#5 15.05 Get:155 http://deb.debian.org/debian bookworm/main amd64 node-minimatch all 5.1.1+~5.1.2-1 [18.6 kB]
#5 15.06 Get:156 http://deb.debian.org/debian bookworm/main amd64 node-glob all 8.0.3+~cs8.4.15-1 [133 kB]
#5 15.06 Get:157 http://deb.debian.org/debian bookworm/main amd64 node-rimraf all 3.0.2-2 [11.1 kB]
#5 15.06 Get:158 http://deb.debian.org/debian bookworm/main amd64 node-write all 2.0.0~6.0.0+~3.0.4+~2.0.0+~1.0.0+~2.0.1-5 [17.8 kB]
#5 15.06 Get:159 http://deb.debian.org/debian bookworm/main amd64 node-flat-cache all 3.0.4~6.0.0+~3.0.4+~2.0.0+~1.0.0+~2.0.1-5 [20.1 kB]
#5 15.06 Get:160 http://deb.debian.org/debian bookworm/main amd64 node-file-entry-cache all 6.0.0+~3.0.4+~2.0.0+~1.0.0+~2.0.1-5 [15.0 kB]
#5 15.06 Get:161 http://deb.debian.org/debian bookworm/main amd64 node-functional-red-black-tree all 1.0.1+20181105-7 [14.1 kB]
#5 15.06 Get:162 http://deb.debian.org/debian bookworm/main amd64 node-is-extglob all 2.1.1-5 [4612 B]
#5 15.07 Get:163 http://deb.debian.org/debian bookworm/main amd64 node-is-glob all 4.0.3-2 [6620 B]
#5 15.07 Get:164 http://deb.debian.org/debian bookworm/main amd64 node-path-dirname all 1.0.2-2 [4312 B]
#5 15.07 Get:165 http://deb.debian.org/debian bookworm/main amd64 node-glob-parent all 6.0.2+~5.1.1-2 [8784 B]
#5 15.07 Get:166 http://deb.debian.org/debian bookworm/main amd64 node-globals all 13.18.0-1 [11.1 kB]
#5 15.07 Get:167 http://deb.debian.org/debian bookworm/main amd64 node-resolve-from all 5.0.0+~3.1.0+~3.3.0+~2.0.0-1 [7292 B]
#5 15.07 Get:168 http://deb.debian.org/debian bookworm/main amd64 node-imurmurhash all 0.1.4+dfsg+~0.1.1-2 [8412 B]
#5 15.08 Get:169 http://deb.debian.org/debian bookworm/main amd64 node-ignore all 5.2.1-1 [26.4 kB]
#5 15.08 Get:170 http://deb.debian.org/debian bookworm/main amd64 node-prelude-ls all 1.2.1+dfsg-3 [11.3 kB]
#5 15.08 Get:171 http://deb.debian.org/debian bookworm/main amd64 node-type-check all 0.4.0+dfsg-3 [9184 B]
#5 15.08 Get:172 http://deb.debian.org/debian bookworm/main amd64 node-levn all 0.4.1+dfsg-2 [10.2 kB]
#5 15.08 Get:173 http://deb.debian.org/debian bookworm/main amd64 node-lodash all 4.17.21+dfsg+~cs8.31.198.20210220-9 [462 kB]
#5 15.10 Get:174 http://deb.debian.org/debian bookworm/main amd64 node-memfs all 3.4.12+~cs1.0.3-1 [46.8 kB]
#5 15.10 Get:175 http://deb.debian.org/debian bookworm/main amd64 node-mkdirp all 1.0.4+~1.0.2-4 [11.6 kB]
#5 15.10 Get:176 http://deb.debian.org/debian bookworm/main amd64 node-deep-is all 0.1.4-1 [5136 B]
#5 15.10 Get:177 http://deb.debian.org/debian bookworm/main amd64 node-fast-levenshtein all 2.0.6+ds-3 [6040 B]
#5 15.10 Get:178 http://deb.debian.org/debian bookworm/main amd64 node-optionator all 0.9.1+dfsg+~cs1.2.3-1 [17.6 kB]
#5 15.10 Get:179 http://deb.debian.org/debian bookworm/main amd64 node-progress all 2.0.3-2 [8256 B]
#5 15.11 Get:180 http://deb.debian.org/debian bookworm/main amd64 libjs-regenerate all 1.4.2-3 [14.3 kB]
#5 15.11 Get:181 http://deb.debian.org/debian bookworm/main amd64 node-regenerate all 1.4.2-3 [7388 B]
#5 15.12 Get:182 http://deb.debian.org/debian bookworm/main amd64 node-regenerate-unicode-properties all 10.1.0+ds-1 [50.7 kB]
#5 15.12 Get:183 http://deb.debian.org/debian bookworm/main amd64 node-regexpp all 3.2.0-4+deb12u1 [27.0 kB]
#5 15.12 Get:184 http://deb.debian.org/debian bookworm/main amd64 node-yallist all 4.0.0+~4.0.1-1 [8172 B]
#5 15.12 Get:185 http://deb.debian.org/debian bookworm/main amd64 node-lru-cache all 7.14.1-1 [26.3 kB]
#5 15.12 Get:186 http://deb.debian.org/debian bookworm/main amd64 node-semver all 7.3.5+~7.3.9-2 [42.1 kB]
#5 15.12 Get:187 http://deb.debian.org/debian bookworm/main amd64 node-strip-json-comments all 4.0.0-4 [5668 B]
#5 15.12 Get:188 http://deb.debian.org/debian bookworm/main amd64 node-json-schema all 0.4.0+~7.0.11-1 [13.1 kB]
#5 15.12 Get:189 http://deb.debian.org/debian bookworm/main amd64 node-v8-compile-cache all 2.3.0-3+deb12u1 [8464 B]
#5 15.12 Get:190 http://deb.debian.org/debian bookworm/main amd64 eslint all 6.4.0~dfsg+~6.1.9-7 [606 kB]
#5 15.17 Get:191 http://deb.debian.org/debian bookworm/main amd64 libfakeroot amd64 1.31-1.2 [28.3 kB]
#5 15.17 Get:192 http://deb.debian.org/debian bookworm/main amd64 fakeroot amd64 1.31-1.2 [66.9 kB]
#5 15.17 Get:193 http://deb.debian.org/debian bookworm/main amd64 fonts-dejavu-core all 2.37-6 [1068 kB]
#5 15.26 Get:194 http://deb.debian.org/debian bookworm/main amd64 fontconfig-config amd64 2.14.1-4 [315 kB]
#5 15.28 Get:195 http://deb.debian.org/debian bookworm/main amd64 libcurl3-gnutls amd64 7.88.1-10+deb12u15 [386 kB]
#5 15.31 Get:196 http://deb.debian.org/debian bookworm/main amd64 liberror-perl all 0.17029-2 [29.0 kB]
#5 15.31 Get:197 http://deb.debian.org/debian bookworm/main amd64 git-man all 1:2.39.5-0+deb12u3 [2053 kB]
#5 15.47 Get:198 http://deb.debian.org/debian bookworm/main amd64 git amd64 1:2.39.5-0+deb12u3 [7264 kB]
#5 16.03 Get:199 http://deb.debian.org/debian bookworm/main amd64 gnupg-l10n all 2.2.40-1.1+deb12u2 [1093 kB]
#5 16.11 Get:200 http://deb.debian.org/debian bookworm/main amd64 gnupg-utils amd64 2.2.40-1.1+deb12u2 [927 kB]
#5 16.18 Get:201 http://deb.debian.org/debian bookworm/main amd64 gpg amd64 2.2.40-1.1+deb12u2 [950 kB]
#5 16.26 Get:202 http://deb.debian.org/debian bookworm/main amd64 pinentry-curses amd64 1.2.1-1 [77.4 kB]
#5 16.26 Get:203 http://deb.debian.org/debian bookworm/main amd64 gpg-agent amd64 2.2.40-1.1+deb12u2 [695 kB]
#5 16.31 Get:204 http://deb.debian.org/debian bookworm/main amd64 gpg-wks-client amd64 2.2.40-1.1+deb12u2 [541 kB]
#5 16.36 Get:205 http://deb.debian.org/debian bookworm/main amd64 gpg-wks-server amd64 2.2.40-1.1+deb12u2 [531 kB]
#5 16.40 Get:206 http://deb.debian.org/debian bookworm/main amd64 gpgsm amd64 2.2.40-1.1+deb12u2 [671 kB]
#5 16.45 Get:207 http://deb.debian.org/debian bookworm/main amd64 gnupg all 2.2.40-1.1+deb12u2 [846 kB]
#5 16.51 Get:208 http://deb.debian.org/debian bookworm/main amd64 python3-pkg-resources all 66.1.1-1+deb12u2 [297 kB]
#5 16.54 Get:209 http://deb.debian.org/debian bookworm/main amd64 python3-six all 1.16.0-4 [17.5 kB]
#5 16.54 Get:210 http://deb.debian.org/debian bookworm/main amd64 gyp all 0.1+20220404git9ecf45e-2 [237 kB]
#5 16.56 Get:211 http://deb.debian.org/debian bookworm/main amd64 node-neo-async all 2.6.2+~cs3.0.0-2 [35.2 kB]
#5 16.56 Get:212 http://deb.debian.org/debian bookworm/main amd64 node-arrify all 2.0.1-3 [3700 B]
#5 16.57 Get:213 http://deb.debian.org/debian bookworm/main amd64 node-is-plain-obj all 3.0.0-2 [3972 B]
#5 16.61 Get:214 http://deb.debian.org/debian bookworm/main amd64 node-is-buffer all 2.0.5-2 [4112 B]
#5 16.66 Get:215 http://deb.debian.org/debian bookworm/main amd64 node-kind-of all 6.0.3+dfsg-2 [10.2 kB]
#5 16.72 Get:216 http://deb.debian.org/debian bookworm/main amd64 node-minimist all 1.2.7+~cs5.3.2-2 [14.7 kB]
#5 16.79 Get:217 http://deb.debian.org/debian bookworm/main amd64 node-wordwrap all 1.0.0-4 [4628 B]
#5 17.18 Get:218 http://deb.debian.org/debian bookworm/main amd64 node-optimist all 0.6.1+~0.0.30-2 [13.5 kB]
#5 17.18 Get:219 http://deb.debian.org/debian bookworm/main amd64 libjs-source-map all 0.7.0++dfsg2+really.0.6.1-15 [29.6 kB]
#5 17.20 Get:220 http://deb.debian.org/debian bookworm/main amd64 node-source-map all 0.7.0++dfsg2+really.0.6.1-15 [41.7 kB]
#5 17.20 Get:221 http://deb.debian.org/debian bookworm/main amd64 handlebars all 3:4.7.7+~4.1.0-1 [199 kB]
#5 17.22 Get:222 http://deb.debian.org/debian bookworm/main amd64 javascript-common all 11+nmu1 [6260 B]
#5 17.22 Get:223 http://deb.debian.org/debian bookworm/main amd64 libabsl20220623 amd64 20220623.1-1+deb12u2 [391 kB]
#5 17.23 Get:224 http://deb.debian.org/debian bookworm/main amd64 libalgorithm-diff-perl all 1.201-1 [43.3 kB]
#5 17.23 Get:225 http://deb.debian.org/debian bookworm/main amd64 libalgorithm-diff-xs-perl amd64 0.04-8+b1 [11.4 kB]
#5 17.46 Get:226 http://deb.debian.org/debian bookworm/main amd64 libalgorithm-merge-perl all 0.08-5 [11.8 kB]
#5 17.47 Get:227 http://deb.debian.org/debian bookworm/main amd64 libaom3 amd64 3.6.0-1+deb12u2 [1850 kB]
#5 17.55 Get:228 http://deb.debian.org/debian bookworm/main amd64 libauthen-sasl-perl all 2.1600-3 [43.9 kB]
#5 17.55 Get:229 http://deb.debian.org/debian bookworm/main amd64 libdav1d6 amd64 1.0.0-2+deb12u1 [513 kB]
#5 17.58 Get:230 http://deb.debian.org/debian bookworm/main amd64 libgav1-1 amd64 0.18.0-1+b1 [332 kB]
#5 17.59 Get:231 http://deb.debian.org/debian bookworm/main amd64 librav1e0 amd64 0.5.1-6 [763 kB]
#5 17.64 Get:232 http://deb.debian.org/debian bookworm/main amd64 libsvtav1enc1 amd64 1.4.1+dfsg-1 [2121 kB]
#5 17.80 Get:233 http://deb.debian.org/debian bookworm/main amd64 libjpeg62-turbo amd64 1:2.1.5-2 [166 kB]
#5 17.81 Get:234 http://deb.debian.org/debian bookworm/main amd64 libyuv0 amd64 0.0~git20230123.b2528b0-1 [168 kB]
#5 17.83 Get:235 http://deb.debian.org/debian bookworm/main amd64 libavif15 amd64 0.11.1-1+deb12u1 [94.4 kB]
#5 17.84 Get:236 http://deb.debian.org/debian bookworm/main amd64 libpng16-16 amd64 1.6.39-2+deb12u5 [277 kB]
#5 17.86 Get:237 http://deb.debian.org/debian bookworm/main amd64 libfreetype6 amd64 2.12.1+dfsg-5+deb12u4 [398 kB]
#5 17.89 Get:238 http://deb.debian.org/debian bookworm/main amd64 libfontconfig1 amd64 2.14.1-4 [386 kB]
#5 17.92 Get:239 http://deb.debian.org/debian bookworm/main amd64 libde265-0 amd64 1.0.11-1+deb12u2 [185 kB]
#5 17.93 Get:240 http://deb.debian.org/debian bookworm/main amd64 libnuma1 amd64 2.0.16-1 [21.0 kB]
#5 17.93 Get:241 http://deb.debian.org/debian bookworm/main amd64 libx265-199 amd64 3.5-2+b1 [1150 kB]
#5 18.02 Get:242 http://deb.debian.org/debian bookworm/main amd64 libheif1 amd64 1.15.1-1+deb12u1 [215 kB]
#5 18.04 Get:243 http://deb.debian.org/debian bookworm/main amd64 libdeflate0 amd64 1.14-1 [61.4 kB]
#5 18.04 Get:244 http://deb.debian.org/debian bookworm/main amd64 libjbig0 amd64 2.1-6.1 [31.7 kB]
#5 18.04 Get:245 http://deb.debian.org/debian bookworm/main amd64 liblerc4 amd64 4.0.0+ds-2 [170 kB]
#5 18.06 Get:246 http://deb.debian.org/debian bookworm/main amd64 libwebp7 amd64 1.2.4-0.2+deb12u1 [286 kB]
#5 18.08 Get:247 http://deb.debian.org/debian bookworm/main amd64 libtiff6 amd64 4.5.0-6+deb12u4 [316 kB]
#5 18.10 Get:248 http://deb.debian.org/debian bookworm/main amd64 libxau6 amd64 1:1.0.9-1 [19.7 kB]
#5 18.10 Get:249 http://deb.debian.org/debian bookworm/main amd64 libxdmcp6 amd64 1:1.1.2-3 [26.3 kB]
#5 18.11 Get:250 http://deb.debian.org/debian bookworm/main amd64 libxcb1 amd64 1.15-1 [144 kB]
#5 18.12 Get:251 http://deb.debian.org/debian bookworm/main amd64 libx11-data all 2:1.8.4-2+deb12u2 [292 kB]
#5 18.14 Get:252 http://deb.debian.org/debian bookworm/main amd64 libx11-6 amd64 2:1.8.4-2+deb12u2 [760 kB]
#5 18.20 Get:253 http://deb.debian.org/debian bookworm/main amd64 libxpm4 amd64 1:3.5.12-1.1+deb12u1 [48.6 kB]
#5 18.20 Get:254 http://deb.debian.org/debian-security bookworm-security/main amd64 libgd3 amd64 2.3.3-9+deb12u1 [124 kB]
#5 18.21 Get:255 http://deb.debian.org/debian bookworm/main amd64 libc-devtools amd64 2.36-9+deb12u14 [55.7 kB]
#5 18.22 Get:256 http://deb.debian.org/debian bookworm/main amd64 libclone-perl amd64 0.46-1 [13.7 kB]
#5 18.22 Get:257 http://deb.debian.org/debian bookworm/main amd64 libdata-dump-perl all 1.25-1 [28.4 kB]
#5 18.22 Get:258 http://deb.debian.org/debian bookworm/main amd64 libdrm-common all 2.4.114-1 [7112 B]
#5 18.22 Get:259 http://deb.debian.org/debian bookworm/main amd64 libdrm2 amd64 2.4.114-1+b1 [37.5 kB]
#5 18.22 Get:260 http://deb.debian.org/debian bookworm/main amd64 libdrm-amdgpu1 amd64 2.4.114-1+b1 [20.9 kB]
#5 18.23 Get:261 http://deb.debian.org/debian bookworm/main amd64 libpciaccess0 amd64 0.17-2 [51.4 kB]
#5 18.23 Get:262 http://deb.debian.org/debian bookworm/main amd64 libdrm-intel1 amd64 2.4.114-1+b1 [64.0 kB]
#5 18.24 Get:263 http://deb.debian.org/debian bookworm/main amd64 libdrm-nouveau2 amd64 2.4.114-1+b1 [19.1 kB]
#5 18.24 Get:264 http://deb.debian.org/debian bookworm/main amd64 libdrm-radeon1 amd64 2.4.114-1+b1 [21.8 kB]
#5 18.24 Get:265 http://deb.debian.org/debian bookworm/main amd64 libwayland-server0 amd64 1.21.0-1 [35.9 kB]
#5 18.24 Get:266 http://deb.debian.org/debian bookworm/main amd64 libgbm1 amd64 22.3.6-1+deb12u2 [38.1 kB]
#5 18.24 Get:267 http://deb.debian.org/debian bookworm/main amd64 libglapi-mesa amd64 22.3.6-1+deb12u2 [35.9 kB]
#5 18.25 Get:268 http://deb.debian.org/debian bookworm/main amd64 libwayland-client0 amd64 1.21.0-1 [28.3 kB]
#5 18.25 Get:269 http://deb.debian.org/debian bookworm/main amd64 libx11-xcb1 amd64 2:1.8.4-2+deb12u2 [192 kB]
#5 18.26 Get:270 http://deb.debian.org/debian bookworm/main amd64 libxcb-dri2-0 amd64 1.15-1 [107 kB]
#5 18.27 Get:271 http://deb.debian.org/debian bookworm/main amd64 libxcb-dri3-0 amd64 1.15-1 [107 kB]
#5 18.28 Get:272 http://deb.debian.org/debian bookworm/main amd64 libxcb-present0 amd64 1.15-1 [105 kB]
#5 18.29 Get:273 http://deb.debian.org/debian bookworm/main amd64 libxcb-randr0 amd64 1.15-1 [117 kB]
#5 18.30 Get:274 http://deb.debian.org/debian bookworm/main amd64 libxcb-sync1 amd64 1.15-1 [109 kB]
#5 18.31 Get:275 http://deb.debian.org/debian bookworm/main amd64 libxcb-xfixes0 amd64 1.15-1 [109 kB]
#5 18.31 Get:276 http://deb.debian.org/debian bookworm/main amd64 libxshmfence1 amd64 1.3-1 [8820 B]
#5 18.31 Get:277 http://deb.debian.org/debian bookworm/main amd64 libegl-mesa0 amd64 22.3.6-1+deb12u2 [114 kB]
#5 18.32 Get:278 http://deb.debian.org/debian bookworm/main amd64 libelf1 amd64 0.188-2.1 [174 kB]
#5 18.34 Get:279 http://deb.debian.org/debian bookworm/main amd64 libencode-locale-perl all 1.05-3 [12.9 kB]
#5 18.34 Get:280 http://deb.debian.org/debian bookworm/main amd64 libexpat1-dev amd64 2.5.0-1+deb12u2 [151 kB]
#5 18.35 Get:281 http://deb.debian.org/debian bookworm/main amd64 libipc-system-simple-perl all 1.30-2 [26.8 kB]
#5 18.35 Get:282 http://deb.debian.org/debian bookworm/main amd64 libfile-basedir-perl all 0.09-2 [15.1 kB]
#5 18.35 Get:283 http://deb.debian.org/debian bookworm/main amd64 libregexp-ipv6-perl all 0.03-3 [5212 B]
#5 18.35 Get:284 http://deb.debian.org/debian bookworm/main amd64 liburi-perl all 5.17-1 [90.4 kB]
#5 18.36 Get:285 http://deb.debian.org/debian bookworm/main amd64 libfile-desktopentry-perl all 0.22-3 [17.6 kB]
#5 18.36 Get:286 http://deb.debian.org/debian bookworm/main amd64 libfile-fcntllock-perl amd64 0.22-4+b1 [34.8 kB]
#5 18.36 Get:287 http://deb.debian.org/debian bookworm/main amd64 libtimedate-perl all 2.3300-2 [39.3 kB]
#5 18.37 Get:288 http://deb.debian.org/debian bookworm/main amd64 libhttp-date-perl all 6.05-2 [10.5 kB]
#5 18.37 Get:289 http://deb.debian.org/debian bookworm/main amd64 libfile-listing-perl all 6.15-1 [12.6 kB]
#5 18.37 Get:290 http://deb.debian.org/debian bookworm/main amd64 libglib2.0-0 amd64 2.74.6-2+deb12u9 [1403 kB]
#5 18.48 Get:291 http://deb.debian.org/debian bookworm/main amd64 libxml2 amd64 2.9.14+dfsg-1.3~deb12u6 [689 kB]
#5 18.53 Get:292 http://deb.debian.org/debian bookworm/main amd64 shared-mime-info amd64 2.2-1 [729 kB]
#5 18.59 Get:293 http://deb.debian.org/debian bookworm/main amd64 libfile-mimeinfo-perl all 0.33-1 [48.3 kB]
#5 18.59 Get:294 http://deb.debian.org/debian bookworm/main amd64 libfont-afm-perl all 1.20-4 [13.1 kB]
#5 18.59 Get:295 http://deb.debian.org/debian bookworm/main amd64 libfontenc1 amd64 1:1.1.4-1 [24.3 kB]
#5 18.59 Get:296 http://deb.debian.org/debian bookworm/main amd64 libgdk-pixbuf2.0-common all 2.42.10+dfsg-1+deb12u4 [307 kB]
#5 18.62 Get:297 http://deb.debian.org/debian bookworm/main amd64 libgdk-pixbuf-2.0-0 amd64 2.42.10+dfsg-1+deb12u4 [139 kB]
#5 18.63 Get:298 http://deb.debian.org/debian bookworm/main amd64 libgdk-pixbuf2.0-bin amd64 2.42.10+dfsg-1+deb12u4 [18.2 kB]
#5 18.63 Get:299 http://deb.debian.org/debian bookworm/main amd64 libglvnd0 amd64 1.6.0-1 [51.8 kB]
#5 18.63 Get:300 http://deb.debian.org/debian bookworm/main amd64 libxcb-glx0 amd64 1.15-1 [122 kB]
#5 18.64 Get:301 http://deb.debian.org/debian bookworm/main amd64 libxcb-shm0 amd64 1.15-1 [105 kB]
#5 18.65 Get:302 http://deb.debian.org/debian bookworm/main amd64 libxext6 amd64 2:1.3.4-1+b1 [52.9 kB]
#5 18.65 Get:303 http://deb.debian.org/debian bookworm/main amd64 libxfixes3 amd64 1:6.0.0-2 [22.7 kB]
#5 18.66 Get:304 http://deb.debian.org/debian bookworm/main amd64 libxxf86vm1 amd64 1:1.1.4-1+b2 [20.8 kB]
#5 18.66 Get:305 http://deb.debian.org/debian bookworm/main amd64 libz3-4 amd64 4.8.12-3.1 [7216 kB]
#5 19.21 Get:306 http://deb.debian.org/debian bookworm/main amd64 libllvm15 amd64 1:15.0.6-4+b1 [23.1 MB]
#5 20.99 Get:307 http://deb.debian.org/debian bookworm/main amd64 libsensors-config all 1:3.6.0-7.1 [14.3 kB]
#5 20.99 Get:308 http://deb.debian.org/debian bookworm/main amd64 libsensors5 amd64 1:3.6.0-7.1 [34.2 kB]
#5 20.99 Get:309 http://deb.debian.org/debian bookworm/main amd64 libgl1-mesa-dri amd64 22.3.6-1+deb12u2 [7240 kB]
#5 21.55 Get:310 http://deb.debian.org/debian bookworm/main amd64 libglx-mesa0 amd64 22.3.6-1+deb12u2 [148 kB]
#5 21.56 Get:311 http://deb.debian.org/debian bookworm/main amd64 libglx0 amd64 1.6.0-1 [34.4 kB]
#5 21.56 Get:312 http://deb.debian.org/debian bookworm/main amd64 libgl1 amd64 1.6.0-1 [88.4 kB]
#5 21.57 Get:313 http://deb.debian.org/debian bookworm/main amd64 libgles2 amd64 1.6.0-1 [16.8 kB]
#5 21.57 Get:314 http://deb.debian.org/debian bookworm/main amd64 libglib2.0-data all 2.74.6-2+deb12u9 [1211 kB]
#5 21.66 Get:315 http://deb.debian.org/debian bookworm/main amd64 libgpm2 amd64 1.20.7-10+b1 [14.2 kB]
#5 21.66 Get:316 http://deb.debian.org/debian bookworm/main amd64 libhtml-tagset-perl all 3.20-6 [11.7 kB]
#5 21.66 Get:317 http://deb.debian.org/debian bookworm/main amd64 libhtml-parser-perl amd64 3.81-1+deb12u1 [101 kB]
#5 21.67 Get:318 http://deb.debian.org/debian bookworm/main amd64 libio-html-perl all 1.004-3 [16.2 kB]
#5 21.67 Get:319 http://deb.debian.org/debian bookworm/main amd64 liblwp-mediatypes-perl all 6.04-2 [20.2 kB]
#5 21.67 Get:320 http://deb.debian.org/debian bookworm/main amd64 libhttp-message-perl all 6.44-1 [81.7 kB]
#5 21.68 Get:321 http://deb.debian.org/debian bookworm/main amd64 libhtml-form-perl all 6.11-1 [33.1 kB]
#5 21.68 Get:322 http://deb.debian.org/debian bookworm/main amd64 libhtml-tree-perl all 5.07-3 [211 kB]
#5 21.70 Get:323 http://deb.debian.org/debian bookworm/main amd64 libhtml-format-perl all 2.16-2 [38.8 kB]
#5 21.70 Get:324 http://deb.debian.org/debian bookworm/main amd64 libhttp-cookies-perl all 6.10-1 [19.6 kB]
#5 21.70 Get:325 http://deb.debian.org/debian bookworm/main amd64 libhttp-daemon-perl all 6.16-1+deb13u1~deb12u1 [24.8 kB]
#5 21.71 Get:326 http://deb.debian.org/debian bookworm/main amd64 libhttp-negotiate-perl all 6.01-2 [13.1 kB]
#5 21.71 Get:327 http://deb.debian.org/debian bookworm/main amd64 x11-common all 1:7.7+23 [252 kB]
#5 21.73 Get:328 http://deb.debian.org/debian bookworm/main amd64 libice6 amd64 2:1.0.10-1 [58.5 kB]
#5 21.73 Get:329 http://deb.debian.org/debian bookworm/main amd64 perl-openssl-defaults amd64 7+b1 [7924 B]
#5 21.73 Get:330 http://deb.debian.org/debian bookworm/main amd64 libnet-ssleay-perl amd64 1.92-2+b1 [317 kB]
#5 21.76 Get:331 http://deb.debian.org/debian bookworm/main amd64 libio-socket-ssl-perl all 2.081-2 [219 kB]
#5 21.77 Get:332 http://deb.debian.org/debian bookworm/main amd64 libio-stringy-perl all 2.111-3 [56.5 kB]
#5 21.78 Get:333 http://deb.debian.org/debian bookworm/main amd64 libjs-async all 0.8.0-6 [24.2 kB]
#5 21.78 Get:334 http://deb.debian.org/debian bookworm/main amd64 libjs-events all 3.3.0+~3.0.0-3 [11.3 kB]
#5 21.78 Get:335 http://deb.debian.org/debian bookworm/main amd64 libjs-is-typedarray all 1.0.0-4 [3816 B]
#5 21.78 Get:336 http://deb.debian.org/debian bookworm/main amd64 libjs-jquery all 3.6.1+dfsg+~3.5.14-1 [326 kB]
#5 21.81 Get:337 http://deb.debian.org/debian bookworm/main amd64 libjs-prettify all 2015.12.04+dfsg-1.1 [41.7 kB]
#5 21.81 Get:338 http://deb.debian.org/debian bookworm/main amd64 libjs-underscore all 1.13.4~dfsg+~1.11.4-3 [116 kB]
#5 21.82 Get:339 http://deb.debian.org/debian bookworm/main amd64 libjs-sphinxdoc all 5.3.0-4 [130 kB]
#5 21.83 Get:340 http://deb.debian.org/debian bookworm/main amd64 libjs-sprintf-js all 1.1.2+ds1+~1.1.2-1 [12.8 kB]
#5 21.83 Get:341 http://deb.debian.org/debian bookworm/main amd64 libjs-typedarray-to-buffer all 4.0.0-2 [4668 B]
#5 21.83 Get:342 http://deb.debian.org/debian bookworm/main amd64 node-lodash-packages all 4.17.21+dfsg+~cs8.31.198.20210220-9 [179 kB]
#5 21.84 Get:343 http://deb.debian.org/debian bookworm/main amd64 node-function-bind all 1.1.1+repacked+~1.0.3-2 [5252 B]
#5 21.84 Get:344 http://deb.debian.org/debian bookworm/main amd64 node-object-inspect all 1.12.2+~cs1.8.1-1 [20.8 kB]
#5 21.85 Get:345 http://deb.debian.org/debian bookworm/main amd64 node-es-abstract all 1.20.4+~cs26.27.47-1 [137 kB]
#5 21.86 Get:346 http://deb.debian.org/debian bookworm/main amd64 node-resolve all 1.22.1+~cs5.31.10-1 [28.1 kB]
#5 21.86 Get:347 http://deb.debian.org/debian bookworm/main amd64 node-define-properties all 1.1.4+~1.1.3-1 [6828 B]
#5 21.86 Get:348 http://deb.debian.org/debian bookworm/main amd64 node-debbundle-es-to-primitive all 1.2.1+~cs9.7.25-2 [39.9 kB]
#5 21.86 Get:349 http://deb.debian.org/debian bookworm/main amd64 node-defined all 1.0.1+~1.0.0-1 [6776 B]
#5 21.86 Get:350 http://deb.debian.org/debian bookworm/main amd64 node-abbrev all 1.1.1+~1.1.2-1 [5692 B]
#5 21.86 Get:351 http://deb.debian.org/debian bookworm/main amd64 node-archy all 1.0.0-6 [4556 B]
#5 21.86 Get:352 http://deb.debian.org/debian bookworm/main amd64 node-async all 0.8.0-6 [3748 B]
#5 21.87 Get:353 http://deb.debian.org/debian bookworm/main amd64 node-convert-source-map all 1.9.0+~1.5.2-1 [8176 B]
#5 21.87 Get:354 http://deb.debian.org/debian bookworm/main amd64 node-decamelize all 4.0.0-2 [4080 B]
#5 21.87 Get:355 http://deb.debian.org/debian bookworm/main amd64 node-es6-error all 4.1.1-5 [6148 B]
#5 21.87 Get:356 http://deb.debian.org/debian bookworm/main amd64 node-esprima all 4.0.1+ds+~4.0.3-2 [69.3 kB]
#5 21.87 Get:357 http://deb.debian.org/debian bookworm/main amd64 node-escodegen all 2.0.0+dfsg+~0.0.7-2 [23.0 kB]
#5 21.87 Get:358 http://deb.debian.org/debian bookworm/main amd64 node-commondir all 1.0.1+~1.0.0-1 [4388 B]
#5 21.88 Get:359 http://deb.debian.org/debian bookworm/main amd64 node-is-number all 7.0.0-4 [6020 B]
#5 21.88 Get:360 http://deb.debian.org/debian bookworm/main amd64 node-repeat-string all 1.6.1+repack-1 [5600 B]
#5 21.88 Get:361 http://deb.debian.org/debian bookworm/main amd64 node-to-regex-range all 5.0.1-4 [10.5 kB]
#5 21.88 Get:362 http://deb.debian.org/debian bookworm/main amd64 node-fill-range all 7.0.1+~7.0.0-1 [8952 B]
#5 21.88 Get:363 http://deb.debian.org/debian bookworm/main amd64 node-braces all 3.0.2+~3.0.1-1 [20.8 kB]
#5 21.89 Get:364 http://deb.debian.org/debian bookworm/main amd64 node-normalize-path all 3.0.0+~3.0.0-1 [6608 B]
#5 21.89 Get:365 http://deb.debian.org/debian bookworm/main amd64 node-anymatch all 3.1.3+~cs4.6.1-2 [33.4 kB]
#5 21.89 Get:366 http://deb.debian.org/debian bookworm/main amd64 node-micromatch all 4.0.5+~4.0.2-1 [25.8 kB]
#5 21.89 Get:367 http://deb.debian.org/debian bookworm/main amd64 node-pify all 5.0.0+~cs5.0.1-1 [7072 B]
#5 21.89 Get:368 http://deb.debian.org/debian bookworm/main amd64 node-path-type all 4.0.0-3 [3944 B]
#5 21.90 Get:369 http://deb.debian.org/debian bookworm/main amd64 node-n3 all 1.16.3+~1.2.3+~1.10.4-1 [37.0 kB]
#5 21.90 Get:370 http://deb.debian.org/debian bookworm/main amd64 node-slash all 4.0.0-3 [4292 B]
#5 21.90 Get:371 http://deb.debian.org/debian bookworm/main amd64 node-globby all 13.1.3+~cs16.25.40-1+deb12u1 [40.5 kB]
#5 21.90 Get:372 http://deb.debian.org/debian bookworm/main amd64 node-graceful-fs all 4.2.10-1 [14.4 kB]
#5 21.90 Get:373 http://deb.debian.org/debian bookworm/main amd64 node-is-path-cwd all 2.2.0-2 [3672 B]
#5 21.90 Get:374 http://deb.debian.org/debian bookworm/main amd64 node-path-is-inside all 1.0.2+~1.0.0-1 [5072 B]
#5 21.91 Get:375 http://deb.debian.org/debian bookworm/main amd64 node-is-path-inside all 3.0.3-2 [3980 B]
#5 21.91 Get:376 http://deb.debian.org/debian bookworm/main amd64 node-escape-string-regexp all 4.0.0-2 [4296 B]
#5 21.91 Get:377 http://deb.debian.org/debian bookworm/main amd64 node-indent-string all 4.0.0-2 [4144 B]
#5 21.91 Get:378 http://deb.debian.org/debian bookworm/main amd64 node-p-map all 4.0.0+~3.1.0+~3.0.1-1 [7912 B]
#5 21.92 Get:379 http://deb.debian.org/debian bookworm/main amd64 node-del all 7.0.0-5 [6804 B]
#5 21.92 Get:380 http://deb.debian.org/debian bookworm/main amd64 node-make-dir all 3.1.0-3 [6040 B]
#5 21.92 Get:381 http://deb.debian.org/debian bookworm/main amd64 node-p-limit all 4.0.0+~cs4.0.0-5 [7576 B]
#5 21.92 Get:382 http://deb.debian.org/debian bookworm/main amd64 node-p-locate all 6.0.0-12 [5752 B]
#5 21.92 Get:383 http://deb.debian.org/debian bookworm/main amd64 node-locate-path all 7.1.1-2 [5584 B]
#5 21.92 Get:384 http://deb.debian.org/debian bookworm/main amd64 node-path-exists all 5.0.0-8 [4732 B]
#5 21.92 Get:385 http://deb.debian.org/debian bookworm/main amd64 node-find-up all 6.3.0-7 [9388 B]
#5 21.92 Get:386 http://deb.debian.org/debian bookworm/main amd64 node-pkg-dir all 5.0.0-2 [4260 B]
#5 21.92 Get:387 http://deb.debian.org/debian bookworm/main amd64 node-find-cache-dir all 3.3.2+~3.2.1-1 [6152 B]
#5 21.93 Get:388 http://deb.debian.org/debian bookworm/main amd64 node-signal-exit all 3.0.7+~3.0.1-1 [7600 B]
#5 21.93 Get:389 http://deb.debian.org/debian bookworm/main amd64 node-foreground-child all 2.0.0-5 [6384 B]
#5 21.93 Get:390 http://deb.debian.org/debian bookworm/main amd64 node-is-stream all 3.0.0-4 [5076 B]
#5 21.93 Get:391 http://deb.debian.org/debian bookworm/main amd64 node-is-windows all 1.0.2+~cs1.0.0-1 [5936 B]
#5 21.93 Get:392 http://deb.debian.org/debian bookworm/main amd64 node-sprintf-js all 1.1.2+ds1+~1.1.2-1 [4024 B]
#5 21.93 Get:393 http://deb.debian.org/debian bookworm/main amd64 node-argparse all 2.0.1-2 [34.6 kB]
#5 21.94 Get:394 http://deb.debian.org/debian bookworm/main amd64 node-js-yaml all 4.1.0+dfsg+~4.0.5-7 [66.6 kB]
#5 21.94 Get:395 http://deb.debian.org/debian bookworm/main amd64 node-nopt all 5.0.0-4 [12.1 kB]
#5 21.94 Get:396 http://deb.debian.org/debian bookworm/main amd64 node-npm-run-path all 5.1.0+~4.0.0-8 [6276 B]
#5 21.94 Get:397 http://deb.debian.org/debian bookworm/main amd64 node-shebang-regex all 3.0.0-2 [3528 B]
#5 21.94 Get:398 http://deb.debian.org/debian bookworm/main amd64 node-shebang-command all 2.0.0-1 [3500 B]
#5 21.94 Get:399 http://deb.debian.org/debian bookworm/main amd64 node-strip-bom all 4.0.0-2 [4144 B]
#5 21.94 Get:400 http://deb.debian.org/debian bookworm/main amd64 node-has-flag all 4.0.0-3 [4304 B]
#5 21.95 Get:401 http://deb.debian.org/debian bookworm/main amd64 node-supports-color all 8.1.1+~8.1.1-1 [6920 B]
#5 21.95 Get:402 http://deb.debian.org/debian bookworm/main amd64 node-util all 0.12.5+~1.0.10-1 [5700 B]
#5 21.95 Get:403 http://deb.debian.org/debian bookworm/main amd64 node-assert all 2.0.0+~cs3.9.8-2 [26.8 kB]
#5 21.95 Get:404 http://deb.debian.org/debian bookworm/main amd64 node-ampproject-remapping all 2.2.0+~cs5.15.37-1 [59.4 kB]
#5 21.95 Get:405 http://deb.debian.org/debian bookworm/main amd64 node-babel-plugin-add-module-exports all 1.0.4+dfsg1~cs5.8.0-4 [8672 B]
#5 21.96 Get:406 http://deb.debian.org/debian bookworm/main amd64 node-regenerator-runtime all 0.15.1+~0.10.8-1 [10.6 kB]
#5 21.96 Get:407 http://deb.debian.org/debian bookworm/main amd64 node-babel7-runtime all 7.20.15+ds1+~cs214.269.168-3+deb12u2 [116 kB]
#5 21.96 Get:408 http://deb.debian.org/debian bookworm/main amd64 node-babel-helper-define-polyfill-provider all 0.3.3~0~20220913+ds1-1 [27.4 kB]
#5 21.96 Get:409 http://deb.debian.org/debian bookworm/main amd64 node-babel-plugin-polyfill-corejs2 all 0.3.3~0~20220913+ds1-1 [17.1 kB]
#5 21.97 Get:410 http://deb.debian.org/debian bookworm/main amd64 node-caniuse-lite all 1.0.30001436+dfsg+~1.0.1-1 [208 kB]
#5 21.97 Get:411 http://deb.debian.org/debian bookworm/main amd64 node-electron-to-chromium all 1.4.284-1 [20.6 kB]
#5 21.97 Get:412 http://deb.debian.org/debian bookworm/main amd64 node-picocolors all 1.0.0-4 [6652 B]
#5 21.97 Get:413 http://deb.debian.org/debian bookworm/main amd64 node-browserslist all 4.21.4+~cs6.1.17-2 [63.5 kB]
#5 21.97 Get:414 http://deb.debian.org/debian bookworm/main amd64 node-core-js-compat all 3.26.1-3 [66.1 kB]
#5 21.97 Get:415 http://deb.debian.org/debian bookworm/main amd64 node-babel-plugin-polyfill-corejs3 all 0.6.0~0~20220913+ds1-1 [29.5 kB]
#5 21.97 Get:416 http://deb.debian.org/debian bookworm/main amd64 node-babel-plugin-polyfill-regenerator all 0.4.1~0~20220913+ds1-1 [5036 B]
#5 21.98 Get:417 http://deb.debian.org/debian bookworm/main amd64 node-color-name all 1.1.4+~1.1.1-2 [5920 B]
#5 21.98 Get:418 http://deb.debian.org/debian bookworm/main amd64 node-color-convert all 2.0.1+~cs2.0.0-2 [13.1 kB]
#5 21.99 Get:419 http://deb.debian.org/debian bookworm/main amd64 node-ansi-styles all 6.2.1-2 [8640 B]
#5 21.99 Get:420 http://deb.debian.org/debian bookworm/main amd64 node-chalk all 5.2.0-1 [18.0 kB]
#5 21.99 Get:421 http://deb.debian.org/debian bookworm/main amd64 node-for-in all 1.0.2-4 [4840 B]
#5 21.99 Get:422 http://deb.debian.org/debian bookworm/main amd64 node-for-own all 1.0.0-3 [4800 B]
#5 21.99 Get:423 http://deb.debian.org/debian bookworm/main amd64 node-is-plain-object all 5.0.0-7 [6108 B]
#5 22.00 Get:424 http://deb.debian.org/debian bookworm/main amd64 node-is-extendable all 1.0.1-3 [5228 B]
#5 22.00 Get:425 http://deb.debian.org/debian bookworm/main amd64 node-clone-deep all 4.0.1+~cs7.0.2-1 [6720 B]
#5 22.00 Get:426 http://deb.debian.org/debian bookworm/main amd64 node-commander all 9.4.1-1 [65.3 kB]
#5 22.00 Get:427 http://deb.debian.org/debian bookworm/main amd64 node-core-js all 3.26.1-3 [268 kB]
#5 22.01 Get:428 http://deb.debian.org/debian bookworm/main amd64 node-core-js-pure all 3.26.1-3 [250 kB]
#5 22.02 Get:429 http://deb.debian.org/debian bookworm/main amd64 node-fs-readdir-recursive all 1.1.0+~1.1.0-1 [4540 B]
#5 22.02 Get:430 http://deb.debian.org/debian bookworm/main amd64 node-js-tokens all 8.0.0-2 [14.9 kB]
#5 22.02 Get:431 http://deb.debian.org/debian bookworm/main amd64 node-jsesc all 3.0.2+~3.0.1-1 [17.6 kB]
#5 22.02 Get:432 http://deb.debian.org/debian bookworm/main amd64 node-json5 all 2.2.3+dfsg-1 [25.6 kB]
#5 22.02 Get:433 http://deb.debian.org/debian bookworm/main amd64 node-quick-lru all 6.1.1-4 [8076 B]
#5 22.02 Get:434 http://deb.debian.org/debian bookworm/main amd64 node-regenerator-transform all 0.15.1+~0.10.8-1 [24.6 kB]
#5 22.03 Get:435 http://deb.debian.org/debian bookworm/main amd64 node-regjsgen all 0.7.1+ds-1 [6968 B]
#5 22.03 Get:436 http://deb.debian.org/debian bookworm/main amd64 node-regjsparser all 0.9.1+ds-2 [22.1 kB]
#5 22.03 Get:437 http://deb.debian.org/debian bookworm/main amd64 node-unicode-canonical-property-names-ecmascript all 2.0.0-2 [4540 B]
#5 22.03 Get:438 http://deb.debian.org/debian bookworm/main amd64 node-unicode-property-aliases-ecmascript all 2.1.0+ds-1 [5256 B]
#5 22.03 Get:439 http://deb.debian.org/debian bookworm/main amd64 node-unicode-match-property-ecmascript all 2.0.0-2 [4440 B]
#5 22.03 Get:440 http://deb.debian.org/debian bookworm/main amd64 node-unicode-match-property-value-ecmascript all 2.1.0+ds-1 [7272 B]
#5 22.04 Get:441 http://deb.debian.org/debian bookworm/main amd64 node-regexpu-core all 5.2.2-3 [13.9 kB]
#5 22.04 Get:442 http://deb.debian.org/debian bookworm/main amd64 node-source-map-support all 0.5.21+ds+~0.5.4-1 [14.5 kB]
#5 22.04 Get:443 http://deb.debian.org/debian bookworm/main amd64 node-to-fast-properties all 3.0.1-3 [4332 B]
#5 22.04 Get:444 http://deb.debian.org/debian bookworm/main amd64 node-v8flags all 3.2.0+~3.1.1-1 [7612 B]
#5 22.04 Get:445 http://deb.debian.org/debian bookworm/main amd64 node-babel7 all 7.20.15+ds1+~cs214.269.168-3+deb12u2 [712 kB]
#5 22.09 Get:446 http://deb.debian.org/debian bookworm/main amd64 node-is-arrayish all 0.3.2-3 [3960 B]
#5 22.09 Get:447 http://deb.debian.org/debian bookworm/main amd64 node-error-ex all 1.3.2-4 [5656 B]
#5 22.09 Get:448 http://deb.debian.org/debian bookworm/main amd64 node-json-parse-better-errors all 1.0.2+~cs3.3.1-2 [7800 B]
#5 22.09 Get:449 http://deb.debian.org/debian bookworm/main amd64 node-parse-json all 5.2.0+~cs5.1.7-1 [7356 B]
#5 22.09 Get:450 http://deb.debian.org/debian bookworm/main amd64 node-hosted-git-info all 6.1.1-2 [12.6 kB]
#5 22.09 Get:451 http://deb.debian.org/debian bookworm/main amd64 node-spdx-license-ids all 3.0.12-1 [6276 B]
#5 22.09 Get:452 http://deb.debian.org/debian bookworm/main amd64 node-spdx-exceptions all 2.3.0-2 [3992 B]
#5 22.09 Get:453 http://deb.debian.org/debian bookworm/main amd64 node-spdx-expression-parse all 3.0.1+~3.0.1-1 [7532 B]
#5 22.09 Get:454 http://deb.debian.org/debian bookworm/main amd64 node-spdx-correct all 3.1.1-2 [5464 B]
#5 22.10 Get:455 http://deb.debian.org/debian bookworm/main amd64 node-validate-npm-package-license all 3.0.4-2 [4280 B]
#5 22.10 Get:456 http://deb.debian.org/debian bookworm/main amd64 node-normalize-package-data all 4.0.1+~2.4.1-1 [13.6 kB]
#5 22.10 Get:457 http://deb.debian.org/debian bookworm/main amd64 node-read-pkg all 5.2.0-2 [24.0 kB]
#5 22.10 Get:458 http://deb.debian.org/debian bookworm/main amd64 node-uuid all 8.3.2+~8.3.3-3 [44.0 kB]
#5 22.11 Get:459 http://deb.debian.org/debian bookworm/main amd64 node-isexe all 2.0.0+~2.0.1-5 [6084 B]
#5 22.11 Get:460 http://deb.debian.org/debian bookworm/main amd64 node-which all 2.0.2+~cs1.3.2-3 [8368 B]
#5 22.11 Get:461 http://deb.debian.org/debian bookworm/main amd64 node-is-typedarray all 1.0.0-4 [3292 B]
#5 22.11 Get:462 http://deb.debian.org/debian bookworm/main amd64 node-typedarray-to-buffer all 4.0.0-2 [3380 B]
#5 22.11 Get:463 http://deb.debian.org/debian bookworm/main amd64 node-write-file-atomic all 4.0.2+~4.0.0-1 [9284 B]
#5 22.11 Get:464 http://deb.debian.org/debian bookworm/main amd64 node-slice-ansi all 5.0.0+~cs9.0.0-5 [8788 B]
#5 22.11 Get:465 http://deb.debian.org/debian bookworm/main amd64 node-ansi-regex all 5.0.1-1 [4912 B]
#5 22.12 Get:466 http://deb.debian.org/debian bookworm/main amd64 node-strip-ansi all 6.0.1-2 [4120 B]
#5 22.12 Get:467 http://deb.debian.org/debian bookworm/main amd64 node-clone all 2.1.2-4 [8280 B]
#5 22.12 Get:468 http://deb.debian.org/debian bookworm/main amd64 node-defaults all 1.0.4+~1.0.3-1 [4400 B]
#5 22.13 Get:469 http://deb.debian.org/debian bookworm/main amd64 node-wcwidth.js all 1.0.2-2 [7088 B]
#5 22.13 Get:470 http://deb.debian.org/debian bookworm/main amd64 node-string-width all 4.2.3+~cs13.2.3-1 [10.7 kB]
#5 22.13 Get:471 http://deb.debian.org/debian bookworm/main amd64 node-wrap-ansi all 8.0.1+~8.0.1-3 [11.8 kB]
#5 22.14 Get:472 http://deb.debian.org/debian bookworm/main amd64 node-cliui all 7.0.4+repack+~cs3.1.0-4 [11.5 kB]
#5 22.14 Get:473 http://deb.debian.org/debian bookworm/main amd64 node-get-caller-file all 2.0.5+~cs1.1.1-4 [5728 B]
#5 22.15 Get:474 http://deb.debian.org/debian bookworm/main amd64 node-require-directory all 2.1.1+~2.1.2-1 [7092 B]
#5 22.15 Get:475 http://deb.debian.org/debian bookworm/main amd64 node-y18n all 5.0.8+~5.0.0-3 [10.2 kB]
#5 22.15 Get:476 http://deb.debian.org/debian bookworm/main amd64 node-camelcase all 7.0.0-3 [6032 B]
#5 22.15 Get:477 http://deb.debian.org/debian bookworm/main amd64 node-yargs-parser all 21.1.1+~21.0.0-4 [28.4 kB]
#5 22.15 Get:478 http://deb.debian.org/debian bookworm/main amd64 node-yargs all 16.2.0+~16.0.4-7 [128 kB]
#5 22.16 Get:479 http://deb.debian.org/debian bookworm/main amd64 node-istanbul all 0.4.5+repack10+~cs97.25.57-3 [207 kB]
#5 22.16 Get:480 http://deb.debian.org/debian bookworm/main amd64 node-through all 2.3.8+~cs0.0.30-1 [5452 B]
#5 22.16 Get:481 http://deb.debian.org/debian bookworm/main amd64 node-resumer all 0.0.0-6 [4144 B]
#5 22.16 Get:482 http://deb.debian.org/debian bookworm/main amd64 node-tape all 5.6.1+~cs8.20.19-1 [70.9 kB]
#5 22.17 Get:483 http://deb.debian.org/debian bookworm/main amd64 node-deep-equal all 2.1.0+~cs31.12.80-1 [34.5 kB]
#5 22.17 Get:484 http://deb.debian.org/debian bookworm/main amd64 libjs-util all 0.12.5+~1.0.10-1 [16.0 kB]
#5 22.17 Get:485 http://deb.debian.org/debian bookworm/main amd64 libldap-common all 2.5.13+dfsg-5 [29.3 kB]
#5 22.17 Get:486 http://deb.debian.org/debian bookworm/main amd64 libnet-http-perl all 6.22-1 [25.3 kB]
#5 22.17 Get:487 http://deb.debian.org/debian bookworm/main amd64 libtry-tiny-perl all 0.31-2 [22.6 kB]
#5 22.17 Get:488 http://deb.debian.org/debian bookworm/main amd64 libwww-robotrules-perl all 6.02-1 [12.9 kB]
#5 22.17 Get:489 http://deb.debian.org/debian bookworm/main amd64 libwww-perl all 6.68-1 [186 kB]
#5 22.18 Get:490 http://deb.debian.org/debian bookworm/main amd64 liblwp-protocol-https-perl all 6.10-1 [12.2 kB]
#5 22.18 Get:491 http://deb.debian.org/debian bookworm/main amd64 libnet-smtp-ssl-perl all 1.04-2 [6548 B]
#5 22.18 Get:492 http://deb.debian.org/debian bookworm/main amd64 libmailtools-perl all 2.21-2 [95.6 kB]
#5 22.19 Get:493 http://deb.debian.org/debian bookworm/main amd64 libxml-parser-perl amd64 2.46-4+deb12u1 [201 kB]
#5 22.19 Get:494 http://deb.debian.org/debian bookworm/main amd64 libxml-twig-perl all 1:3.52-2 [181 kB]
#5 22.21 Get:495 http://deb.debian.org/debian bookworm/main amd64 libnet-dbus-perl amd64 1.2.0-2 [177 kB]
#5 22.22 Get:496 http://deb.debian.org/debian bookworm/main amd64 libssl-dev amd64 3.0.20-1~deb12u2 [2443 kB]
#5 22.41 Get:497 http://deb.debian.org/debian bookworm/main amd64 libuv1-dev amd64 1.44.2-1+deb12u1 [172 kB]
#5 22.42 Get:498 http://deb.debian.org/debian bookworm/main amd64 libnode-dev amd64 18.20.4+dfsg-1~deb12u2 [513 kB]
#5 22.46 Get:499 http://deb.debian.org/debian bookworm/main amd64 libnotify4 amd64 0.8.1-1 [30.1 kB]
#5 22.46 Get:500 http://deb.debian.org/debian bookworm/main amd64 libnotify-bin amd64 0.8.1-1 [17.3 kB]
#5 22.47 Get:501 http://deb.debian.org/debian bookworm/main amd64 libpython3.11 amd64 3.11.2-6+deb12u8 [1988 kB]
#5 22.62 Get:502 http://deb.debian.org/debian bookworm/main amd64 zlib1g-dev amd64 1:1.2.13.dfsg-1 [916 kB]
#5 22.69 Get:503 http://deb.debian.org/debian bookworm/main amd64 libpython3.11-dev amd64 3.11.2-6+deb12u8 [4738 kB]
#5 23.05 Get:504 http://deb.debian.org/debian bookworm/main amd64 libpython3-dev amd64 3.11.2-1+b1 [9572 B]
#5 23.05 Get:505 http://deb.debian.org/debian bookworm/main amd64 libsasl2-modules amd64 2.1.28+dfsg-10 [66.6 kB]
#5 23.06 Get:506 http://deb.debian.org/debian bookworm/main amd64 libsm6 amd64 2:1.2.3-1 [35.1 kB]
#5 23.06 Get:507 http://deb.debian.org/debian bookworm/main amd64 libsodium23 amd64 1.0.18-1+deb12u1 [162 kB]
#5 23.07 Get:508 http://deb.debian.org/debian bookworm/main amd64 libtext-iconv-perl amd64 1.7-8 [14.5 kB]
#5 23.07 Get:509 http://deb.debian.org/debian bookworm/main amd64 libtie-ixhash-perl all 1.23-4 [11.7 kB]
#5 23.07 Get:510 http://deb.debian.org/debian bookworm/main amd64 libx11-protocol-perl all 0.56-9 [120 kB]
#5 23.08 Get:511 http://deb.debian.org/debian bookworm/main amd64 libxt6 amd64 1:1.2.1-1.1 [186 kB]
#5 23.10 Get:512 http://deb.debian.org/debian bookworm/main amd64 libxmu6 amd64 2:1.1.3-3 [60.1 kB]
#5 23.10 Get:513 http://deb.debian.org/debian bookworm/main amd64 libxaw7 amd64 2:1.0.14-1 [201 kB]
#5 23.12 Get:514 http://deb.debian.org/debian bookworm/main amd64 libxcb-shape0 amd64 1.15-1 [106 kB]
#5 23.13 Get:515 http://deb.debian.org/debian bookworm/main amd64 libxcomposite1 amd64 1:0.4.5-1 [16.6 kB]
#5 23.13 Get:516 http://deb.debian.org/debian bookworm/main amd64 libxrender1 amd64 1:0.9.10-1.1 [33.2 kB]
#5 23.13 Get:517 http://deb.debian.org/debian bookworm/main amd64 libxcursor1 amd64 1:1.2.1-1 [40.9 kB]
#5 23.13 Get:518 http://deb.debian.org/debian bookworm/main amd64 libxft2 amd64 2.3.6-1 [61.8 kB]
#5 23.14 Get:519 http://deb.debian.org/debian bookworm/main amd64 libxi6 amd64 2:1.8-1+b1 [84.2 kB]
#5 23.14 Get:520 http://deb.debian.org/debian bookworm/main amd64 libxinerama1 amd64 2:1.1.4-3 [17.8 kB]
#5 23.15 Get:521 http://deb.debian.org/debian bookworm/main amd64 libxkbfile1 amd64 1:1.1.0-1 [75.2 kB]
#5 23.15 Get:522 http://deb.debian.org/debian bookworm/main amd64 libxml-xpathengine-perl all 0.14-2 [33.5 kB]
#5 23.16 Get:523 http://deb.debian.org/debian bookworm/main amd64 libxmuu1 amd64 2:1.1.3-3 [23.9 kB]
#5 23.16 Get:524 http://deb.debian.org/debian bookworm/main amd64 libxrandr2 amd64 2:1.5.2-2+b1 [39.2 kB]
#5 23.16 Get:525 http://deb.debian.org/debian bookworm/main amd64 libxtst6 amd64 2:1.2.3-1.1 [28.0 kB]
#5 23.16 Get:526 http://deb.debian.org/debian bookworm/main amd64 libxv1 amd64 2:1.0.11-1.1 [24.8 kB]
#5 23.17 Get:527 http://deb.debian.org/debian bookworm/main amd64 libxxf86dga1 amd64 2:1.1.5-1 [22.1 kB]
#5 23.17 Get:528 http://deb.debian.org/debian bookworm/main amd64 manpages-dev all 6.03-2 [2030 kB]
#5 23.32 Get:529 http://deb.debian.org/debian bookworm/main amd64 node-agent-base all 6.0.2+~cs5.4.2-2 [17.3 kB]
#5 23.32 Get:530 http://deb.debian.org/debian bookworm/main amd64 node-ajv-keywords all 3.5.2-2 [20.3 kB]
#5 23.32 Get:531 http://deb.debian.org/debian bookworm/main amd64 node-ansi-escapes all 5.0.0+really.4.3.1-1 [8896 B]
#5 23.33 Get:532 http://deb.debian.org/debian bookworm/main amd64 node-aproba all 2.0.0-3 [5844 B]
#5 23.33 Get:533 http://deb.debian.org/debian bookworm/main amd64 node-delegates all 1.0.0-3 [4528 B]
#5 23.33 Get:534 http://deb.debian.org/debian bookworm/main amd64 node-are-we-there-yet all 3.0.1+~1.1.0-1 [10.0 kB]
#5 23.33 Get:535 http://deb.debian.org/debian bookworm/main amd64 node-async-each all 1.0.3-3 [4292 B]
#5 23.33 Get:536 http://deb.debian.org/debian bookworm/main amd64 node-auto-bind all 4.0.0-2 [4816 B]
#5 23.33 Get:537 http://deb.debian.org/debian bookworm/main amd64 node-babel-plugin-lodash all 3.3.4+~cs2.0.1-6 [11.0 kB]
#5 23.34 Get:538 http://deb.debian.org/debian bookworm/main amd64 node-isobject all 4.0.0-2 [5332 B]
#5 23.34 Get:539 http://deb.debian.org/debian bookworm/main amd64 node-object-visit all 1.0.1-5 [4868 B]
#5 23.35 Get:540 http://deb.debian.org/debian bookworm/main amd64 node-map-visit all 1.0.0-4 [6208 B]
#5 23.35 Get:541 http://deb.debian.org/debian bookworm/main amd64 node-collection-visit all 1.0.0-4 [4924 B]
#5 23.35 Get:542 http://deb.debian.org/debian bookworm/main amd64 node-get-value all 1:3.0.1-4 [5248 B]
#5 23.35 Get:543 http://deb.debian.org/debian bookworm/main amd64 node-sellside-emitter all 1.2.1-3 [4440 B]
#5 23.35 Get:544 http://deb.debian.org/debian bookworm/main amd64 node-is-primitive all 3.0.1-3 [4892 B]
#5 23.35 Get:545 http://deb.debian.org/debian bookworm/main amd64 node-set-value all 4.1.0+~4.0.1-2 [10.4 kB]
#5 23.36 Get:546 http://deb.debian.org/debian bookworm/main amd64 node-union-value all 2.0.1-4 [5352 B]
#5 23.36 Get:547 http://deb.debian.org/debian bookworm/main amd64 node-has-values all 2.0.1-4 [5628 B]
#5 23.36 Get:548 http://deb.debian.org/debian bookworm/main amd64 node-has-value all 2.0.2-4 [6000 B]
#5 23.36 Get:549 http://deb.debian.org/debian bookworm/main amd64 node-unset-value all 2.0.1-1 [5928 B]
#5 23.36 Get:550 http://deb.debian.org/debian bookworm/main amd64 node-cache-base all 4.0.2-1 [12.4 kB]
#5 23.37 Get:551 http://deb.debian.org/debian bookworm/main amd64 node-is-descriptor all 3.0.0-2 [5556 B]
#5 23.37 Get:552 http://deb.debian.org/debian bookworm/main amd64 node-define-property all 2.0.2+really+2.0.2-3 [6820 B]
#5 23.37 Get:553 http://deb.debian.org/debian bookworm/main amd64 node-mixin-deep all 2.0.1-3 [5428 B]
#5 23.37 Get:554 http://deb.debian.org/debian bookworm/main amd64 node-pascalcase all 1.0.0-1 [5004 B]
#5 23.37 Get:555 http://deb.debian.org/debian bookworm/main amd64 node-base all 3.0.0-3 [12.9 kB]
#5 23.37 Get:556 http://deb.debian.org/debian bookworm/main amd64 node-base64-js all 1.5.1+dfsg+~1.3.0-2 [7140 B]
#5 23.37 Get:557 http://deb.debian.org/debian bookworm/main amd64 node-binary-extensions all 2.2.0-2 [4408 B]
#5 23.37 Get:558 http://deb.debian.org/debian bookworm/main amd64 node-builtins all 5.0.1-1 [4072 B]
#5 23.37 Get:559 http://deb.debian.org/debian bookworm/main amd64 node-chownr all 2.0.0-2 [4424 B]
#5 23.38 Get:560 http://deb.debian.org/debian bookworm/main amd64 node-iconv-lite all 0.6.3-3 [115 kB]
#5 23.38 Get:561 http://deb.debian.org/debian bookworm/main amd64 node-encoding all 0.1.13-2 [4400 B]
#5 23.38 Get:562 http://deb.debian.org/debian bookworm/main amd64 node-jsonparse all 1.3.1-10 [8020 B]
#5 23.38 Get:563 http://deb.debian.org/debian bookworm/main amd64 node-minipass all 3.3.6+~cs9.4.19-1+deb12u1 [43.1 kB]
#5 23.38 Get:564 http://deb.debian.org/debian bookworm/main amd64 node-iferr all 1.0.2+~1.0.2-1 [4588 B]
#5 23.39 Get:565 http://deb.debian.org/debian bookworm/main amd64 node-fs-write-stream-atomic all 1.0.10-6 [5316 B]
#5 23.39 Get:566 http://deb.debian.org/debian bookworm/main amd64 node-run-queue all 2.0.0-3 [5156 B]
#5 23.39 Get:567 http://deb.debian.org/debian bookworm/main amd64 node-copy-concurrently all 1.0.5-9 [7100 B]
#5 23.39 Get:568 http://deb.debian.org/debian bookworm/main amd64 node-move-concurrently all 1.0.1-5 [5152 B]
#5 23.40 Get:569 http://deb.debian.org/debian bookworm/main amd64 node-promise-inflight all 1.0.1+~1.0.0-1 [4864 B]
#5 23.40 Get:570 http://deb.debian.org/debian bookworm/main amd64 node-ssri all 9.0.1-2 [18.0 kB]
#5 23.40 Get:571 http://deb.debian.org/debian bookworm/main amd64 node-unique-filename all 1.1.1+ds-2 [4032 B]
#5 23.40 Get:572 http://deb.debian.org/debian bookworm/main amd64 node-cacache all 17.0.3+~cs10.3.7-1 [45.1 kB]
#5 23.40 Get:573 http://deb.debian.org/debian bookworm/main amd64 node-is-binary-path all 2.1.0-5 [3684 B]
#5 23.40 Get:574 http://deb.debian.org/debian bookworm/main amd64 node-path-is-absolute all 2.0.0-2 [4068 B]
#5 23.41 Get:575 http://deb.debian.org/debian bookworm/main amd64 node-set-immediate-shim all 2.0.0-2 [3740 B]
#5 23.41 Get:576 http://deb.debian.org/debian bookworm/main amd64 node-readdirp all 3.6.0-1 [11.5 kB]
#5 23.41 Get:577 http://deb.debian.org/debian bookworm/main amd64 node-chokidar all 3.5.3-2 [32.3 kB]
#5 23.41 Get:578 http://deb.debian.org/debian bookworm/main amd64 node-tslib all 2.4.1-1 [19.5 kB]
#5 23.42 Get:579 http://deb.debian.org/debian bookworm/main amd64 node-chrome-trace-event all 1.0.3-2 [6984 B]
#5 23.42 Get:580 http://deb.debian.org/debian bookworm/main amd64 node-ci-info all 3.6.1+~cs1.1.0-1 [11.7 kB]
#5 23.42 Get:581 http://deb.debian.org/debian bookworm/main amd64 node-cli-boxes all 2.2.1-2 [4696 B]
#5 23.42 Get:582 http://deb.debian.org/debian bookworm/main amd64 node-restore-cursor all 4.0.0-2 [4352 B]
#5 23.42 Get:583 http://deb.debian.org/debian bookworm/main amd64 node-cli-cursor all 4.0.0-3 [7880 B]
#5 23.43 Get:584 http://deb.debian.org/debian bookworm/main amd64 node-colors all 1.4.0-4 [11.9 kB]
#5 23.43 Get:585 http://deb.debian.org/debian bookworm/main amd64 node-cli-table all 0.3.11+~cs0.13.4-3 [23.6 kB]
#5 23.43 Get:586 http://deb.debian.org/debian bookworm/main amd64 node-cli-truncate all 2.1.0-5 [5628 B]
#5 23.43 Get:587 http://deb.debian.org/debian bookworm/main amd64 node-columnify all 1.6.0+~1.5.1-1 [12.4 kB]
#5 23.43 Get:588 http://deb.debian.org/debian bookworm/main amd64 node-console-control-strings all 1.1.0-3 [5564 B]
#5 23.43 Get:589 http://deb.debian.org/debian bookworm/main amd64 node-growl all 1.10.5-4 [7684 B]
#5 23.43 Get:590 http://deb.debian.org/debian bookworm/main amd64 node-lcov-parse all 1.0.0+20170612git80d039574ed9-6 [5116 B]
#5 23.44 Get:591 http://deb.debian.org/debian bookworm/main amd64 node-log-driver all 1.2.7+git+20180219+bba1761737-7 [5396 B]
#5 23.44 Get:592 http://deb.debian.org/debian bookworm/main amd64 node-data-uri-to-buffer all 4.0.0-3 [5540 B]
#5 23.44 Get:593 http://deb.debian.org/debian bookworm/main amd64 node-fetch all 3.3.0+~cs11.4.11-2 [212 kB]
#5 23.45 Get:594 http://deb.debian.org/debian bookworm/main amd64 node-coveralls all 3.1.1-2 [13.8 kB]
#5 23.45 Get:595 http://deb.debian.org/debian bookworm/main amd64 node-css-selector-tokenizer all 0.8.0+~cs4.8.3-1 [13.0 kB]
#5 23.45 Get:596 http://deb.debian.org/debian bookworm/main amd64 node-postcss all 8.4.20+~cs8.0.23-1+deb12u1 [181 kB]
#5 23.46 Get:597 http://deb.debian.org/debian bookworm/main amd64 node-icss-utils all 5.1.0+~5.1.0-1 [7564 B]
#5 23.46 Get:598 http://deb.debian.org/debian bookworm/main amd64 node-postcss-modules-extract-imports all 3.0.0-2 [6584 B]
#5 23.46 Get:599 http://deb.debian.org/debian bookworm/main amd64 node-postcss-modules-values all 4.0.0+~4.0.0-1 [7180 B]
#5 23.46 Get:600 http://deb.debian.org/debian bookworm/main amd64 node-postcss-value-parser all 4.2.0-1 [10.4 kB]
#5 23.46 Get:601 http://deb.debian.org/debian bookworm/main amd64 node-prr all 1.0.1-3 [4352 B]
#5 23.46 Get:602 http://deb.debian.org/debian bookworm/main amd64 node-errno all 1.0.0-3 [7736 B]
#5 23.46 Get:603 http://deb.debian.org/debian bookworm/main amd64 node-memory-fs all 0.5.0+~0.3.3-2 [7676 B]
#5 23.46 Get:604 http://deb.debian.org/debian bookworm/main amd64 node-tapable all 2.2.1-2 [13.6 kB]
#5 23.47 Get:605 http://deb.debian.org/debian bookworm/main amd64 node-enhanced-resolve all 5.10.0-1 [33.6 kB]
#5 23.47 Get:606 http://deb.debian.org/debian bookworm/main amd64 node-es-module-lexer all 1.1.0+dfsg-2+deb12u1 [19.7 kB]
#5 23.47 Get:607 http://deb.debian.org/debian bookworm/main amd64 node-events all 3.3.0+~3.0.0-3 [5888 B]
#5 23.48 Get:608 http://deb.debian.org/debian bookworm/main amd64 node-resolve-cwd all 3.0.0-2 [4212 B]
#5 23.48 Get:609 http://deb.debian.org/debian bookworm/main amd64 node-jest-debbundle all 29.3.1~ds1+~cs70.48.25-2 [129 kB]
#5 23.48 Get:610 http://deb.debian.org/debian bookworm/main amd64 node-interpret all 2.2.0-3 [7660 B]
#5 23.48 Get:611 http://deb.debian.org/debian bookworm/main amd64 node-merge-stream all 2.0.0+~1.1.2-2 [5124 B]
#5 23.48 Get:612 http://deb.debian.org/debian bookworm/main amd64 node-jest-worker all 29.3.1~ds1+~cs70.48.25-2 [112 kB]
#5 23.49 Get:613 http://deb.debian.org/debian bookworm/main amd64 node-loader-runner all 4.3.0-1 [7644 B]
#5 23.49 Get:614 http://deb.debian.org/debian bookworm/main amd64 node-mime all 3.0.0+dfsg+~cs3.97.1-1 [40.4 kB]
#5 23.49 Get:615 http://deb.debian.org/debian bookworm/main amd64 node-mime-types all 2.1.35-1 [9456 B]
#5 23.49 Get:616 http://deb.debian.org/debian bookworm/main amd64 node-rechoir all 0.8.0+~0.6.1-2 [6628 B]
#5 23.50 Get:617 http://deb.debian.org/debian bookworm/main amd64 node-schema-utils all 3.1.1~ds-2 [20.0 kB]
#5 23.50 Get:618 http://deb.debian.org/debian bookworm/main amd64 node-randombytes all 2.1.0+~2.0.0-2 [4852 B]
#5 23.50 Get:619 http://deb.debian.org/debian bookworm/main amd64 node-serialize-javascript all 6.0.0-2+deb12u1 [12.8 kB]
#5 23.50 Get:620 http://deb.debian.org/debian bookworm/main amd64 node-watchpack all 2.4.0+~cs2.8.1-1 [20.2 kB]
#5 23.50 Get:621 http://deb.debian.org/debian bookworm/main amd64 node-webassemblyjs all 1.11.4+dfsg+~cs10.11.17-2 [139 kB]
#5 23.51 Get:622 http://deb.debian.org/debian bookworm/main amd64 node-source-list-map all 2.0.1+dfsg-2 [9348 B]
#5 23.51 Get:623 http://deb.debian.org/debian bookworm/main amd64 node-webpack-sources all 3.2.3+~3.2.0-2 [23.2 kB]
#5 23.52 Get:624 http://deb.debian.org/debian bookworm/main amd64 node-terser all 5.16.5-2 [204 kB]
#5 23.52 Get:625 http://deb.debian.org/debian bookworm/main amd64 terser all 5.16.5-2 [16.5 kB]
#5 23.52 Get:626 http://deb.debian.org/debian bookworm/main amd64 webpack all 5.75.0+dfsg+~cs17.16.14-1+deb12u1 [756 kB]
#5 23.54 Get:627 http://deb.debian.org/debian bookworm/main amd64 node-css-loader all 6.7.2+~cs14.0.11-1 [73.0 kB]
#5 23.55 Get:628 http://deb.debian.org/debian bookworm/main amd64 node-mimic-response all 3.1.0-8 [5404 B]
#5 23.55 Get:629 http://deb.debian.org/debian bookworm/main amd64 node-decompress-response all 6.0.0-2 [4620 B]
#5 23.55 Get:630 http://deb.debian.org/debian bookworm/main amd64 node-depd all 2.0.0-2 [11.2 kB]
#5 23.55 Get:631 http://deb.debian.org/debian bookworm/main amd64 node-diff all 5.0.0~dfsg+~5.0.1-4 [69.7 kB]
#5 23.55 Get:632 http://deb.debian.org/debian bookworm/main amd64 node-end-of-stream all 1.4.4+~1.4.1-1 [5292 B]
#5 23.55 Get:633 http://deb.debian.org/debian bookworm/main amd64 node-err-code all 2.0.3+dfsg-3 [4884 B]
#5 23.55 Get:634 http://deb.debian.org/debian bookworm/main amd64 node-time-stamp all 2.2.0-2 [6016 B]
#5 23.55 Get:635 http://deb.debian.org/debian bookworm/main amd64 node-fancy-log all 1.3.3+~cs1.3.1-2 [7940 B]
#5 23.56 Get:636 http://deb.debian.org/debian bookworm/main amd64 node-has-unicode all 2.0.1-5 [3992 B]
#5 23.57 Get:637 http://deb.debian.org/debian bookworm/main amd64 node-wide-align all 1.1.3-4 [4244 B]
#5 23.57 Get:638 http://deb.debian.org/debian bookworm/main amd64 node-gauge all 4.0.4-1 [19.6 kB]
#5 23.57 Get:639 http://deb.debian.org/debian bookworm/main amd64 node-pump all 3.0.0-5 [5136 B]
#5 23.57 Get:640 http://deb.debian.org/debian bookworm/main amd64 node-get-stream all 6.0.1-1 [7208 B]
#5 23.57 Get:641 http://deb.debian.org/debian bookworm/main amd64 node-lowercase-keys all 2.0.0-2 [3768 B]
#5 23.57 Get:642 http://deb.debian.org/debian bookworm/main amd64 node-json-buffer all 3.0.1+~3.0.0-1 [4536 B]
#5 23.58 Get:643 http://deb.debian.org/debian bookworm/main amd64 node-p-cancelable all 2.1.1-1 [7272 B]
#5 23.58 Get:644 http://deb.debian.org/debian bookworm/main amd64 node-got all 11.8.5+~cs58.13.36-3 [121 kB]
#5 23.58 Get:645 http://deb.debian.org/debian bookworm/main amd64 node-https-proxy-agent all 5.0.1+~cs8.0.0-3 [16.1 kB]
#5 23.58 Get:646 http://deb.debian.org/debian bookworm/main amd64 node-set-blocking all 2.0.0-2 [4248 B]
#5 23.58 Get:647 http://deb.debian.org/debian bookworm/main amd64 node-npmlog all 7.0.1+~4.1.4-1 [11.4 kB]
#5 23.58 Get:648 http://deb.debian.org/debian bookworm/main amd64 node-osenv all 0.1.5+~0.1.1-1 [5884 B]
#5 23.59 Get:649 http://deb.debian.org/debian-security bookworm-security/main amd64 node-tar all 6.1.13+~cs7.0.5-1+deb12u1 [52.8 kB]
#5 23.59 Get:650 http://deb.debian.org/debian bookworm/main amd64 node-gyp all 9.3.0-2 [57.9 kB]
#5 23.59 Get:651 http://deb.debian.org/debian bookworm/main amd64 node-ieee754 all 1.2.1-3 [5268 B]
#5 23.59 Get:652 http://deb.debian.org/debian bookworm/main amd64 node-ini all 3.0.1-2 [6928 B]
#5 23.60 Get:653 http://deb.debian.org/debian bookworm/main amd64 node-ip all 2.0.0+~1.1.0-1 [8128 B]
#5 23.60 Get:654 http://deb.debian.org/debian bookworm/main amd64 node-ip-regex all 4.3.0+~4.1.1-1 [5188 B]
#5 23.60 Get:655 http://deb.debian.org/debian bookworm/main amd64 node-mute-stream all 0.0.8+~0.0.1-3 [6232 B]
#5 23.60 Get:656 http://deb.debian.org/debian bookworm/main amd64 node-negotiator all 0.6.3+~0.6.1-1 [10.8 kB]
#5 23.60 Get:657 http://deb.debian.org/debian bookworm/main amd64 node-read-package-json all 5.0.2+~2.0.0-1 [12.0 kB]
#5 23.60 Get:658 http://deb.debian.org/debian bookworm/main amd64 node-npm-bundled all 2.0.1-2 [6408 B]
#5 23.61 Get:659 http://deb.debian.org/debian bookworm/main amd64 node-validate-npm-package-name all 5.0.0+~4.0.0-1 [7444 B]
#5 23.61 Get:660 http://deb.debian.org/debian bookworm/main amd64 node-npm-package-arg all 10.0.0+~3.0.0-2 [11.4 kB]
#5 23.61 Get:661 http://deb.debian.org/debian bookworm/main amd64 xdg-utils all 1.1.3-4.1 [75.5 kB]
#5 23.61 Get:662 http://deb.debian.org/debian bookworm/main amd64 node-opener all 1.5.2+~1.4.0-1 [5940 B]
#5 23.61 Get:663 http://deb.debian.org/debian bookworm/main amd64 node-retry all 0.13.1+~0.12.1-1 [11.2 kB]
#5 23.61 Get:664 http://deb.debian.org/debian bookworm/main amd64 node-promise-retry all 2.0.1-4 [5016 B]
#5 23.62 Get:665 http://deb.debian.org/debian bookworm/main amd64 node-read all 1.0.7-5 [5388 B]
#5 23.62 Get:666 http://deb.debian.org/debian bookworm/main amd64 node-promzard all 0.3.0-2 [6788 B]
#5 23.62 Get:667 http://deb.debian.org/debian bookworm/main amd64 node-shell-quote all 1.7.4+~1.7.1-1+deb12u1 [14.7 kB]
#5 23.62 Get:668 http://deb.debian.org/debian bookworm/main amd64 node-stack-utils all 2.0.6+~2.0.1-1 [9260 B]
#5 23.62 Get:669 http://deb.debian.org/debian bookworm/main amd64 node-yaml all 2.1.3-2 [118 kB]
#5 23.63 Get:670 http://deb.debian.org/debian bookworm/main amd64 node-tap-parser all 11.0.2+~cs2.1.4-1 [62.7 kB]
#5 23.63 Get:671 http://deb.debian.org/debian bookworm/main amd64 node-tap-mocha-reporter all 5.0.3+~2.0.2-2 [38.7 kB]
#5 23.63 Get:672 http://deb.debian.org/debian bookworm/main amd64 node-widest-line all 3.1.0-2 [4092 B]
#5 23.63 Get:673 http://deb.debian.org/debian bookworm/main amd64 node-ws all 8.11.0+~cs13.7.3-1 [51.1 kB]
#5 23.64 Get:674 http://deb.debian.org/debian bookworm/main amd64 node-tap all 16.3.2+ds1+~cs50.8.16-1+deb12u1 [101 kB]
#5 23.64 Get:675 http://deb.debian.org/debian bookworm/main amd64 node-text-table all 0.2.0-4 [4736 B]
#5 23.64 Get:676 http://deb.debian.org/debian bookworm/main amd64 nodejs-doc all 18.20.4+dfsg-1~deb12u2 [3581 kB]
#5 23.90 Get:677 http://deb.debian.org/debian bookworm/main amd64 npm all 9.2.0~ds1-1 [669 kB]
#5 23.95 Get:678 http://deb.debian.org/debian bookworm/main amd64 publicsuffix all 20230209.2326-1 [126 kB]
#5 23.96 Get:679 http://deb.debian.org/debian bookworm/main amd64 python3.11-dev amd64 3.11.2-6+deb12u8 [619 kB]
#5 24.01 Get:680 http://deb.debian.org/debian bookworm/main amd64 python3-lib2to3 all 3.11.2-3 [76.3 kB]
#5 24.02 Get:681 http://deb.debian.org/debian bookworm/main amd64 python3-distutils all 3.11.2-3 [131 kB]
#5 24.03 Get:682 http://deb.debian.org/debian bookworm/main amd64 python3-dev amd64 3.11.2-1+b1 [26.2 kB]
#5 24.03 Get:683 http://deb.debian.org/debian bookworm/main amd64 python3-setuptools all 66.1.1-1+deb12u2 [522 kB]
#5 24.07 Get:684 http://deb.debian.org/debian bookworm/main amd64 python3-wheel all 0.38.4-2 [30.8 kB]
#5 24.07 Get:685 http://deb.debian.org/debian bookworm/main amd64 python3-pip all 23.0.1+dfsg-1 [1325 kB]
#5 24.17 Get:686 http://deb.debian.org/debian bookworm/main amd64 vim-runtime all 2:9.0.1378-2+deb12u2 [7027 kB]
#5 24.71 Get:687 http://deb.debian.org/debian bookworm/main amd64 vim amd64 2:9.0.1378-2+deb12u2 [1568 kB]
#5 24.83 Get:688 http://deb.debian.org/debian bookworm/main amd64 x11-utils amd64 7.7+5 [202 kB]
#5 24.85 Get:689 http://deb.debian.org/debian bookworm/main amd64 x11-xserver-utils amd64 7.7+9+b1 [169 kB]
#5 24.86 Get:690 http://deb.debian.org/debian bookworm/main amd64 xauth amd64 1:1.1.2-1 [36.0 kB]
#5 24.86 Get:691 http://deb.debian.org/debian bookworm/main amd64 xdg-user-dirs amd64 0.18-1 [54.4 kB]
#5 24.87 Get:692 http://deb.debian.org/debian bookworm/main amd64 xxd amd64 2:9.0.1378-2+deb12u2 [84.1 kB]
#5 24.87 Get:693 http://deb.debian.org/debian bookworm/main amd64 libegl1 amd64 1.6.0-1 [33.7 kB]
#5 24.88 Get:694 http://deb.debian.org/debian bookworm/main amd64 zutty amd64 0.14.0.20230218+dfsg1-1 [177 kB]
#5 25.03 debconf: delaying package configuration, since apt-utils is not installed
#5 25.05 Fetched 235 MB in 19s (12.5 MB/s)
#5 25.06 Selecting previously unselected package libdbus-1-3:amd64.
#5 25.06 (Reading database ... (Reading database ... 5%(Reading database ... 10%(Reading database ... 15%(Reading database ... 20%(Reading database ... 25%(Reading database ... 30%(Reading database ... 35%(Reading database ... 40%(Reading database ... 45%(Reading database ... 50%(Reading database ... 55%(Reading database ... 60%(Reading database ... 65%(Reading database ... 70%(Reading database ... 75%(Reading database ... 80%(Reading database ... 85%(Reading database ... 90%(Reading database ... 95%(Reading database ... 100%(Reading database ... 6096 files and directories currently installed.)
#5 25.07 Preparing to unpack .../00-libdbus-1-3_1.14.10-1~deb12u1_amd64.deb ...
#5 25.08 Unpacking libdbus-1-3:amd64 (1.14.10-1~deb12u1) ...
#5 25.11 Selecting previously unselected package dbus-bin.
#5 25.11 Preparing to unpack .../01-dbus-bin_1.14.10-1~deb12u1_amd64.deb ...
#5 25.11 Unpacking dbus-bin (1.14.10-1~deb12u1) ...
#5 25.12 Selecting previously unselected package dbus-session-bus-common.
#5 25.13 Preparing to unpack .../02-dbus-session-bus-common_1.14.10-1~deb12u1_all.deb ...
#5 25.13 Unpacking dbus-session-bus-common (1.14.10-1~deb12u1) ...
#5 25.14 Selecting previously unselected package libapparmor1:amd64.
#5 25.15 Preparing to unpack .../03-libapparmor1_3.0.8-3_amd64.deb ...
#5 25.15 Unpacking libapparmor1:amd64 (3.0.8-3) ...
#5 25.16 Selecting previously unselected package libexpat1:amd64.
#5 25.16 Preparing to unpack .../04-libexpat1_2.5.0-1+deb12u2_amd64.deb ...
#5 25.16 Unpacking libexpat1:amd64 (2.5.0-1+deb12u2) ...
#5 25.18 Selecting previously unselected package dbus-daemon.
#5 25.19 Preparing to unpack .../05-dbus-daemon_1.14.10-1~deb12u1_amd64.deb ...
#5 25.19 Unpacking dbus-daemon (1.14.10-1~deb12u1) ...
#5 25.21 Selecting previously unselected package dbus-system-bus-common.
#5 25.21 Preparing to unpack .../06-dbus-system-bus-common_1.14.10-1~deb12u1_all.deb ...
#5 25.21 Unpacking dbus-system-bus-common (1.14.10-1~deb12u1) ...
#5 25.23 Selecting previously unselected package dbus.
#5 25.23 Preparing to unpack .../07-dbus_1.14.10-1~deb12u1_amd64.deb ...
#5 25.23 Unpacking dbus (1.14.10-1~deb12u1) ...
#5 25.25 Selecting previously unselected package perl-modules-5.36.
#5 25.25 Preparing to unpack .../08-perl-modules-5.36_5.36.0-7+deb12u3_all.deb ...
#5 25.25 Unpacking perl-modules-5.36 (5.36.0-7+deb12u3) ...
#5 25.48 Selecting previously unselected package libgdbm6:amd64.
#5 25.49 Preparing to unpack .../09-libgdbm6_1.23-3_amd64.deb ...
#5 25.49 Unpacking libgdbm6:amd64 (1.23-3) ...
#5 25.50 Selecting previously unselected package libgdbm-compat4:amd64.
#5 25.50 Preparing to unpack .../10-libgdbm-compat4_1.23-3_amd64.deb ...
#5 25.50 Unpacking libgdbm-compat4:amd64 (1.23-3) ...
#5 25.52 Selecting previously unselected package libperl5.36:amd64.
#5 25.52 Preparing to unpack .../11-libperl5.36_5.36.0-7+deb12u3_amd64.deb ...
#5 25.52 Unpacking libperl5.36:amd64 (5.36.0-7+deb12u3) ...
#5 25.79 Selecting previously unselected package perl.
#5 25.79 Preparing to unpack .../12-perl_5.36.0-7+deb12u3_amd64.deb ...
#5 25.79 Unpacking perl (5.36.0-7+deb12u3) ...
#5 25.82 Selecting previously unselected package liblocale-gettext-perl.
#5 25.82 Preparing to unpack .../13-liblocale-gettext-perl_1.07-5_amd64.deb ...
#5 25.82 Unpacking liblocale-gettext-perl (1.07-5) ...
#5 25.84 Selecting previously unselected package libssl3:amd64.
#5 25.84 Preparing to unpack .../14-libssl3_3.0.20-1~deb12u2_amd64.deb ...
#5 25.84 Unpacking libssl3:amd64 (3.0.20-1~deb12u2) ...
#5 25.96 Selecting previously unselected package libpython3.11-minimal:amd64.
#5 25.96 Preparing to unpack .../15-libpython3.11-minimal_3.11.2-6+deb12u8_amd64.deb ...
#5 25.96 Unpacking libpython3.11-minimal:amd64 (3.11.2-6+deb12u8) ...
#5 26.03 Selecting previously unselected package python3.11-minimal.
#5 26.03 Preparing to unpack .../16-python3.11-minimal_3.11.2-6+deb12u8_amd64.deb ...
#5 26.03 Unpacking python3.11-minimal (3.11.2-6+deb12u8) ...
#5 26.18 Setting up libssl3:amd64 (3.0.20-1~deb12u2) ...
#5 26.18 Setting up libpython3.11-minimal:amd64 (3.11.2-6+deb12u8) ...
#5 26.19 Setting up libexpat1:amd64 (2.5.0-1+deb12u2) ...
#5 26.19 Setting up python3.11-minimal (3.11.2-6+deb12u8) ...
#5 26.71 Selecting previously unselected package python3-minimal.
#5 26.71 (Reading database ... (Reading database ... 5%(Reading database ... 10%(Reading database ... 15%(Reading database ... 20%(Reading database ... 25%(Reading database ... 30%(Reading database ... 35%(Reading database ... 40%(Reading database ... 45%(Reading database ... 50%(Reading database ... 55%(Reading database ... 60%(Reading database ... 65%(Reading database ... 70%(Reading database ... 75%(Reading database ... 80%(Reading database ... 85%(Reading database ... 90%(Reading database ... 95%(Reading database ... 100%(Reading database ... 8529 files and directories currently installed.)
#5 26.72 Preparing to unpack .../00-python3-minimal_3.11.2-1+b1_amd64.deb ...
#5 26.72 Unpacking python3-minimal (3.11.2-1+b1) ...
#5 26.74 Selecting previously unselected package media-types.
#5 26.74 Preparing to unpack .../01-media-types_10.0.0_all.deb ...
#5 26.74 Unpacking media-types (10.0.0) ...
#5 26.76 Selecting previously unselected package libncursesw6:amd64.
#5 26.76 Preparing to unpack .../02-libncursesw6_6.4-4_amd64.deb ...
#5 26.77 Unpacking libncursesw6:amd64 (6.4-4) ...
#5 26.79 Selecting previously unselected package libkrb5support0:amd64.
#5 26.79 Preparing to unpack .../03-libkrb5support0_1.20.1-2+deb12u5_amd64.deb ...
#5 26.79 Unpacking libkrb5support0:amd64 (1.20.1-2+deb12u5) ...
#5 26.80 Selecting previously unselected package libk5crypto3:amd64.
#5 26.81 Preparing to unpack .../04-libk5crypto3_1.20.1-2+deb12u5_amd64.deb ...
#5 26.81 Unpacking libk5crypto3:amd64 (1.20.1-2+deb12u5) ...
#5 26.83 Selecting previously unselected package libkeyutils1:amd64.
#5 26.83 Preparing to unpack .../05-libkeyutils1_1.6.3-2_amd64.deb ...
#5 26.83 Unpacking libkeyutils1:amd64 (1.6.3-2) ...
#5 26.85 Selecting previously unselected package libkrb5-3:amd64.
#5 26.85 Preparing to unpack .../06-libkrb5-3_1.20.1-2+deb12u5_amd64.deb ...
#5 26.85 Unpacking libkrb5-3:amd64 (1.20.1-2+deb12u5) ...
#5 26.89 Selecting previously unselected package libgssapi-krb5-2:amd64.
#5 26.89 Preparing to unpack .../07-libgssapi-krb5-2_1.20.1-2+deb12u5_amd64.deb ...
#5 26.89 Unpacking libgssapi-krb5-2:amd64 (1.20.1-2+deb12u5) ...
#5 26.91 Selecting previously unselected package libtirpc-common.
#5 26.92 Preparing to unpack .../08-libtirpc-common_1.3.3+ds-1_all.deb ...
#5 26.92 Unpacking libtirpc-common (1.3.3+ds-1) ...
#5 26.93 Selecting previously unselected package libtirpc3:amd64.
#5 26.93 Preparing to unpack .../09-libtirpc3_1.3.3+ds-1_amd64.deb ...
#5 26.94 Unpacking libtirpc3:amd64 (1.3.3+ds-1) ...
#5 26.96 Selecting previously unselected package libnsl2:amd64.
#5 26.96 Preparing to unpack .../10-libnsl2_1.3.0-2_amd64.deb ...
#5 26.96 Unpacking libnsl2:amd64 (1.3.0-2) ...
#5 26.98 Selecting previously unselected package readline-common.
#5 26.98 Preparing to unpack .../11-readline-common_8.2-1.3_all.deb ...
#5 26.98 Unpacking readline-common (8.2-1.3) ...
#5 27.00 Selecting previously unselected package libreadline8:amd64.
#5 27.00 Preparing to unpack .../12-libreadline8_8.2-1.3_amd64.deb ...
#5 27.00 Unpacking libreadline8:amd64 (8.2-1.3) ...
#5 27.02 Selecting previously unselected package libsqlite3-0:amd64.
#5 27.02 Preparing to unpack .../13-libsqlite3-0_3.40.1-2+deb12u2_amd64.deb ...
#5 27.02 Unpacking libsqlite3-0:amd64 (3.40.1-2+deb12u2) ...
#5 27.09 Selecting previously unselected package libpython3.11-stdlib:amd64.
#5 27.09 Preparing to unpack .../14-libpython3.11-stdlib_3.11.2-6+deb12u8_amd64.deb ...
#5 27.09 Unpacking libpython3.11-stdlib:amd64 (3.11.2-6+deb12u8) ...
#5 27.22 Selecting previously unselected package python3.11.
#5 27.22 Preparing to unpack .../15-python3.11_3.11.2-6+deb12u8_amd64.deb ...
#5 27.22 Unpacking python3.11 (3.11.2-6+deb12u8) ...
#5 27.25 Selecting previously unselected package libpython3-stdlib:amd64.
#5 27.25 Preparing to unpack .../16-libpython3-stdlib_3.11.2-1+b1_amd64.deb ...
#5 27.25 Unpacking libpython3-stdlib:amd64 (3.11.2-1+b1) ...
#5 27.27 Setting up python3-minimal (3.11.2-1+b1) ...
#5 27.39 Selecting previously unselected package python3.
#5 27.39 (Reading database ... (Reading database ... 5%(Reading database ... 10%(Reading database ... 15%(Reading database ... 20%(Reading database ... 25%(Reading database ... 30%(Reading database ... 35%(Reading database ... 40%(Reading database ... 45%(Reading database ... 50%(Reading database ... 55%(Reading database ... 60%(Reading database ... 65%(Reading database ... 70%(Reading database ... 75%(Reading database ... 80%(Reading database ... 85%(Reading database ... 90%(Reading database ... 95%(Reading database ... 100%(Reading database ... 9036 files and directories currently installed.)
#5 27.39 Preparing to unpack .../000-python3_3.11.2-1+b1_amd64.deb ...
#5 27.40 Unpacking python3 (3.11.2-1+b1) ...
#5 27.41 Selecting previously unselected package sudo.
#5 27.41 Preparing to unpack .../001-sudo_1.9.13p3-1+deb12u4_amd64.deb ...
#5 27.42 Unpacking sudo (1.9.13p3-1+deb12u4) ...
#5 27.52 Selecting previously unselected package less.
#5 27.52 Preparing to unpack .../002-less_590-2.1~deb12u2_amd64.deb ...
#5 27.52 Unpacking less (590-2.1~deb12u2) ...
#5 27.54 Selecting previously unselected package nano.
#5 27.55 Preparing to unpack .../003-nano_7.2-1+deb12u1_amd64.deb ...
#5 27.55 Unpacking nano (7.2-1+deb12u1) ...
#5 27.60 Selecting previously unselected package netbase.
#5 27.60 Preparing to unpack .../004-netbase_6.4_all.deb ...
#5 27.61 Unpacking netbase (6.4) ...
#5 27.62 Selecting previously unselected package vim-common.
#5 27.62 Preparing to unpack .../005-vim-common_2%3a9.0.1378-2+deb12u2_all.deb ...
#5 27.62 Unpacking vim-common (2:9.0.1378-2+deb12u2) ...
#5 27.64 Selecting previously unselected package bzip2.
#5 27.64 Preparing to unpack .../006-bzip2_1.0.8-5+b1_amd64.deb ...
#5 27.64 Unpacking bzip2 (1.0.8-5+b1) ...
#5 27.66 Selecting previously unselected package openssl.
#5 27.66 Preparing to unpack .../007-openssl_3.0.20-1~deb12u2_amd64.deb ...
#5 27.67 Unpacking openssl (3.0.20-1~deb12u2) ...
#5 27.77 Selecting previously unselected package ca-certificates.
#5 27.77 Preparing to unpack .../008-ca-certificates_20250419~deb12u1_all.deb ...
#5 27.77 Unpacking ca-certificates (20250419~deb12u1) ...
#5 27.80 Selecting previously unselected package krb5-locales.
#5 27.80 Preparing to unpack .../009-krb5-locales_1.20.1-2+deb12u5_all.deb ...
#5 27.80 Unpacking krb5-locales (1.20.1-2+deb12u5) ...
#5 27.82 Selecting previously unselected package manpages.
#5 27.82 Preparing to unpack .../010-manpages_6.03-2_all.deb ...
#5 27.82 Unpacking manpages (6.03-2) ...
#5 27.90 Selecting previously unselected package libbsd0:amd64.
#5 27.90 Preparing to unpack .../011-libbsd0_0.11.7-2_amd64.deb ...
#5 27.90 Unpacking libbsd0:amd64 (0.11.7-2) ...
#5 27.92 Selecting previously unselected package libedit2:amd64.
#5 27.92 Preparing to unpack .../012-libedit2_3.1-20221030-2_amd64.deb ...
#5 27.92 Unpacking libedit2:amd64 (3.1-20221030-2) ...
#5 27.94 Selecting previously unselected package libcbor0.8:amd64.
#5 27.95 Preparing to unpack .../013-libcbor0.8_0.8.0-2+b1_amd64.deb ...
#5 27.95 Unpacking libcbor0.8:amd64 (0.8.0-2+b1) ...
#5 27.97 Selecting previously unselected package libfido2-1:amd64.
#5 27.97 Preparing to unpack .../014-libfido2-1_1.12.0-2+b1_amd64.deb ...
#5 27.97 Unpacking libfido2-1:amd64 (1.12.0-2+b1) ...
#5 27.99 Selecting previously unselected package openssh-client.
#5 27.99 Preparing to unpack .../015-openssh-client_1%3a9.2p1-2+deb12u10_amd64.deb ...
#5 28.00 Unpacking openssh-client (1:9.2p1-2+deb12u10) ...
#5 28.07 Selecting previously unselected package libpsl5:amd64.
#5 28.08 Preparing to unpack .../016-libpsl5_0.21.2-1_amd64.deb ...
#5 28.08 Unpacking libpsl5:amd64 (0.21.2-1) ...
#5 28.09 Selecting previously unselected package wget.
#5 28.09 Preparing to unpack .../017-wget_1.21.3-1+deb12u1_amd64.deb ...
#5 28.09 Unpacking wget (1.21.3-1+deb12u1) ...
#5 28.15 Selecting previously unselected package xz-utils.
#5 28.15 Preparing to unpack .../018-xz-utils_5.4.1-1+deb12u1_amd64.deb ...
#5 28.15 Unpacking xz-utils (5.4.1-1+deb12u1) ...
#5 28.20 Selecting previously unselected package binutils-common:amd64.
#5 28.20 Preparing to unpack .../019-binutils-common_2.40-2_amd64.deb ...
#5 28.20 Unpacking binutils-common:amd64 (2.40-2) ...
#5 28.39 Selecting previously unselected package libbinutils:amd64.
#5 28.39 Preparing to unpack .../020-libbinutils_2.40-2_amd64.deb ...
#5 28.39 Unpacking libbinutils:amd64 (2.40-2) ...
#5 28.45 Selecting previously unselected package libctf-nobfd0:amd64.
#5 28.45 Preparing to unpack .../021-libctf-nobfd0_2.40-2_amd64.deb ...
#5 28.45 Unpacking libctf-nobfd0:amd64 (2.40-2) ...
#5 28.48 Selecting previously unselected package libctf0:amd64.
#5 28.48 Preparing to unpack .../022-libctf0_2.40-2_amd64.deb ...
#5 28.48 Unpacking libctf0:amd64 (2.40-2) ...
#5 28.50 Selecting previously unselected package libgprofng0:amd64.
#5 28.50 Preparing to unpack .../023-libgprofng0_2.40-2_amd64.deb ...
#5 28.50 Unpacking libgprofng0:amd64 (2.40-2) ...
#5 28.57 Selecting previously unselected package libjansson4:amd64.
#5 28.57 Preparing to unpack .../024-libjansson4_2.14-2_amd64.deb ...
#5 28.58 Unpacking libjansson4:amd64 (2.14-2) ...
#5 28.59 Selecting previously unselected package binutils-x86-64-linux-gnu.
#5 28.59 Preparing to unpack .../025-binutils-x86-64-linux-gnu_2.40-2_amd64.deb ...
#5 28.59 Unpacking binutils-x86-64-linux-gnu (2.40-2) ...
#5 28.80 Selecting previously unselected package binutils.
#5 28.80 Preparing to unpack .../026-binutils_2.40-2_amd64.deb ...
#5 28.80 Unpacking binutils (2.40-2) ...
#5 28.81 Selecting previously unselected package libc-dev-bin.
#5 28.82 Preparing to unpack .../027-libc-dev-bin_2.36-9+deb12u14_amd64.deb ...
#5 28.82 Unpacking libc-dev-bin (2.36-9+deb12u14) ...
#5 28.83 Selecting previously unselected package linux-libc-dev:amd64.
#5 28.84 Preparing to unpack .../028-linux-libc-dev_6.1.180-1_amd64.deb ...
#5 28.84 Unpacking linux-libc-dev:amd64 (6.1.180-1) ...
#5 28.96 Selecting previously unselected package libcrypt-dev:amd64.
#5 28.96 Preparing to unpack .../029-libcrypt-dev_1%3a4.4.33-2_amd64.deb ...
#5 28.97 Unpacking libcrypt-dev:amd64 (1:4.4.33-2) ...
#5 28.99 Selecting previously unselected package libtirpc-dev:amd64.
#5 28.99 Preparing to unpack .../030-libtirpc-dev_1.3.3+ds-1_amd64.deb ...
#5 28.99 Unpacking libtirpc-dev:amd64 (1.3.3+ds-1) ...
#5 29.01 Selecting previously unselected package libnsl-dev:amd64.
#5 29.01 Preparing to unpack .../031-libnsl-dev_1.3.0-2_amd64.deb ...
#5 29.02 Unpacking libnsl-dev:amd64 (1.3.0-2) ...
#5 29.03 Selecting previously unselected package rpcsvc-proto.
#5 29.03 Preparing to unpack .../032-rpcsvc-proto_1.4.3-1_amd64.deb ...
#5 29.04 Unpacking rpcsvc-proto (1.4.3-1) ...
#5 29.06 Selecting previously unselected package libc6-dev:amd64.
#5 29.06 Preparing to unpack .../033-libc6-dev_2.36-9+deb12u14_amd64.deb ...
#5 29.06 Unpacking libc6-dev:amd64 (2.36-9+deb12u14) ...
#5 29.20 Selecting previously unselected package libisl23:amd64.
#5 29.21 Preparing to unpack .../034-libisl23_0.25-1.1_amd64.deb ...
#5 29.21 Unpacking libisl23:amd64 (0.25-1.1) ...
#5 29.26 Selecting previously unselected package libmpfr6:amd64.
#5 29.27 Preparing to unpack .../035-libmpfr6_4.2.0-1_amd64.deb ...
#5 29.27 Unpacking libmpfr6:amd64 (4.2.0-1) ...
#5 29.30 Selecting previously unselected package libmpc3:amd64.
#5 29.31 Preparing to unpack .../036-libmpc3_1.3.1-1_amd64.deb ...
#5 29.31 Unpacking libmpc3:amd64 (1.3.1-1) ...
#5 29.32 Selecting previously unselected package cpp-12.
#5 29.32 Preparing to unpack .../037-cpp-12_12.2.0-14+deb12u1_amd64.deb ...
#5 29.33 Unpacking cpp-12 (12.2.0-14+deb12u1) ...
#5 29.86 Selecting previously unselected package cpp.
#5 29.86 Preparing to unpack .../038-cpp_4%3a12.2.0-3_amd64.deb ...
#5 29.86 Unpacking cpp (4:12.2.0-3) ...
#5 29.88 Selecting previously unselected package libcc1-0:amd64.
#5 29.88 Preparing to unpack .../039-libcc1-0_12.2.0-14+deb12u1_amd64.deb ...
#5 29.88 Unpacking libcc1-0:amd64 (12.2.0-14+deb12u1) ...
#5 29.90 Selecting previously unselected package libgomp1:amd64.
#5 29.90 Preparing to unpack .../040-libgomp1_12.2.0-14+deb12u1_amd64.deb ...
#5 29.90 Unpacking libgomp1:amd64 (12.2.0-14+deb12u1) ...
#5 29.92 Selecting previously unselected package libitm1:amd64.
#5 29.92 Preparing to unpack .../041-libitm1_12.2.0-14+deb12u1_amd64.deb ...
#5 29.92 Unpacking libitm1:amd64 (12.2.0-14+deb12u1) ...
#5 29.94 Selecting previously unselected package libatomic1:amd64.
#5 29.94 Preparing to unpack .../042-libatomic1_12.2.0-14+deb12u1_amd64.deb ...
#5 29.94 Unpacking libatomic1:amd64 (12.2.0-14+deb12u1) ...
#5 29.95 Selecting previously unselected package libasan8:amd64.
#5 29.95 Preparing to unpack .../043-libasan8_12.2.0-14+deb12u1_amd64.deb ...
#5 29.96 Unpacking libasan8:amd64 (12.2.0-14+deb12u1) ...
#5 30.12 Selecting previously unselected package liblsan0:amd64.
#5 30.12 Preparing to unpack .../044-liblsan0_12.2.0-14+deb12u1_amd64.deb ...
#5 30.12 Unpacking liblsan0:amd64 (12.2.0-14+deb12u1) ...
#5 30.20 Selecting previously unselected package libtsan2:amd64.
#5 30.20 Preparing to unpack .../045-libtsan2_12.2.0-14+deb12u1_amd64.deb ...
#5 30.21 Unpacking libtsan2:amd64 (12.2.0-14+deb12u1) ...
#5 30.38 Selecting previously unselected package libubsan1:amd64.
#5 30.38 Preparing to unpack .../046-libubsan1_12.2.0-14+deb12u1_amd64.deb ...
#5 30.38 Unpacking libubsan1:amd64 (12.2.0-14+deb12u1) ...
#5 30.46 Selecting previously unselected package libquadmath0:amd64.
#5 30.46 Preparing to unpack .../047-libquadmath0_12.2.0-14+deb12u1_amd64.deb ...
#5 30.46 Unpacking libquadmath0:amd64 (12.2.0-14+deb12u1) ...
#5 30.48 Selecting previously unselected package libgcc-12-dev:amd64.
#5 30.48 Preparing to unpack .../048-libgcc-12-dev_12.2.0-14+deb12u1_amd64.deb ...
#5 30.49 Unpacking libgcc-12-dev:amd64 (12.2.0-14+deb12u1) ...
#5 30.65 Selecting previously unselected package gcc-12.
#5 30.65 Preparing to unpack .../049-gcc-12_12.2.0-14+deb12u1_amd64.deb ...
#5 30.65 Unpacking gcc-12 (12.2.0-14+deb12u1) ...
#5 31.27 Selecting previously unselected package gcc.
#5 31.27 Preparing to unpack .../050-gcc_4%3a12.2.0-3_amd64.deb ...
#5 31.27 Unpacking gcc (4:12.2.0-3) ...
#5 31.29 Selecting previously unselected package libstdc++-12-dev:amd64.
#5 31.29 Preparing to unpack .../051-libstdc++-12-dev_12.2.0-14+deb12u1_amd64.deb ...
#5 31.29 Unpacking libstdc++-12-dev:amd64 (12.2.0-14+deb12u1) ...
#5 31.45 Selecting previously unselected package g++-12.
#5 31.45 Preparing to unpack .../052-g++-12_12.2.0-14+deb12u1_amd64.deb ...
#5 31.45 Unpacking g++-12 (12.2.0-14+deb12u1) ...
#5 31.98 Selecting previously unselected package g++.
#5 31.98 Preparing to unpack .../053-g++_4%3a12.2.0-3_amd64.deb ...
#5 31.98 Unpacking g++ (4:12.2.0-3) ...
#5 31.99 Selecting previously unselected package make.
#5 32.00 Preparing to unpack .../054-make_4.3-4.1_amd64.deb ...
#5 32.00 Unpacking make (4.3-4.1) ...
#5 32.04 Selecting previously unselected package libdpkg-perl.
#5 32.04 Preparing to unpack .../055-libdpkg-perl_1.21.23_all.deb ...
#5 32.04 Unpacking libdpkg-perl (1.21.23) ...
#5 32.08 Selecting previously unselected package patch.
#5 32.08 Preparing to unpack .../056-patch_2.7.6-7_amd64.deb ...
#5 32.08 Unpacking patch (2.7.6-7) ...
#5 32.10 Selecting previously unselected package dpkg-dev.
#5 32.10 Preparing to unpack .../057-dpkg-dev_1.21.23_all.deb ...
#5 32.11 Unpacking dpkg-dev (1.21.23) ...
#5 32.19 Selecting previously unselected package build-essential.
#5 32.20 Preparing to unpack .../058-build-essential_12.9_amd64.deb ...
#5 32.20 Unpacking build-essential (12.9) ...
#5 32.21 Selecting previously unselected package libbrotli1:amd64.
#5 32.21 Preparing to unpack .../059-libbrotli1_1.0.9-2+b6_amd64.deb ...
#5 32.21 Unpacking libbrotli1:amd64 (1.0.9-2+b6) ...
#5 32.24 Selecting previously unselected package libsasl2-modules-db:amd64.
#5 32.24 Preparing to unpack .../060-libsasl2-modules-db_2.1.28+dfsg-10_amd64.deb ...
#5 32.24 Unpacking libsasl2-modules-db:amd64 (2.1.28+dfsg-10) ...
#5 32.26 Selecting previously unselected package libsasl2-2:amd64.
#5 32.26 Preparing to unpack .../061-libsasl2-2_2.1.28+dfsg-10_amd64.deb ...
#5 32.26 Unpacking libsasl2-2:amd64 (2.1.28+dfsg-10) ...
#5 32.28 Selecting previously unselected package libldap-2.5-0:amd64.
#5 32.28 Preparing to unpack .../062-libldap-2.5-0_2.5.13+dfsg-5_amd64.deb ...
#5 32.28 Unpacking libldap-2.5-0:amd64 (2.5.13+dfsg-5) ...
#5 32.31 Selecting previously unselected package libnghttp2-14:amd64.
#5 32.31 Preparing to unpack .../063-libnghttp2-14_1.52.0-1+deb12u3_amd64.deb ...
#5 32.31 Unpacking libnghttp2-14:amd64 (1.52.0-1+deb12u3) ...
#5 32.33 Selecting previously unselected package librtmp1:amd64.
#5 32.33 Preparing to unpack .../064-librtmp1_2.4+20151223.gitfa8646d.1-2+b2_amd64.deb ...
#5 32.33 Unpacking librtmp1:amd64 (2.4+20151223.gitfa8646d.1-2+b2) ...
#5 32.35 Selecting previously unselected package libssh2-1:amd64.
#5 32.35 Preparing to unpack .../065-libssh2-1_1.10.0-3+b1_amd64.deb ...
#5 32.36 Unpacking libssh2-1:amd64 (1.10.0-3+b1) ...
#5 32.38 Selecting previously unselected package libcurl4:amd64.
#5 32.38 Preparing to unpack .../066-libcurl4_7.88.1-10+deb12u15_amd64.deb ...
#5 32.39 Unpacking libcurl4:amd64 (7.88.1-10+deb12u15) ...
#5 32.42 Selecting previously unselected package curl.
#5 32.43 Preparing to unpack .../067-curl_7.88.1-10+deb12u15_amd64.deb ...
#5 32.43 Unpacking curl (7.88.1-10+deb12u15) ...
#5 32.46 Selecting previously unselected package libassuan0:amd64.
#5 32.46 Preparing to unpack .../068-libassuan0_2.5.5-5_amd64.deb ...
#5 32.46 Unpacking libassuan0:amd64 (2.5.5-5) ...
#5 32.48 Selecting previously unselected package gpgconf.
#5 32.48 Preparing to unpack .../069-gpgconf_2.2.40-1.1+deb12u2_amd64.deb ...
#5 32.48 Unpacking gpgconf (2.2.40-1.1+deb12u2) ...
#5 32.51 Selecting previously unselected package libksba8:amd64.
#5 32.51 Preparing to unpack .../070-libksba8_1.6.3-2_amd64.deb ...
#5 32.51 Unpacking libksba8:amd64 (1.6.3-2) ...
#5 32.53 Selecting previously unselected package libnpth0:amd64.
#5 32.53 Preparing to unpack .../071-libnpth0_1.6-3_amd64.deb ...
#5 32.53 Unpacking libnpth0:amd64 (1.6-3) ...
#5 32.55 Selecting previously unselected package dirmngr.
#5 32.55 Preparing to unpack .../072-dirmngr_2.2.40-1.1+deb12u2_amd64.deb ...
#5 32.56 Unpacking dirmngr (2.2.40-1.1+deb12u2) ...
#5 32.61 Selecting previously unselected package node-fast-deep-equal.
#5 32.61 Preparing to unpack .../073-node-fast-deep-equal_3.1.3-3_all.deb ...
#5 32.61 Unpacking node-fast-deep-equal (3.1.3-3) ...
#5 32.62 Selecting previously unselected package node-json-schema-traverse.
#5 32.63 Preparing to unpack .../074-node-json-schema-traverse_1.0.0-3_all.deb ...
#5 32.63 Unpacking node-json-schema-traverse (1.0.0-3) ...
#5 32.64 Selecting previously unselected package node-jsonify.
#5 32.64 Preparing to unpack .../075-node-jsonify_0.0.1-1_all.deb ...
#5 32.65 Unpacking node-jsonify (0.0.1-1) ...
#5 32.66 Selecting previously unselected package node-json-stable-stringify.
#5 32.66 Preparing to unpack .../076-node-json-stable-stringify_1.0.2+~cs5.2.34-1_all.deb ...
#5 32.66 Unpacking node-json-stable-stringify (1.0.2+~cs5.2.34-1) ...
#5 32.68 Selecting previously unselected package libc-ares2:amd64.
#5 32.68 Preparing to unpack .../077-libc-ares2_1.18.1-3_amd64.deb ...
#5 32.68 Unpacking libc-ares2:amd64 (1.18.1-3) ...
#5 32.70 Selecting previously unselected package libicu72:amd64.
#5 32.70 Preparing to unpack .../078-libicu72_72.1-3+deb12u1_amd64.deb ...
#5 32.71 Unpacking libicu72:amd64 (72.1-3+deb12u1) ...
#5 33.19 Selecting previously unselected package libuv1:amd64.
#5 33.19 Preparing to unpack .../079-libuv1_1.44.2-1+deb12u1_amd64.deb ...
#5 33.19 Unpacking libuv1:amd64 (1.44.2-1+deb12u1) ...
#5 33.21 Selecting previously unselected package node-xtend.
#5 33.21 Preparing to unpack .../080-node-xtend_4.0.2-3_all.deb ...
#5 33.21 Unpacking node-xtend (4.0.2-3) ...
#5 33.22 Selecting previously unselected package node-acorn.
#5 33.22 Preparing to unpack .../081-node-acorn_8.8.1+ds+~cs25.17.7-2_all.deb ...
#5 33.23 Unpacking node-acorn (8.8.1+ds+~cs25.17.7-2) ...
#5 33.25 Selecting previously unselected package node-cjs-module-lexer.
#5 33.26 Preparing to unpack .../082-node-cjs-module-lexer_1.2.2+dfsg-5_all.deb ...
#5 33.26 Unpacking node-cjs-module-lexer (1.2.2+dfsg-5) ...
#5 33.27 Selecting previously unselected package node-busboy.
#5 33.27 Preparing to unpack .../083-node-busboy_1.6.0+~cs2.6.0-2_all.deb ...
#5 33.28 Unpacking node-busboy (1.6.0+~cs2.6.0-2) ...
#5 33.30 Selecting previously unselected package node-undici.
#5 33.30 Preparing to unpack .../084-node-undici_5.15.0+dfsg1+~cs20.10.9.3-1+deb12u4_all.deb ...
#5 33.30 Unpacking node-undici (5.15.0+dfsg1+~cs20.10.9.3-1+deb12u4) ...
#5 33.34 Selecting previously unselected package libnode108:amd64.
#5 33.34 Preparing to unpack .../085-libnode108_18.20.4+dfsg-1~deb12u2_amd64.deb ...
#5 33.34 Unpacking libnode108:amd64 (18.20.4+dfsg-1~deb12u2) ...
#5 33.78 Selecting previously unselected package nodejs.
#5 33.78 Preparing to unpack .../086-nodejs_18.20.4+dfsg-1~deb12u2_amd64.deb ...
#5 33.78 Unpacking nodejs (18.20.4+dfsg-1~deb12u2) ...
#5 33.82 Selecting previously unselected package node-punycode.
#5 33.82 Preparing to unpack .../087-node-punycode_2.1.1-6_all.deb ...
#5 33.82 Unpacking node-punycode (2.1.1-6) ...
#5 33.84 Selecting previously unselected package node-uri-js.
#5 33.84 Preparing to unpack .../088-node-uri-js_4.4.0+dfsg-8_all.deb ...
#5 33.84 Unpacking node-uri-js (4.4.0+dfsg-8) ...
#5 33.86 Selecting previously unselected package node-ajv.
#5 33.87 Preparing to unpack .../089-node-ajv_6.12.6-3_all.deb ...
#5 33.87 Unpacking node-ajv (6.12.6-3) ...
#5 33.89 Selecting previously unselected package libjs-inherits.
#5 33.89 Preparing to unpack .../090-libjs-inherits_2.0.4-6_all.deb ...
#5 33.89 Unpacking libjs-inherits (2.0.4-6) ...
#5 33.90 Selecting previously unselected package node-inherits.
#5 33.91 Preparing to unpack .../091-node-inherits_2.0.4-6_all.deb ...
#5 33.91 Unpacking node-inherits (2.0.4-6) ...
#5 33.92 Selecting previously unselected package node-core-util-is.
#5 33.92 Preparing to unpack .../092-node-core-util-is_1.0.3-1_all.deb ...
#5 33.92 Unpacking node-core-util-is (1.0.3-1) ...
#5 33.94 Selecting previously unselected package node-safe-buffer.
#5 33.94 Preparing to unpack .../093-node-safe-buffer_5.2.1+~cs2.1.2-3_all.deb ...
#5 33.94 Unpacking node-safe-buffer (5.2.1+~cs2.1.2-3) ...
#5 33.96 Selecting previously unselected package node-string-decoder.
#5 33.96 Preparing to unpack .../094-node-string-decoder_1.3.0-6_all.deb ...
#5 33.96 Unpacking node-string-decoder (1.3.0-6) ...
#5 33.97 Selecting previously unselected package node-process-nextick-args.
#5 33.97 Preparing to unpack .../095-node-process-nextick-args_2.0.1-3_all.deb ...
#5 33.97 Unpacking node-process-nextick-args (2.0.1-3) ...
#5 33.98 Selecting previously unselected package node-util-deprecate.
#5 33.98 Preparing to unpack .../096-node-util-deprecate_1.0.2-3_all.deb ...
#5 33.99 Unpacking node-util-deprecate (1.0.2-3) ...
#5 33.99 Selecting previously unselected package node-isarray.
#5 34.00 Preparing to unpack .../097-node-isarray_2.0.5-4_all.deb ...
#5 34.00 Unpacking node-isarray (2.0.5-4) ...
#5 34.01 Selecting previously unselected package node-readable-stream.
#5 34.01 Preparing to unpack .../098-node-readable-stream_3.6.0+~cs3.0.0-4_all.deb ...
#5 34.01 Unpacking node-readable-stream (3.6.0+~cs3.0.0-4) ...
#5 34.03 Selecting previously unselected package node-typedarray.
#5 34.03 Preparing to unpack .../099-node-typedarray_0.0.7-1_all.deb ...
#5 34.03 Unpacking node-typedarray (0.0.7-1) ...
#5 34.04 Selecting previously unselected package node-concat-stream.
#5 34.05 Preparing to unpack .../100-node-concat-stream_2.0.0+~2.0.0-2_all.deb ...
#5 34.05 Unpacking node-concat-stream (2.0.0+~2.0.0-2) ...
#5 34.06 Selecting previously unselected package node-ms.
#5 34.06 Preparing to unpack .../101-node-ms_2.1.3+~cs0.7.31-3_all.deb ...
#5 34.07 Unpacking node-ms (2.1.3+~cs0.7.31-3) ...
#5 34.08 Selecting previously unselected package node-debug.
#5 34.08 Preparing to unpack .../102-node-debug_4.3.4+~cs4.1.7-1_all.deb ...
#5 34.08 Unpacking node-debug (4.3.4+~cs4.1.7-1) ...
#5 34.09 Selecting previously unselected package node-esutils.
#5 34.10 Preparing to unpack .../103-node-esutils_2.0.3+~2.0.0-1_all.deb ...
#5 34.10 Unpacking node-esutils (2.0.3+~2.0.0-1) ...
#5 34.12 Selecting previously unselected package node-doctrine.
#5 34.12 Preparing to unpack .../104-node-doctrine_3.0.0-4_all.deb ...
#5 34.13 Unpacking node-doctrine (3.0.0-4) ...
#5 34.14 Selecting previously unselected package node-eslint-visitor-keys.
#5 34.14 Preparing to unpack .../105-node-eslint-visitor-keys_3.3.0+~1.0.0-1_all.deb ...
#5 34.14 Unpacking node-eslint-visitor-keys (3.3.0+~1.0.0-1) ...
#5 34.16 Selecting previously unselected package node-estraverse.
#5 34.16 Preparing to unpack .../106-node-estraverse_5.3.0+ds+~5.1.1-1_all.deb ...
#5 34.16 Unpacking node-estraverse (5.3.0+ds+~5.1.1-1) ...
#5 34.18 Selecting previously unselected package node-object-assign.
#5 34.18 Preparing to unpack .../107-node-object-assign_4.1.1-7_all.deb ...
#5 34.18 Unpacking node-object-assign (4.1.1-7) ...
#5 34.19 Selecting previously unselected package node-esrecurse.
#5 34.19 Preparing to unpack .../108-node-esrecurse_4.3.0-2_all.deb ...
#5 34.20 Unpacking node-esrecurse (4.3.0-2) ...
#5 34.21 Selecting previously unselected package node-eslint-scope.
#5 34.21 Preparing to unpack .../109-node-eslint-scope_7.1.1+~3.7.4-1_all.deb ...
#5 34.21 Unpacking node-eslint-scope (7.1.1+~3.7.4-1) ...
#5 34.22 Selecting previously unselected package node-espree.
#5 34.22 Preparing to unpack .../110-node-espree_9.4.1~dfsg-1_all.deb ...
#5 34.22 Unpacking node-espree (9.4.1~dfsg-1) ...
#5 34.24 Selecting previously unselected package node-esquery.
#5 34.24 Preparing to unpack .../111-node-esquery_1.4.2~ds-1_all.deb ...
#5 34.25 Unpacking node-esquery (1.4.2~ds-1) ...
#5 34.26 Selecting previously unselected package node-eslint-utils.
#5 34.26 Preparing to unpack .../112-node-eslint-utils_3.0.0-3_all.deb ...
#5 34.26 Unpacking node-eslint-utils (3.0.0-3) ...
#5 34.28 Selecting previously unselected package node-flatted.
#5 34.28 Preparing to unpack .../113-node-flatted_3.2.7~ds-1+deb12u1_all.deb ...
#5 34.28 Unpacking node-flatted (3.2.7~ds-1+deb12u1) ...
#5 34.29 Selecting previously unselected package node-fs.realpath.
#5 34.29 Preparing to unpack .../114-node-fs.realpath_1.0.0-3_all.deb ...
#5 34.30 Unpacking node-fs.realpath (1.0.0-3) ...
#5 34.31 Selecting previously unselected package node-wrappy.
#5 34.31 Preparing to unpack .../115-node-wrappy_1.0.2-3_all.deb ...
#5 34.31 Unpacking node-wrappy (1.0.2-3) ...
#5 34.32 Selecting previously unselected package node-once.
#5 34.32 Preparing to unpack .../116-node-once_1.4.0-7_all.deb ...
#5 34.32 Unpacking node-once (1.4.0-7) ...
#5 34.34 Selecting previously unselected package node-inflight.
#5 34.34 Preparing to unpack .../117-node-inflight_1.0.6-2_all.deb ...
#5 34.34 Unpacking node-inflight (1.0.6-2) ...
#5 34.35 Selecting previously unselected package node-balanced-match.
#5 34.36 Preparing to unpack .../118-node-balanced-match_2.0.0-1_all.deb ...
#5 34.36 Unpacking node-balanced-match (2.0.0-1) ...
#5 34.37 Selecting previously unselected package node-brace-expansion.
#5 34.37 Preparing to unpack .../119-node-brace-expansion_2.0.1-2_all.deb ...
#5 34.38 Unpacking node-brace-expansion (2.0.1-2) ...
#5 34.39 Selecting previously unselected package node-minimatch.
#5 34.39 Preparing to unpack .../120-node-minimatch_5.1.1+~5.1.2-1_all.deb ...
#5 34.39 Unpacking node-minimatch (5.1.1+~5.1.2-1) ...
#5 34.40 Selecting previously unselected package node-glob.
#5 34.40 Preparing to unpack .../121-node-glob_8.0.3+~cs8.4.15-1_all.deb ...
#5 34.40 Unpacking node-glob (8.0.3+~cs8.4.15-1) ...
#5 34.42 Selecting previously unselected package node-rimraf.
#5 34.43 Preparing to unpack .../122-node-rimraf_3.0.2-2_all.deb ...
#5 34.43 Unpacking node-rimraf (3.0.2-2) ...
#5 34.44 Selecting previously unselected package node-write.
#5 34.44 Preparing to unpack .../123-node-write_2.0.0~6.0.0+~3.0.4+~2.0.0+~1.0.0+~2.0.1-5_all.deb ...
#5 34.45 Unpacking node-write (2.0.0~6.0.0+~3.0.4+~2.0.0+~1.0.0+~2.0.1-5) ...
#5 34.46 Selecting previously unselected package node-flat-cache.
#5 34.46 Preparing to unpack .../124-node-flat-cache_3.0.4~6.0.0+~3.0.4+~2.0.0+~1.0.0+~2.0.1-5_all.deb ...
#5 34.46 Unpacking node-flat-cache (3.0.4~6.0.0+~3.0.4+~2.0.0+~1.0.0+~2.0.1-5) ...
#5 34.48 Selecting previously unselected package node-file-entry-cache.
#5 34.48 Preparing to unpack .../125-node-file-entry-cache_6.0.0+~3.0.4+~2.0.0+~1.0.0+~2.0.1-5_all.deb ...
#5 34.48 Unpacking node-file-entry-cache (6.0.0+~3.0.4+~2.0.0+~1.0.0+~2.0.1-5) ...
#5 34.49 Selecting previously unselected package node-functional-red-black-tree.
#5 34.50 Preparing to unpack .../126-node-functional-red-black-tree_1.0.1+20181105-7_all.deb ...
#5 34.50 Unpacking node-functional-red-black-tree (1.0.1+20181105-7) ...
#5 34.51 Selecting previously unselected package node-is-extglob.
#5 34.51 Preparing to unpack .../127-node-is-extglob_2.1.1-5_all.deb ...
#5 34.51 Unpacking node-is-extglob (2.1.1-5) ...
#5 34.52 Selecting previously unselected package node-is-glob.
#5 34.53 Preparing to unpack .../128-node-is-glob_4.0.3-2_all.deb ...
#5 34.53 Unpacking node-is-glob (4.0.3-2) ...
#5 34.54 Selecting previously unselected package node-path-dirname.
#5 34.55 Preparing to unpack .../129-node-path-dirname_1.0.2-2_all.deb ...
#5 34.55 Unpacking node-path-dirname (1.0.2-2) ...
#5 34.56 Selecting previously unselected package node-glob-parent.
#5 34.57 Preparing to unpack .../130-node-glob-parent_6.0.2+~5.1.1-2_all.deb ...
#5 34.57 Unpacking node-glob-parent (6.0.2+~5.1.1-2) ...
#5 34.58 Selecting previously unselected package node-globals.
#5 34.58 Preparing to unpack .../131-node-globals_13.18.0-1_all.deb ...
#5 34.59 Unpacking node-globals (13.18.0-1) ...
#5 34.60 Selecting previously unselected package node-resolve-from.
#5 34.60 Preparing to unpack .../132-node-resolve-from_5.0.0+~3.1.0+~3.3.0+~2.0.0-1_all.deb ...
#5 34.60 Unpacking node-resolve-from (5.0.0+~3.1.0+~3.3.0+~2.0.0-1) ...
#5 34.62 Selecting previously unselected package node-imurmurhash.
#5 34.63 Preparing to unpack .../133-node-imurmurhash_0.1.4+dfsg+~0.1.1-2_all.deb ...
#5 34.63 Unpacking node-imurmurhash (0.1.4+dfsg+~0.1.1-2) ...
#5 34.65 Selecting previously unselected package node-ignore.
#5 34.65 Preparing to unpack .../134-node-ignore_5.2.1-1_all.deb ...
#5 34.67 Unpacking node-ignore (5.2.1-1) ...
#5 34.69 Selecting previously unselected package node-prelude-ls.
#5 34.69 Preparing to unpack .../135-node-prelude-ls_1.2.1+dfsg-3_all.deb ...
#5 34.69 Unpacking node-prelude-ls (1.2.1+dfsg-3) ...
#5 34.70 Selecting previously unselected package node-type-check.
#5 34.70 Preparing to unpack .../136-node-type-check_0.4.0+dfsg-3_all.deb ...
#5 34.70 Unpacking node-type-check (0.4.0+dfsg-3) ...
#5 34.72 Selecting previously unselected package node-levn.
#5 34.72 Preparing to unpack .../137-node-levn_0.4.1+dfsg-2_all.deb ...
#5 34.72 Unpacking node-levn (0.4.1+dfsg-2) ...
#5 34.74 Selecting previously unselected package node-lodash.
#5 34.74 Preparing to unpack .../138-node-lodash_4.17.21+dfsg+~cs8.31.198.20210220-9_all.deb ...
#5 34.75 Unpacking node-lodash (4.17.21+dfsg+~cs8.31.198.20210220-9) ...
#5 34.93 Selecting previously unselected package node-memfs.
#5 34.93 Preparing to unpack .../139-node-memfs_3.4.12+~cs1.0.3-1_all.deb ...
#5 34.93 Unpacking node-memfs (3.4.12+~cs1.0.3-1) ...
#5 34.95 Selecting previously unselected package node-mkdirp.
#5 34.95 Preparing to unpack .../140-node-mkdirp_1.0.4+~1.0.2-4_all.deb ...
#5 34.95 Unpacking node-mkdirp (1.0.4+~1.0.2-4) ...
#5 34.97 Selecting previously unselected package node-deep-is.
#5 34.97 Preparing to unpack .../141-node-deep-is_0.1.4-1_all.deb ...
#5 34.97 Unpacking node-deep-is (0.1.4-1) ...
#5 34.98 Selecting previously unselected package node-fast-levenshtein.
#5 34.99 Preparing to unpack .../142-node-fast-levenshtein_2.0.6+ds-3_all.deb ...
#5 34.99 Unpacking node-fast-levenshtein (2.0.6+ds-3) ...
#5 35.00 Selecting previously unselected package node-optionator.
#5 35.00 Preparing to unpack .../143-node-optionator_0.9.1+dfsg+~cs1.2.3-1_all.deb ...
#5 35.00 Unpacking node-optionator (0.9.1+dfsg+~cs1.2.3-1) ...
#5 35.02 Selecting previously unselected package node-progress.
#5 35.02 Preparing to unpack .../144-node-progress_2.0.3-2_all.deb ...
#5 35.02 Unpacking node-progress (2.0.3-2) ...
#5 35.03 Selecting previously unselected package libjs-regenerate.
#5 35.04 Preparing to unpack .../145-libjs-regenerate_1.4.2-3_all.deb ...
#5 35.04 Unpacking libjs-regenerate (1.4.2-3) ...
#5 35.05 Selecting previously unselected package node-regenerate.
#5 35.06 Preparing to unpack .../146-node-regenerate_1.4.2-3_all.deb ...
#5 35.06 Unpacking node-regenerate (1.4.2-3) ...
#5 35.07 Selecting previously unselected package node-regenerate-unicode-properties.
#5 35.07 Preparing to unpack .../147-node-regenerate-unicode-properties_10.1.0+ds-1_all.deb ...
#5 35.08 Unpacking node-regenerate-unicode-properties (10.1.0+ds-1) ...
#5 35.11 Selecting previously unselected package node-regexpp.
#5 35.12 Preparing to unpack .../148-node-regexpp_3.2.0-4+deb12u1_all.deb ...
#5 35.12 Unpacking node-regexpp (3.2.0-4+deb12u1) ...
#5 35.13 Selecting previously unselected package node-yallist.
#5 35.14 Preparing to unpack .../149-node-yallist_4.0.0+~4.0.1-1_all.deb ...
#5 35.14 Unpacking node-yallist (4.0.0+~4.0.1-1) ...
#5 35.15 Selecting previously unselected package node-lru-cache.
#5 35.15 Preparing to unpack .../150-node-lru-cache_7.14.1-1_all.deb ...
#5 35.15 Unpacking node-lru-cache (7.14.1-1) ...
#5 35.17 Selecting previously unselected package node-semver.
#5 35.17 Preparing to unpack .../151-node-semver_7.3.5+~7.3.9-2_all.deb ...
#5 35.17 Unpacking node-semver (7.3.5+~7.3.9-2) ...
#5 35.20 Selecting previously unselected package node-strip-json-comments.
#5 35.20 Preparing to unpack .../152-node-strip-json-comments_4.0.0-4_all.deb ...
#5 35.20 Unpacking node-strip-json-comments (4.0.0-4) ...
#5 35.21 Selecting previously unselected package node-json-schema.
#5 35.21 Preparing to unpack .../153-node-json-schema_0.4.0+~7.0.11-1_all.deb ...
#5 35.21 Unpacking node-json-schema (0.4.0+~7.0.11-1) ...
#5 35.23 Selecting previously unselected package node-v8-compile-cache.
#5 35.23 Preparing to unpack .../154-node-v8-compile-cache_2.3.0-3+deb12u1_all.deb ...
#5 35.23 Unpacking node-v8-compile-cache (2.3.0-3+deb12u1) ...
#5 35.25 Selecting previously unselected package eslint.
#5 35.25 Preparing to unpack .../155-eslint_6.4.0~dfsg+~6.1.9-7_all.deb ...
#5 35.25 Unpacking eslint (6.4.0~dfsg+~6.1.9-7) ...
#5 35.32 Selecting previously unselected package libfakeroot:amd64.
#5 35.32 Preparing to unpack .../156-libfakeroot_1.31-1.2_amd64.deb ...
#5 35.32 Unpacking libfakeroot:amd64 (1.31-1.2) ...
#5 35.34 Selecting previously unselected package fakeroot.
#5 35.34 Preparing to unpack .../157-fakeroot_1.31-1.2_amd64.deb ...
#5 35.34 Unpacking fakeroot (1.31-1.2) ...
#5 35.36 Selecting previously unselected package fonts-dejavu-core.
#5 35.37 Preparing to unpack .../158-fonts-dejavu-core_2.37-6_all.deb ...
#5 35.37 Unpacking fonts-dejavu-core (2.37-6) ...
#5 35.45 Selecting previously unselected package fontconfig-config.
#5 35.46 Preparing to unpack .../159-fontconfig-config_2.14.1-4_amd64.deb ...
#5 35.53 Unpacking fontconfig-config (2.14.1-4) ...
#5 35.56 Selecting previously unselected package libcurl3-gnutls:amd64.
#5 35.56 Preparing to unpack .../160-libcurl3-gnutls_7.88.1-10+deb12u15_amd64.deb ...
#5 35.56 Unpacking libcurl3-gnutls:amd64 (7.88.1-10+deb12u15) ...
#5 35.59 Selecting previously unselected package liberror-perl.
#5 35.59 Preparing to unpack .../161-liberror-perl_0.17029-2_all.deb ...
#5 35.60 Unpacking liberror-perl (0.17029-2) ...
#5 35.61 Selecting previously unselected package git-man.
#5 35.61 Preparing to unpack .../162-git-man_1%3a2.39.5-0+deb12u3_all.deb ...
#5 35.61 Unpacking git-man (1:2.39.5-0+deb12u3) ...
#5 35.70 Selecting previously unselected package git.
#5 35.70 Preparing to unpack .../163-git_1%3a2.39.5-0+deb12u3_amd64.deb ...
#5 35.71 Unpacking git (1:2.39.5-0+deb12u3) ...
#5 36.02 Selecting previously unselected package gnupg-l10n.
#5 36.02 Preparing to unpack .../164-gnupg-l10n_2.2.40-1.1+deb12u2_all.deb ...
#5 36.02 Unpacking gnupg-l10n (2.2.40-1.1+deb12u2) ...
#5 36.09 Selecting previously unselected package gnupg-utils.
#5 36.09 Preparing to unpack .../165-gnupg-utils_2.2.40-1.1+deb12u2_amd64.deb ...
#5 36.09 Unpacking gnupg-utils (2.2.40-1.1+deb12u2) ...
#5 36.14 Selecting previously unselected package gpg.
#5 36.14 Preparing to unpack .../166-gpg_2.2.40-1.1+deb12u2_amd64.deb ...
#5 36.15 Unpacking gpg (2.2.40-1.1+deb12u2) ...
#5 36.20 Selecting previously unselected package pinentry-curses.
#5 36.20 Preparing to unpack .../167-pinentry-curses_1.2.1-1_amd64.deb ...
#5 36.21 Unpacking pinentry-curses (1.2.1-1) ...
#5 36.23 Selecting previously unselected package gpg-agent.
#5 36.23 Preparing to unpack .../168-gpg-agent_2.2.40-1.1+deb12u2_amd64.deb ...
#5 36.24 Unpacking gpg-agent (2.2.40-1.1+deb12u2) ...
#5 36.27 Selecting previously unselected package gpg-wks-client.
#5 36.27 Preparing to unpack .../169-gpg-wks-client_2.2.40-1.1+deb12u2_amd64.deb ...
#5 36.27 Unpacking gpg-wks-client (2.2.40-1.1+deb12u2) ...
#5 36.30 Selecting previously unselected package gpg-wks-server.
#5 36.30 Preparing to unpack .../170-gpg-wks-server_2.2.40-1.1+deb12u2_amd64.deb ...
#5 36.30 Unpacking gpg-wks-server (2.2.40-1.1+deb12u2) ...
#5 36.33 Selecting previously unselected package gpgsm.
#5 36.33 Preparing to unpack .../171-gpgsm_2.2.40-1.1+deb12u2_amd64.deb ...
#5 36.33 Unpacking gpgsm (2.2.40-1.1+deb12u2) ...
#5 36.37 Selecting previously unselected package gnupg.
#5 36.38 Preparing to unpack .../172-gnupg_2.2.40-1.1+deb12u2_all.deb ...
#5 36.38 Unpacking gnupg (2.2.40-1.1+deb12u2) ...
#5 36.42 Selecting previously unselected package python3-pkg-resources.
#5 36.42 Preparing to unpack .../173-python3-pkg-resources_66.1.1-1+deb12u2_all.deb ...
#5 36.42 Unpacking python3-pkg-resources (66.1.1-1+deb12u2) ...
#5 36.46 Selecting previously unselected package python3-six.
#5 36.46 Preparing to unpack .../174-python3-six_1.16.0-4_all.deb ...
#5 36.46 Unpacking python3-six (1.16.0-4) ...
#5 36.48 Selecting previously unselected package gyp.
#5 36.48 Preparing to unpack .../175-gyp_0.1+20220404git9ecf45e-2_all.deb ...
#5 36.48 Unpacking gyp (0.1+20220404git9ecf45e-2) ...
#5 36.51 Selecting previously unselected package node-neo-async.
#5 36.51 Preparing to unpack .../176-node-neo-async_2.6.2+~cs3.0.0-2_all.deb ...
#5 36.51 Unpacking node-neo-async (2.6.2+~cs3.0.0-2) ...
#5 36.53 Selecting previously unselected package node-arrify.
#5 36.53 Preparing to unpack .../177-node-arrify_2.0.1-3_all.deb ...
#5 36.54 Unpacking node-arrify (2.0.1-3) ...
#5 36.55 Selecting previously unselected package node-is-plain-obj.
#5 36.55 Preparing to unpack .../178-node-is-plain-obj_3.0.0-2_all.deb ...
#5 36.56 Unpacking node-is-plain-obj (3.0.0-2) ...
#5 36.57 Selecting previously unselected package node-is-buffer.
#5 36.57 Preparing to unpack .../179-node-is-buffer_2.0.5-2_all.deb ...
#5 36.57 Unpacking node-is-buffer (2.0.5-2) ...
#5 36.59 Selecting previously unselected package node-kind-of.
#5 36.59 Preparing to unpack .../180-node-kind-of_6.0.3+dfsg-2_all.deb ...
#5 36.59 Unpacking node-kind-of (6.0.3+dfsg-2) ...
#5 36.60 Selecting previously unselected package node-minimist.
#5 36.61 Preparing to unpack .../181-node-minimist_1.2.7+~cs5.3.2-2_all.deb ...
#5 36.61 Unpacking node-minimist (1.2.7+~cs5.3.2-2) ...
#5 36.62 Selecting previously unselected package node-wordwrap.
#5 36.62 Preparing to unpack .../182-node-wordwrap_1.0.0-4_all.deb ...
#5 36.62 Unpacking node-wordwrap (1.0.0-4) ...
#5 36.64 Selecting previously unselected package node-optimist.
#5 36.64 Preparing to unpack .../183-node-optimist_0.6.1+~0.0.30-2_all.deb ...
#5 36.64 Unpacking node-optimist (0.6.1+~0.0.30-2) ...
#5 36.65 Selecting previously unselected package libjs-source-map.
#5 36.66 Preparing to unpack .../184-libjs-source-map_0.7.0++dfsg2+really.0.6.1-15_all.deb ...
#5 36.66 Unpacking libjs-source-map (0.7.0++dfsg2+really.0.6.1-15) ...
#5 36.68 Selecting previously unselected package node-source-map.
#5 36.68 Preparing to unpack .../185-node-source-map_0.7.0++dfsg2+really.0.6.1-15_all.deb ...
#5 36.68 Unpacking node-source-map (0.7.0++dfsg2+really.0.6.1-15) ...
#5 36.70 Selecting previously unselected package handlebars.
#5 36.70 Preparing to unpack .../186-handlebars_3%3a4.7.7+~4.1.0-1_all.deb ...
#5 36.70 Unpacking handlebars (3:4.7.7+~4.1.0-1) ...
#5 36.73 Selecting previously unselected package javascript-common.
#5 36.73 Preparing to unpack .../187-javascript-common_11+nmu1_all.deb ...
#5 36.74 Unpacking javascript-common (11+nmu1) ...
#5 36.76 Selecting previously unselected package libabsl20220623:amd64.
#5 36.76 Preparing to unpack .../188-libabsl20220623_20220623.1-1+deb12u2_amd64.deb ...
#5 36.76 Unpacking libabsl20220623:amd64 (20220623.1-1+deb12u2) ...
#5 36.80 Selecting previously unselected package libalgorithm-diff-perl.
#5 36.81 Preparing to unpack .../189-libalgorithm-diff-perl_1.201-1_all.deb ...
#5 36.81 Unpacking libalgorithm-diff-perl (1.201-1) ...
#5 36.82 Selecting previously unselected package libalgorithm-diff-xs-perl:amd64.
#5 36.83 Preparing to unpack .../190-libalgorithm-diff-xs-perl_0.04-8+b1_amd64.deb ...
#5 36.83 Unpacking libalgorithm-diff-xs-perl:amd64 (0.04-8+b1) ...
#5 36.84 Selecting previously unselected package libalgorithm-merge-perl.
#5 36.84 Preparing to unpack .../191-libalgorithm-merge-perl_0.08-5_all.deb ...
#5 36.84 Unpacking libalgorithm-merge-perl (0.08-5) ...
#5 36.86 Selecting previously unselected package libaom3:amd64.
#5 36.86 Preparing to unpack .../192-libaom3_3.6.0-1+deb12u2_amd64.deb ...
#5 36.87 Unpacking libaom3:amd64 (3.6.0-1+deb12u2) ...
#5 37.00 Selecting previously unselected package libauthen-sasl-perl.
#5 37.00 Preparing to unpack .../193-libauthen-sasl-perl_2.1600-3_all.deb ...
#5 37.00 Unpacking libauthen-sasl-perl (2.1600-3) ...
#5 37.02 Selecting previously unselected package libdav1d6:amd64.
#5 37.02 Preparing to unpack .../194-libdav1d6_1.0.0-2+deb12u1_amd64.deb ...
#5 37.02 Unpacking libdav1d6:amd64 (1.0.0-2+deb12u1) ...
#5 37.07 Selecting previously unselected package libgav1-1:amd64.
#5 37.07 Preparing to unpack .../195-libgav1-1_0.18.0-1+b1_amd64.deb ...
#5 37.08 Unpacking libgav1-1:amd64 (0.18.0-1+b1) ...
#5 37.11 Selecting previously unselected package librav1e0:amd64.
#5 37.11 Preparing to unpack .../196-librav1e0_0.5.1-6_amd64.deb ...
#5 37.11 Unpacking librav1e0:amd64 (0.5.1-6) ...
#5 37.20 Selecting previously unselected package libsvtav1enc1:amd64.
#5 37.20 Preparing to unpack .../197-libsvtav1enc1_1.4.1+dfsg-1_amd64.deb ...
#5 37.20 Unpacking libsvtav1enc1:amd64 (1.4.1+dfsg-1) ...
#5 37.36 Selecting previously unselected package libjpeg62-turbo:amd64.
#5 37.36 Preparing to unpack .../198-libjpeg62-turbo_1%3a2.1.5-2_amd64.deb ...
#5 37.36 Unpacking libjpeg62-turbo:amd64 (1:2.1.5-2) ...
#5 37.39 Selecting previously unselected package libyuv0:amd64.
#5 37.39 Preparing to unpack .../199-libyuv0_0.0~git20230123.b2528b0-1_amd64.deb ...
#5 37.39 Unpacking libyuv0:amd64 (0.0~git20230123.b2528b0-1) ...
#5 37.41 Selecting previously unselected package libavif15:amd64.
#5 37.42 Preparing to unpack .../200-libavif15_0.11.1-1+deb12u1_amd64.deb ...
#5 37.42 Unpacking libavif15:amd64 (0.11.1-1+deb12u1) ...
#5 37.44 Selecting previously unselected package libpng16-16:amd64.
#5 37.44 Preparing to unpack .../201-libpng16-16_1.6.39-2+deb12u5_amd64.deb ...
#5 37.44 Unpacking libpng16-16:amd64 (1.6.39-2+deb12u5) ...
#5 37.47 Selecting previously unselected package libfreetype6:amd64.
#5 37.47 Preparing to unpack .../202-libfreetype6_2.12.1+dfsg-5+deb12u4_amd64.deb ...
#5 37.47 Unpacking libfreetype6:amd64 (2.12.1+dfsg-5+deb12u4) ...
#5 37.51 Selecting previously unselected package libfontconfig1:amd64.
#5 37.51 Preparing to unpack .../203-libfontconfig1_2.14.1-4_amd64.deb ...
#5 37.51 Unpacking libfontconfig1:amd64 (2.14.1-4) ...
#5 37.53 Selecting previously unselected package libde265-0:amd64.
#5 37.54 Preparing to unpack .../204-libde265-0_1.0.11-1+deb12u2_amd64.deb ...
#5 37.54 Unpacking libde265-0:amd64 (1.0.11-1+deb12u2) ...
#5 37.56 Selecting previously unselected package libnuma1:amd64.
#5 37.57 Preparing to unpack .../205-libnuma1_2.0.16-1_amd64.deb ...
#5 37.57 Unpacking libnuma1:amd64 (2.0.16-1) ...
#5 37.58 Selecting previously unselected package libx265-199:amd64.
#5 37.58 Preparing to unpack .../206-libx265-199_3.5-2+b1_amd64.deb ...
#5 37.59 Unpacking libx265-199:amd64 (3.5-2+b1) ...
#5 37.69 Selecting previously unselected package libheif1:amd64.
#5 37.70 Preparing to unpack .../207-libheif1_1.15.1-1+deb12u1_amd64.deb ...
#5 37.70 Unpacking libheif1:amd64 (1.15.1-1+deb12u1) ...
#5 37.72 Selecting previously unselected package libdeflate0:amd64.
#5 37.73 Preparing to unpack .../208-libdeflate0_1.14-1_amd64.deb ...
#5 37.73 Unpacking libdeflate0:amd64 (1.14-1) ...
#5 37.75 Selecting previously unselected package libjbig0:amd64.
#5 37.75 Preparing to unpack .../209-libjbig0_2.1-6.1_amd64.deb ...
#5 37.75 Unpacking libjbig0:amd64 (2.1-6.1) ...
#5 37.77 Selecting previously unselected package liblerc4:amd64.
#5 37.78 Preparing to unpack .../210-liblerc4_4.0.0+ds-2_amd64.deb ...
#5 37.78 Unpacking liblerc4:amd64 (4.0.0+ds-2) ...
#5 37.80 Selecting previously unselected package libwebp7:amd64.
#5 37.81 Preparing to unpack .../211-libwebp7_1.2.4-0.2+deb12u1_amd64.deb ...
#5 37.81 Unpacking libwebp7:amd64 (1.2.4-0.2+deb12u1) ...
#5 37.84 Selecting previously unselected package libtiff6:amd64.
#5 37.84 Preparing to unpack .../212-libtiff6_4.5.0-6+deb12u4_amd64.deb ...
#5 37.84 Unpacking libtiff6:amd64 (4.5.0-6+deb12u4) ...
#5 37.87 Selecting previously unselected package libxau6:amd64.
#5 37.88 Preparing to unpack .../213-libxau6_1%3a1.0.9-1_amd64.deb ...
#5 37.88 Unpacking libxau6:amd64 (1:1.0.9-1) ...
#5 37.89 Selecting previously unselected package libxdmcp6:amd64.
#5 37.89 Preparing to unpack .../214-libxdmcp6_1%3a1.1.2-3_amd64.deb ...
#5 37.90 Unpacking libxdmcp6:amd64 (1:1.1.2-3) ...
#5 37.91 Selecting previously unselected package libxcb1:amd64.
#5 37.91 Preparing to unpack .../215-libxcb1_1.15-1_amd64.deb ...
#5 37.91 Unpacking libxcb1:amd64 (1.15-1) ...
#5 37.93 Selecting previously unselected package libx11-data.
#5 37.94 Preparing to unpack .../216-libx11-data_2%3a1.8.4-2+deb12u2_all.deb ...
#5 37.94 Unpacking libx11-data (2:1.8.4-2+deb12u2) ...
#5 37.98 Selecting previously unselected package libx11-6:amd64.
#5 37.98 Preparing to unpack .../217-libx11-6_2%3a1.8.4-2+deb12u2_amd64.deb ...
#5 37.98 Unpacking libx11-6:amd64 (2:1.8.4-2+deb12u2) ...
#5 38.04 Selecting previously unselected package libxpm4:amd64.
#5 38.04 Preparing to unpack .../218-libxpm4_1%3a3.5.12-1.1+deb12u1_amd64.deb ...
#5 38.05 Unpacking libxpm4:amd64 (1:3.5.12-1.1+deb12u1) ...
#5 38.06 Selecting previously unselected package libgd3:amd64.
#5 38.07 Preparing to unpack .../219-libgd3_2.3.3-9+deb12u1_amd64.deb ...
#5 38.07 Unpacking libgd3:amd64 (2.3.3-9+deb12u1) ...
#5 38.09 Selecting previously unselected package libc-devtools.
#5 38.10 Preparing to unpack .../220-libc-devtools_2.36-9+deb12u14_amd64.deb ...
#5 38.10 Unpacking libc-devtools (2.36-9+deb12u14) ...
#5 38.11 Selecting previously unselected package libclone-perl:amd64.
#5 38.12 Preparing to unpack .../221-libclone-perl_0.46-1_amd64.deb ...
#5 38.12 Unpacking libclone-perl:amd64 (0.46-1) ...
#5 38.13 Selecting previously unselected package libdata-dump-perl.
#5 38.14 Preparing to unpack .../222-libdata-dump-perl_1.25-1_all.deb ...
#5 38.14 Unpacking libdata-dump-perl (1.25-1) ...
#5 38.16 Selecting previously unselected package libdrm-common.
#5 38.16 Preparing to unpack .../223-libdrm-common_2.4.114-1_all.deb ...
#5 38.16 Unpacking libdrm-common (2.4.114-1) ...
#5 38.17 Selecting previously unselected package libdrm2:amd64.
#5 38.18 Preparing to unpack .../224-libdrm2_2.4.114-1+b1_amd64.deb ...
#5 38.18 Unpacking libdrm2:amd64 (2.4.114-1+b1) ...
#5 38.20 Selecting previously unselected package libdrm-amdgpu1:amd64.
#5 38.20 Preparing to unpack .../225-libdrm-amdgpu1_2.4.114-1+b1_amd64.deb ...
#5 38.20 Unpacking libdrm-amdgpu1:amd64 (2.4.114-1+b1) ...
#5 38.22 Selecting previously unselected package libpciaccess0:amd64.
#5 38.22 Preparing to unpack .../226-libpciaccess0_0.17-2_amd64.deb ...
#5 38.22 Unpacking libpciaccess0:amd64 (0.17-2) ...
#5 38.24 Selecting previously unselected package libdrm-intel1:amd64.
#5 38.24 Preparing to unpack .../227-libdrm-intel1_2.4.114-1+b1_amd64.deb ...
#5 38.24 Unpacking libdrm-intel1:amd64 (2.4.114-1+b1) ...
#5 38.26 Selecting previously unselected package libdrm-nouveau2:amd64.
#5 38.26 Preparing to unpack .../228-libdrm-nouveau2_2.4.114-1+b1_amd64.deb ...
#5 38.26 Unpacking libdrm-nouveau2:amd64 (2.4.114-1+b1) ...
#5 38.28 Selecting previously unselected package libdrm-radeon1:amd64.
#5 38.28 Preparing to unpack .../229-libdrm-radeon1_2.4.114-1+b1_amd64.deb ...
#5 38.28 Unpacking libdrm-radeon1:amd64 (2.4.114-1+b1) ...
#5 38.30 Selecting previously unselected package libwayland-server0:amd64.
#5 38.30 Preparing to unpack .../230-libwayland-server0_1.21.0-1_amd64.deb ...
#5 38.30 Unpacking libwayland-server0:amd64 (1.21.0-1) ...
#5 38.32 Selecting previously unselected package libgbm1:amd64.
#5 38.32 Preparing to unpack .../231-libgbm1_22.3.6-1+deb12u2_amd64.deb ...
#5 38.32 Unpacking libgbm1:amd64 (22.3.6-1+deb12u2) ...
#5 38.34 Selecting previously unselected package libglapi-mesa:amd64.
#5 38.35 Preparing to unpack .../232-libglapi-mesa_22.3.6-1+deb12u2_amd64.deb ...
#5 38.35 Unpacking libglapi-mesa:amd64 (22.3.6-1+deb12u2) ...
#5 38.37 Selecting previously unselected package libwayland-client0:amd64.
#5 38.37 Preparing to unpack .../233-libwayland-client0_1.21.0-1_amd64.deb ...
#5 38.37 Unpacking libwayland-client0:amd64 (1.21.0-1) ...
#5 38.39 Selecting previously unselected package libx11-xcb1:amd64.
#5 38.40 Preparing to unpack .../234-libx11-xcb1_2%3a1.8.4-2+deb12u2_amd64.deb ...
#5 38.40 Unpacking libx11-xcb1:amd64 (2:1.8.4-2+deb12u2) ...
#5 38.41 Selecting previously unselected package libxcb-dri2-0:amd64.
#5 38.42 Preparing to unpack .../235-libxcb-dri2-0_1.15-1_amd64.deb ...
#5 38.42 Unpacking libxcb-dri2-0:amd64 (1.15-1) ...
#5 38.45 Selecting previously unselected package libxcb-dri3-0:amd64.
#5 38.45 Preparing to unpack .../236-libxcb-dri3-0_1.15-1_amd64.deb ...
#5 38.45 Unpacking libxcb-dri3-0:amd64 (1.15-1) ...
#5 38.47 Selecting previously unselected package libxcb-present0:amd64.
#5 38.48 Preparing to unpack .../237-libxcb-present0_1.15-1_amd64.deb ...
#5 38.48 Unpacking libxcb-present0:amd64 (1.15-1) ...
#5 38.50 Selecting previously unselected package libxcb-randr0:amd64.
#5 38.50 Preparing to unpack .../238-libxcb-randr0_1.15-1_amd64.deb ...
#5 38.50 Unpacking libxcb-randr0:amd64 (1.15-1) ...
#5 38.52 Selecting previously unselected package libxcb-sync1:amd64.
#5 38.53 Preparing to unpack .../239-libxcb-sync1_1.15-1_amd64.deb ...
#5 38.53 Unpacking libxcb-sync1:amd64 (1.15-1) ...
#5 38.55 Selecting previously unselected package libxcb-xfixes0:amd64.
#5 38.56 Preparing to unpack .../240-libxcb-xfixes0_1.15-1_amd64.deb ...
#5 38.56 Unpacking libxcb-xfixes0:amd64 (1.15-1) ...
#5 38.58 Selecting previously unselected package libxshmfence1:amd64.
#5 38.59 Preparing to unpack .../241-libxshmfence1_1.3-1_amd64.deb ...
#5 38.59 Unpacking libxshmfence1:amd64 (1.3-1) ...
#5 38.60 Selecting previously unselected package libegl-mesa0:amd64.
#5 38.61 Preparing to unpack .../242-libegl-mesa0_22.3.6-1+deb12u2_amd64.deb ...
#5 38.61 Unpacking libegl-mesa0:amd64 (22.3.6-1+deb12u2) ...
#5 38.63 Selecting previously unselected package libelf1:amd64.
#5 38.63 Preparing to unpack .../243-libelf1_0.188-2.1_amd64.deb ...
#5 38.63 Unpacking libelf1:amd64 (0.188-2.1) ...
#5 38.66 Selecting previously unselected package libencode-locale-perl.
#5 38.66 Preparing to unpack .../244-libencode-locale-perl_1.05-3_all.deb ...
#5 38.67 Unpacking libencode-locale-perl (1.05-3) ...
#5 38.68 Selecting previously unselected package libexpat1-dev:amd64.
#5 38.68 Preparing to unpack .../245-libexpat1-dev_2.5.0-1+deb12u2_amd64.deb ...
#5 38.68 Unpacking libexpat1-dev:amd64 (2.5.0-1+deb12u2) ...
#5 38.71 Selecting previously unselected package libipc-system-simple-perl.
#5 38.71 Preparing to unpack .../246-libipc-system-simple-perl_1.30-2_all.deb ...
#5 38.71 Unpacking libipc-system-simple-perl (1.30-2) ...
#5 38.73 Selecting previously unselected package libfile-basedir-perl.
#5 38.74 Preparing to unpack .../247-libfile-basedir-perl_0.09-2_all.deb ...
#5 38.74 Unpacking libfile-basedir-perl (0.09-2) ...
#5 38.75 Selecting previously unselected package libregexp-ipv6-perl.
#5 38.76 Preparing to unpack .../248-libregexp-ipv6-perl_0.03-3_all.deb ...
#5 38.76 Unpacking libregexp-ipv6-perl (0.03-3) ...
#5 38.77 Selecting previously unselected package liburi-perl.
#5 38.78 Preparing to unpack .../249-liburi-perl_5.17-1_all.deb ...
#5 38.78 Unpacking liburi-perl (5.17-1) ...
#5 38.80 Selecting previously unselected package libfile-desktopentry-perl.
#5 38.80 Preparing to unpack .../250-libfile-desktopentry-perl_0.22-3_all.deb ...
#5 38.80 Unpacking libfile-desktopentry-perl (0.22-3) ...
#5 38.83 Selecting previously unselected package libfile-fcntllock-perl.
#5 38.83 Preparing to unpack .../251-libfile-fcntllock-perl_0.22-4+b1_amd64.deb ...
#5 38.83 Unpacking libfile-fcntllock-perl (0.22-4+b1) ...
#5 38.85 Selecting previously unselected package libtimedate-perl.
#5 38.86 Preparing to unpack .../252-libtimedate-perl_2.3300-2_all.deb ...
#5 38.86 Unpacking libtimedate-perl (2.3300-2) ...
#5 38.88 Selecting previously unselected package libhttp-date-perl.
#5 38.88 Preparing to unpack .../253-libhttp-date-perl_6.05-2_all.deb ...
#5 38.88 Unpacking libhttp-date-perl (6.05-2) ...
#5 38.89 Selecting previously unselected package libfile-listing-perl.
#5 38.90 Preparing to unpack .../254-libfile-listing-perl_6.15-1_all.deb ...
#5 38.90 Unpacking libfile-listing-perl (6.15-1) ...
#5 38.91 Selecting previously unselected package libglib2.0-0:amd64.
#5 38.92 Preparing to unpack .../255-libglib2.0-0_2.74.6-2+deb12u9_amd64.deb ...
#5 38.92 Unpacking libglib2.0-0:amd64 (2.74.6-2+deb12u9) ...
#5 39.03 Selecting previously unselected package libxml2:amd64.
#5 39.03 Preparing to unpack .../256-libxml2_2.9.14+dfsg-1.3~deb12u6_amd64.deb ...
#5 39.03 Unpacking libxml2:amd64 (2.9.14+dfsg-1.3~deb12u6) ...
#5 39.08 Selecting previously unselected package shared-mime-info.
#5 39.09 Preparing to unpack .../257-shared-mime-info_2.2-1_amd64.deb ...
#5 39.09 Unpacking shared-mime-info (2.2-1) ...
#5 39.15 Selecting previously unselected package libfile-mimeinfo-perl.
#5 39.16 Preparing to unpack .../258-libfile-mimeinfo-perl_0.33-1_all.deb ...
#5 39.16 Unpacking libfile-mimeinfo-perl (0.33-1) ...
#5 39.18 Selecting previously unselected package libfont-afm-perl.
#5 39.18 Preparing to unpack .../259-libfont-afm-perl_1.20-4_all.deb ...
#5 39.18 Unpacking libfont-afm-perl (1.20-4) ...
#5 39.20 Selecting previously unselected package libfontenc1:amd64.
#5 39.20 Preparing to unpack .../260-libfontenc1_1%3a1.1.4-1_amd64.deb ...
#5 39.20 Unpacking libfontenc1:amd64 (1:1.1.4-1) ...
#5 39.21 Selecting previously unselected package libgdk-pixbuf2.0-common.
#5 39.22 Preparing to unpack .../261-libgdk-pixbuf2.0-common_2.42.10+dfsg-1+deb12u4_all.deb ...
#5 39.22 Unpacking libgdk-pixbuf2.0-common (2.42.10+dfsg-1+deb12u4) ...
#5 39.26 Selecting previously unselected package libgdk-pixbuf-2.0-0:amd64.
#5 39.26 Preparing to unpack .../262-libgdk-pixbuf-2.0-0_2.42.10+dfsg-1+deb12u4_amd64.deb ...
#5 39.26 Unpacking libgdk-pixbuf-2.0-0:amd64 (2.42.10+dfsg-1+deb12u4) ...
#5 39.29 Selecting previously unselected package libgdk-pixbuf2.0-bin.
#5 39.29 Preparing to unpack .../263-libgdk-pixbuf2.0-bin_2.42.10+dfsg-1+deb12u4_amd64.deb ...
#5 39.29 Unpacking libgdk-pixbuf2.0-bin (2.42.10+dfsg-1+deb12u4) ...
#5 39.30 Selecting previously unselected package libglvnd0:amd64.
#5 39.31 Preparing to unpack .../264-libglvnd0_1.6.0-1_amd64.deb ...
#5 39.31 Unpacking libglvnd0:amd64 (1.6.0-1) ...
#5 39.33 Selecting previously unselected package libxcb-glx0:amd64.
#5 39.33 Preparing to unpack .../265-libxcb-glx0_1.15-1_amd64.deb ...
#5 39.33 Unpacking libxcb-glx0:amd64 (1.15-1) ...
#5 39.36 Selecting previously unselected package libxcb-shm0:amd64.
#5 39.37 Preparing to unpack .../266-libxcb-shm0_1.15-1_amd64.deb ...
#5 39.37 Unpacking libxcb-shm0:amd64 (1.15-1) ...
#5 39.39 Selecting previously unselected package libxext6:amd64.
#5 39.40 Preparing to unpack .../267-libxext6_2%3a1.3.4-1+b1_amd64.deb ...
#5 39.40 Unpacking libxext6:amd64 (2:1.3.4-1+b1) ...
#5 39.42 Selecting previously unselected package libxfixes3:amd64.
#5 39.43 Preparing to unpack .../268-libxfixes3_1%3a6.0.0-2_amd64.deb ...
#5 39.43 Unpacking libxfixes3:amd64 (1:6.0.0-2) ...
#5 39.44 Selecting previously unselected package libxxf86vm1:amd64.
#5 39.45 Preparing to unpack .../269-libxxf86vm1_1%3a1.1.4-1+b2_amd64.deb ...
#5 39.45 Unpacking libxxf86vm1:amd64 (1:1.1.4-1+b2) ...
#5 39.47 Selecting previously unselected package libz3-4:amd64.
#5 39.47 Preparing to unpack .../270-libz3-4_4.8.12-3.1_amd64.deb ...
#5 39.47 Unpacking libz3-4:amd64 (4.8.12-3.1) ...
#5 39.93 Selecting previously unselected package libllvm15:amd64.
#5 39.94 Preparing to unpack .../271-libllvm15_1%3a15.0.6-4+b1_amd64.deb ...
#5 39.94 Unpacking libllvm15:amd64 (1:15.0.6-4+b1) ...
#5 40.63 Selecting previously unselected package libsensors-config.
#5 40.64 Preparing to unpack .../272-libsensors-config_1%3a3.6.0-7.1_all.deb ...
#5 40.64 Unpacking libsensors-config (1:3.6.0-7.1) ...
#5 40.65 Selecting previously unselected package libsensors5:amd64.
#5 40.66 Preparing to unpack .../273-libsensors5_1%3a3.6.0-7.1_amd64.deb ...
#5 40.66 Unpacking libsensors5:amd64 (1:3.6.0-7.1) ...
#5 40.68 Selecting previously unselected package libgl1-mesa-dri:amd64.
#5 40.68 Preparing to unpack .../274-libgl1-mesa-dri_22.3.6-1+deb12u2_amd64.deb ...
#5 40.69 Unpacking libgl1-mesa-dri:amd64 (22.3.6-1+deb12u2) ...
#5 41.16 Selecting previously unselected package libglx-mesa0:amd64.
#5 41.16 Preparing to unpack .../275-libglx-mesa0_22.3.6-1+deb12u2_amd64.deb ...
#5 41.16 Unpacking libglx-mesa0:amd64 (22.3.6-1+deb12u2) ...
#5 41.18 Selecting previously unselected package libglx0:amd64.
#5 41.19 Preparing to unpack .../276-libglx0_1.6.0-1_amd64.deb ...
#5 41.19 Unpacking libglx0:amd64 (1.6.0-1) ...
#5 41.21 Selecting previously unselected package libgl1:amd64.
#5 41.21 Preparing to unpack .../277-libgl1_1.6.0-1_amd64.deb ...
#5 41.21 Unpacking libgl1:amd64 (1.6.0-1) ...
#5 41.23 Selecting previously unselected package libgles2:amd64.
#5 41.24 Preparing to unpack .../278-libgles2_1.6.0-1_amd64.deb ...
#5 41.24 Unpacking libgles2:amd64 (1.6.0-1) ...
#5 41.26 Selecting previously unselected package libglib2.0-data.
#5 41.26 Preparing to unpack .../279-libglib2.0-data_2.74.6-2+deb12u9_all.deb ...
#5 41.26 Unpacking libglib2.0-data (2.74.6-2+deb12u9) ...
#5 41.36 Selecting previously unselected package libgpm2:amd64.
#5 41.36 Preparing to unpack .../280-libgpm2_1.20.7-10+b1_amd64.deb ...
#5 41.36 Unpacking libgpm2:amd64 (1.20.7-10+b1) ...
#5 41.38 Selecting previously unselected package libhtml-tagset-perl.
#5 41.39 Preparing to unpack .../281-libhtml-tagset-perl_3.20-6_all.deb ...
#5 41.39 Unpacking libhtml-tagset-perl (3.20-6) ...
#5 41.40 Selecting previously unselected package libhtml-parser-perl:amd64.
#5 41.40 Preparing to unpack .../282-libhtml-parser-perl_3.81-1+deb12u1_amd64.deb ...
#5 41.40 Unpacking libhtml-parser-perl:amd64 (3.81-1+deb12u1) ...
#5 41.42 Selecting previously unselected package libio-html-perl.
#5 41.43 Preparing to unpack .../283-libio-html-perl_1.004-3_all.deb ...
#5 41.43 Unpacking libio-html-perl (1.004-3) ...
#5 41.45 Selecting previously unselected package liblwp-mediatypes-perl.
#5 41.45 Preparing to unpack .../284-liblwp-mediatypes-perl_6.04-2_all.deb ...
#5 41.45 Unpacking liblwp-mediatypes-perl (6.04-2) ...
#5 41.46 Selecting previously unselected package libhttp-message-perl.
#5 41.47 Preparing to unpack .../285-libhttp-message-perl_6.44-1_all.deb ...
#5 41.47 Unpacking libhttp-message-perl (6.44-1) ...
#5 41.49 Selecting previously unselected package libhtml-form-perl.
#5 41.49 Preparing to unpack .../286-libhtml-form-perl_6.11-1_all.deb ...
#5 41.49 Unpacking libhtml-form-perl (6.11-1) ...
#5 41.51 Selecting previously unselected package libhtml-tree-perl.
#5 41.51 Preparing to unpack .../287-libhtml-tree-perl_5.07-3_all.deb ...
#5 41.51 Unpacking libhtml-tree-perl (5.07-3) ...
#5 41.54 Selecting previously unselected package libhtml-format-perl.
#5 41.54 Preparing to unpack .../288-libhtml-format-perl_2.16-2_all.deb ...
#5 41.54 Unpacking libhtml-format-perl (2.16-2) ...
#5 41.56 Selecting previously unselected package libhttp-cookies-perl.
#5 41.56 Preparing to unpack .../289-libhttp-cookies-perl_6.10-1_all.deb ...
#5 41.56 Unpacking libhttp-cookies-perl (6.10-1) ...
#5 41.58 Selecting previously unselected package libhttp-daemon-perl.
#5 41.58 Preparing to unpack .../290-libhttp-daemon-perl_6.16-1+deb13u1~deb12u1_all.deb ...
#5 41.58 Unpacking libhttp-daemon-perl (6.16-1+deb13u1~deb12u1) ...
#5 41.60 Selecting previously unselected package libhttp-negotiate-perl.
#5 41.60 Preparing to unpack .../291-libhttp-negotiate-perl_6.01-2_all.deb ...
#5 41.60 Unpacking libhttp-negotiate-perl (6.01-2) ...
#5 41.61 Selecting previously unselected package x11-common.
#5 41.62 Preparing to unpack .../292-x11-common_1%3a7.7+23_all.deb ...
#5 41.62 Unpacking x11-common (1:7.7+23) ...
#5 41.64 Selecting previously unselected package libice6:amd64.
#5 41.65 Preparing to unpack .../293-libice6_2%3a1.0.10-1_amd64.deb ...
#5 41.65 Unpacking libice6:amd64 (2:1.0.10-1) ...
#5 41.67 Selecting previously unselected package perl-openssl-defaults:amd64.
#5 41.68 Preparing to unpack .../294-perl-openssl-defaults_7+b1_amd64.deb ...
#5 41.68 Unpacking perl-openssl-defaults:amd64 (7+b1) ...
#5 41.69 Selecting previously unselected package libnet-ssleay-perl:amd64.
#5 41.69 Preparing to unpack .../295-libnet-ssleay-perl_1.92-2+b1_amd64.deb ...
#5 41.69 Unpacking libnet-ssleay-perl:amd64 (1.92-2+b1) ...
#5 41.74 Selecting previously unselected package libio-socket-ssl-perl.
#5 41.74 Preparing to unpack .../296-libio-socket-ssl-perl_2.081-2_all.deb ...
#5 41.74 Unpacking libio-socket-ssl-perl (2.081-2) ...
#5 41.77 Selecting previously unselected package libio-stringy-perl.
#5 41.78 Preparing to unpack .../297-libio-stringy-perl_2.111-3_all.deb ...
#5 41.78 Unpacking libio-stringy-perl (2.111-3) ...
#5 41.79 Selecting previously unselected package libjs-async.
#5 41.80 Preparing to unpack .../298-libjs-async_0.8.0-6_all.deb ...
#5 41.80 Unpacking libjs-async (0.8.0-6) ...
#5 41.81 Selecting previously unselected package libjs-events.
#5 41.82 Preparing to unpack .../299-libjs-events_3.3.0+~3.0.0-3_all.deb ...
#5 41.82 Unpacking libjs-events (3.3.0+~3.0.0-3) ...
#5 41.84 Selecting previously unselected package libjs-is-typedarray.
#5 41.84 Preparing to unpack .../300-libjs-is-typedarray_1.0.0-4_all.deb ...
#5 41.84 Unpacking libjs-is-typedarray (1.0.0-4) ...
#5 41.86 Selecting previously unselected package libjs-jquery.
#5 41.86 Preparing to unpack .../301-libjs-jquery_3.6.1+dfsg+~3.5.14-1_all.deb ...
#5 41.86 Unpacking libjs-jquery (3.6.1+dfsg+~3.5.14-1) ...
#5 41.89 Selecting previously unselected package libjs-prettify.
#5 41.89 Preparing to unpack .../302-libjs-prettify_2015.12.04+dfsg-1.1_all.deb ...
#5 41.89 Unpacking libjs-prettify (2015.12.04+dfsg-1.1) ...
#5 41.91 Selecting previously unselected package libjs-underscore.
#5 41.92 Preparing to unpack .../303-libjs-underscore_1.13.4~dfsg+~1.11.4-3_all.deb ...
#5 41.92 Unpacking libjs-underscore (1.13.4~dfsg+~1.11.4-3) ...
#5 41.94 Selecting previously unselected package libjs-sphinxdoc.
#5 41.94 Preparing to unpack .../304-libjs-sphinxdoc_5.3.0-4_all.deb ...
#5 41.94 Unpacking libjs-sphinxdoc (5.3.0-4) ...
#5 41.96 Selecting previously unselected package libjs-sprintf-js.
#5 41.97 Preparing to unpack .../305-libjs-sprintf-js_1.1.2+ds1+~1.1.2-1_all.deb ...
#5 41.97 Unpacking libjs-sprintf-js (1.1.2+ds1+~1.1.2-1) ...
#5 41.98 Selecting previously unselected package libjs-typedarray-to-buffer.
#5 41.98 Preparing to unpack .../306-libjs-typedarray-to-buffer_4.0.0-2_all.deb ...
#5 41.98 Unpacking libjs-typedarray-to-buffer (4.0.0-2) ...
#5 42.00 Selecting previously unselected package node-lodash-packages.
#5 42.00 Preparing to unpack .../307-node-lodash-packages_4.17.21+dfsg+~cs8.31.198.20210220-9_all.deb ...
#5 42.00 Unpacking node-lodash-packages (4.17.21+dfsg+~cs8.31.198.20210220-9) ...
#5 42.18 Selecting previously unselected package node-function-bind.
#5 42.19 Preparing to unpack .../308-node-function-bind_1.1.1+repacked+~1.0.3-2_all.deb ...
#5 42.19 Unpacking node-function-bind (1.1.1+repacked+~1.0.3-2) ...
#5 42.20 Selecting previously unselected package node-object-inspect.
#5 42.20 Preparing to unpack .../309-node-object-inspect_1.12.2+~cs1.8.1-1_all.deb ...
#5 42.21 Unpacking node-object-inspect (1.12.2+~cs1.8.1-1) ...
#5 42.23 Selecting previously unselected package node-es-abstract.
#5 42.23 Preparing to unpack .../310-node-es-abstract_1.20.4+~cs26.27.47-1_all.deb ...
#5 42.23 Unpacking node-es-abstract (1.20.4+~cs26.27.47-1) ...
#5 42.36 Selecting previously unselected package node-resolve.
#5 42.37 Preparing to unpack .../311-node-resolve_1.22.1+~cs5.31.10-1_all.deb ...
#5 42.37 Unpacking node-resolve (1.22.1+~cs5.31.10-1) ...
#5 42.38 Selecting previously unselected package node-define-properties.
#5 42.39 Preparing to unpack .../312-node-define-properties_1.1.4+~1.1.3-1_all.deb ...
#5 42.39 Unpacking node-define-properties (1.1.4+~1.1.3-1) ...
#5 42.40 Selecting previously unselected package node-debbundle-es-to-primitive.
#5 42.40 Preparing to unpack .../313-node-debbundle-es-to-primitive_1.2.1+~cs9.7.25-2_all.deb ...
#5 42.41 Unpacking node-debbundle-es-to-primitive (1.2.1+~cs9.7.25-2) ...
#5 42.42 Selecting previously unselected package node-defined.
#5 42.43 Preparing to unpack .../314-node-defined_1.0.1+~1.0.0-1_all.deb ...
#5 42.43 Unpacking node-defined (1.0.1+~1.0.0-1) ...
#5 42.44 Selecting previously unselected package node-abbrev.
#5 42.45 Preparing to unpack .../315-node-abbrev_1.1.1+~1.1.2-1_all.deb ...
#5 42.45 Unpacking node-abbrev (1.1.1+~1.1.2-1) ...
#5 42.47 Selecting previously unselected package node-archy.
#5 42.47 Preparing to unpack .../316-node-archy_1.0.0-6_all.deb ...
#5 42.47 Unpacking node-archy (1.0.0-6) ...
#5 42.49 Selecting previously unselected package node-async.
#5 42.49 Preparing to unpack .../317-node-async_0.8.0-6_all.deb ...
#5 42.49 Unpacking node-async (0.8.0-6) ...
#5 42.51 Selecting previously unselected package node-convert-source-map.
#5 42.51 Preparing to unpack .../318-node-convert-source-map_1.9.0+~1.5.2-1_all.deb ...
#5 42.51 Unpacking node-convert-source-map (1.9.0+~1.5.2-1) ...
#5 42.53 Selecting previously unselected package node-decamelize.
#5 42.53 Preparing to unpack .../319-node-decamelize_4.0.0-2_all.deb ...
#5 42.53 Unpacking node-decamelize (4.0.0-2) ...
#5 42.55 Selecting previously unselected package node-es6-error.
#5 42.55 Preparing to unpack .../320-node-es6-error_4.1.1-5_all.deb ...
#5 42.55 Unpacking node-es6-error (4.1.1-5) ...
#5 42.57 Selecting previously unselected package node-esprima.
#5 42.58 Preparing to unpack .../321-node-esprima_4.0.1+ds+~4.0.3-2_all.deb ...
#5 42.58 Unpacking node-esprima (4.0.1+ds+~4.0.3-2) ...
#5 42.60 Selecting previously unselected package node-escodegen.
#5 42.61 Preparing to unpack .../322-node-escodegen_2.0.0+dfsg+~0.0.7-2_all.deb ...
#5 42.61 Unpacking node-escodegen (2.0.0+dfsg+~0.0.7-2) ...
#5 42.62 Selecting previously unselected package node-commondir.
#5 42.62 Preparing to unpack .../323-node-commondir_1.0.1+~1.0.0-1_all.deb ...
#5 42.63 Unpacking node-commondir (1.0.1+~1.0.0-1) ...
#5 42.64 Selecting previously unselected package node-is-number.
#5 42.64 Preparing to unpack .../324-node-is-number_7.0.0-4_all.deb ...
#5 42.64 Unpacking node-is-number (7.0.0-4) ...
#5 42.66 Selecting previously unselected package node-repeat-string.
#5 42.66 Preparing to unpack .../325-node-repeat-string_1.6.1+repack-1_all.deb ...
#5 42.67 Unpacking node-repeat-string (1.6.1+repack-1) ...
#5 42.68 Selecting previously unselected package node-to-regex-range.
#5 42.68 Preparing to unpack .../326-node-to-regex-range_5.0.1-4_all.deb ...
#5 42.69 Unpacking node-to-regex-range (5.0.1-4) ...
#5 42.70 Selecting previously unselected package node-fill-range.
#5 42.70 Preparing to unpack .../327-node-fill-range_7.0.1+~7.0.0-1_all.deb ...
#5 42.71 Unpacking node-fill-range (7.0.1+~7.0.0-1) ...
#5 42.72 Selecting previously unselected package node-braces.
#5 42.72 Preparing to unpack .../328-node-braces_3.0.2+~3.0.1-1_all.deb ...
#5 42.73 Unpacking node-braces (3.0.2+~3.0.1-1) ...
#5 42.74 Selecting previously unselected package node-normalize-path.
#5 42.75 Preparing to unpack .../329-node-normalize-path_3.0.0+~3.0.0-1_all.deb ...
#5 42.75 Unpacking node-normalize-path (3.0.0+~3.0.0-1) ...
#5 42.77 Selecting previously unselected package node-anymatch.
#5 42.77 Preparing to unpack .../330-node-anymatch_3.1.3+~cs4.6.1-2_all.deb ...
#5 42.77 Unpacking node-anymatch (3.1.3+~cs4.6.1-2) ...
#5 42.79 Selecting previously unselected package node-micromatch.
#5 42.79 Preparing to unpack .../331-node-micromatch_4.0.5+~4.0.2-1_all.deb ...
#5 42.79 Unpacking node-micromatch (4.0.5+~4.0.2-1) ...
#5 42.80 Selecting previously unselected package node-pify.
#5 42.81 Preparing to unpack .../332-node-pify_5.0.0+~cs5.0.1-1_all.deb ...
#5 42.81 Unpacking node-pify (5.0.0+~cs5.0.1-1) ...
#5 42.82 Selecting previously unselected package node-path-type.
#5 42.83 Preparing to unpack .../333-node-path-type_4.0.0-3_all.deb ...
#5 42.83 Unpacking node-path-type (4.0.0-3) ...
#5 42.85 Selecting previously unselected package node-n3.
#5 42.85 Preparing to unpack .../334-node-n3_1.16.3+~1.2.3+~1.10.4-1_all.deb ...
#5 42.85 Unpacking node-n3 (1.16.3+~1.2.3+~1.10.4-1) ...
#5 42.88 Selecting previously unselected package node-slash.
#5 42.89 Preparing to unpack .../335-node-slash_4.0.0-3_all.deb ...
#5 42.89 Unpacking node-slash (4.0.0-3) ...
#5 42.90 Selecting previously unselected package node-globby.
#5 42.90 Preparing to unpack .../336-node-globby_13.1.3+~cs16.25.40-1+deb12u1_all.deb ...
#5 42.91 Unpacking node-globby (13.1.3+~cs16.25.40-1+deb12u1) ...
#5 42.93 Selecting previously unselected package node-graceful-fs.
#5 42.94 Preparing to unpack .../337-node-graceful-fs_4.2.10-1_all.deb ...
#5 42.94 Unpacking node-graceful-fs (4.2.10-1) ...
#5 42.96 Selecting previously unselected package node-is-path-cwd.
#5 42.96 Preparing to unpack .../338-node-is-path-cwd_2.2.0-2_all.deb ...
#5 42.96 Unpacking node-is-path-cwd (2.2.0-2) ...
#5 42.98 Selecting previously unselected package node-path-is-inside.
#5 42.98 Preparing to unpack .../339-node-path-is-inside_1.0.2+~1.0.0-1_all.deb ...
#5 42.98 Unpacking node-path-is-inside (1.0.2+~1.0.0-1) ...
#5 42.99 Selecting previously unselected package node-is-path-inside.
#5 43.00 Preparing to unpack .../340-node-is-path-inside_3.0.3-2_all.deb ...
#5 43.00 Unpacking node-is-path-inside (3.0.3-2) ...
#5 43.01 Selecting previously unselected package node-escape-string-regexp.
#5 43.02 Preparing to unpack .../341-node-escape-string-regexp_4.0.0-2_all.deb ...
#5 43.02 Unpacking node-escape-string-regexp (4.0.0-2) ...
#5 43.03 Selecting previously unselected package node-indent-string.
#5 43.04 Preparing to unpack .../342-node-indent-string_4.0.0-2_all.deb ...
#5 43.04 Unpacking node-indent-string (4.0.0-2) ...
#5 43.05 Selecting previously unselected package node-p-map.
#5 43.06 Preparing to unpack .../343-node-p-map_4.0.0+~3.1.0+~3.0.1-1_all.deb ...
#5 43.06 Unpacking node-p-map (4.0.0+~3.1.0+~3.0.1-1) ...
#5 43.07 Selecting previously unselected package node-del.
#5 43.08 Preparing to unpack .../344-node-del_7.0.0-5_all.deb ...
#5 43.08 Unpacking node-del (7.0.0-5) ...
#5 43.09 Selecting previously unselected package node-make-dir.
#5 43.10 Preparing to unpack .../345-node-make-dir_3.1.0-3_all.deb ...
#5 43.10 Unpacking node-make-dir (3.1.0-3) ...
#5 43.11 Selecting previously unselected package node-p-limit.
#5 43.11 Preparing to unpack .../346-node-p-limit_4.0.0+~cs4.0.0-5_all.deb ...
#5 43.11 Unpacking node-p-limit (4.0.0+~cs4.0.0-5) ...
#5 43.13 Selecting previously unselected package node-p-locate.
#5 43.13 Preparing to unpack .../347-node-p-locate_6.0.0-12_all.deb ...
#5 43.13 Unpacking node-p-locate (6.0.0-12) ...
#5 43.15 Selecting previously unselected package node-locate-path.
#5 43.16 Preparing to unpack .../348-node-locate-path_7.1.1-2_all.deb ...
#5 43.16 Unpacking node-locate-path (7.1.1-2) ...
#5 43.17 Selecting previously unselected package node-path-exists.
#5 43.18 Preparing to unpack .../349-node-path-exists_5.0.0-8_all.deb ...
#5 43.18 Unpacking node-path-exists (5.0.0-8) ...
#5 43.19 Selecting previously unselected package node-find-up.
#5 43.20 Preparing to unpack .../350-node-find-up_6.3.0-7_all.deb ...
#5 43.20 Unpacking node-find-up (6.3.0-7) ...
#5 43.21 Selecting previously unselected package node-pkg-dir.
#5 43.21 Preparing to unpack .../351-node-pkg-dir_5.0.0-2_all.deb ...
#5 43.21 Unpacking node-pkg-dir (5.0.0-2) ...
#5 43.23 Selecting previously unselected package node-find-cache-dir.
#5 43.24 Preparing to unpack .../352-node-find-cache-dir_3.3.2+~3.2.1-1_all.deb ...
#5 43.24 Unpacking node-find-cache-dir (3.3.2+~3.2.1-1) ...
#5 43.25 Selecting previously unselected package node-signal-exit.
#5 43.25 Preparing to unpack .../353-node-signal-exit_3.0.7+~3.0.1-1_all.deb ...
#5 43.26 Unpacking node-signal-exit (3.0.7+~3.0.1-1) ...
#5 43.27 Selecting previously unselected package node-foreground-child.
#5 43.28 Preparing to unpack .../354-node-foreground-child_2.0.0-5_all.deb ...
#5 43.28 Unpacking node-foreground-child (2.0.0-5) ...
#5 43.29 Selecting previously unselected package node-is-stream.
#5 43.30 Preparing to unpack .../355-node-is-stream_3.0.0-4_all.deb ...
#5 43.30 Unpacking node-is-stream (3.0.0-4) ...
#5 43.31 Selecting previously unselected package node-is-windows.
#5 43.31 Preparing to unpack .../356-node-is-windows_1.0.2+~cs1.0.0-1_all.deb ...
#5 43.31 Unpacking node-is-windows (1.0.2+~cs1.0.0-1) ...
#5 43.33 Selecting previously unselected package node-sprintf-js.
#5 43.34 Preparing to unpack .../357-node-sprintf-js_1.1.2+ds1+~1.1.2-1_all.deb ...
#5 43.34 Unpacking node-sprintf-js (1.1.2+ds1+~1.1.2-1) ...
#5 43.35 Selecting previously unselected package node-argparse.
#5 43.36 Preparing to unpack .../358-node-argparse_2.0.1-2_all.deb ...
#5 43.36 Unpacking node-argparse (2.0.1-2) ...
#5 43.38 Selecting previously unselected package node-js-yaml.
#5 43.38 Preparing to unpack .../359-node-js-yaml_4.1.0+dfsg+~4.0.5-7_all.deb ...
#5 43.38 Unpacking node-js-yaml (4.1.0+dfsg+~4.0.5-7) ...
#5 43.40 Selecting previously unselected package node-nopt.
#5 43.40 Preparing to unpack .../360-node-nopt_5.0.0-4_all.deb ...
#5 43.40 Unpacking node-nopt (5.0.0-4) ...
#5 43.42 Selecting previously unselected package node-npm-run-path.
#5 43.43 Preparing to unpack .../361-node-npm-run-path_5.1.0+~4.0.0-8_all.deb ...
#5 43.43 Unpacking node-npm-run-path (5.1.0+~4.0.0-8) ...
#5 43.44 Selecting previously unselected package node-shebang-regex.
#5 43.45 Preparing to unpack .../362-node-shebang-regex_3.0.0-2_all.deb ...
#5 43.45 Unpacking node-shebang-regex (3.0.0-2) ...
#5 43.46 Selecting previously unselected package node-shebang-command.
#5 43.47 Preparing to unpack .../363-node-shebang-command_2.0.0-1_all.deb ...
#5 43.47 Unpacking node-shebang-command (2.0.0-1) ...
#5 43.48 Selecting previously unselected package node-strip-bom.
#5 43.48 Preparing to unpack .../364-node-strip-bom_4.0.0-2_all.deb ...
#5 43.48 Unpacking node-strip-bom (4.0.0-2) ...
#5 43.50 Selecting previously unselected package node-has-flag.
#5 43.50 Preparing to unpack .../365-node-has-flag_4.0.0-3_all.deb ...
#5 43.50 Unpacking node-has-flag (4.0.0-3) ...
#5 43.51 Selecting previously unselected package node-supports-color.
#5 43.52 Preparing to unpack .../366-node-supports-color_8.1.1+~8.1.1-1_all.deb ...
#5 43.52 Unpacking node-supports-color (8.1.1+~8.1.1-1) ...
#5 43.53 Selecting previously unselected package node-util.
#5 43.54 Preparing to unpack .../367-node-util_0.12.5+~1.0.10-1_all.deb ...
#5 43.54 Unpacking node-util (0.12.5+~1.0.10-1) ...
#5 43.56 Selecting previously unselected package node-assert.
#5 43.56 Preparing to unpack .../368-node-assert_2.0.0+~cs3.9.8-2_all.deb ...
#5 43.56 Unpacking node-assert (2.0.0+~cs3.9.8-2) ...
#5 43.58 Selecting previously unselected package node-ampproject-remapping.
#5 43.59 Preparing to unpack .../369-node-ampproject-remapping_2.2.0+~cs5.15.37-1_all.deb ...
#5 43.59 Unpacking node-ampproject-remapping (2.2.0+~cs5.15.37-1) ...
#5 43.61 Selecting previously unselected package node-babel-plugin-add-module-exports.
#5 43.61 Preparing to unpack .../370-node-babel-plugin-add-module-exports_1.0.4+dfsg1~cs5.8.0-4_all.deb ...
#5 43.61 Unpacking node-babel-plugin-add-module-exports (1.0.4+dfsg1~cs5.8.0-4) ...
#5 43.63 Selecting previously unselected package node-regenerator-runtime.
#5 43.64 Preparing to unpack .../371-node-regenerator-runtime_0.15.1+~0.10.8-1_all.deb ...
#5 43.64 Unpacking node-regenerator-runtime (0.15.1+~0.10.8-1) ...
#5 43.65 Selecting previously unselected package node-babel7-runtime.
#5 43.66 Preparing to unpack .../372-node-babel7-runtime_7.20.15+ds1+~cs214.269.168-3+deb12u2_all.deb ...
#5 43.66 Unpacking node-babel7-runtime (7.20.15+ds1+~cs214.269.168-3+deb12u2) ...
#5 43.69 Selecting previously unselected package node-babel-helper-define-polyfill-provider.
#5 43.69 Preparing to unpack .../373-node-babel-helper-define-polyfill-provider_0.3.3~0~20220913+ds1-1_all.deb ...
#5 43.70 Unpacking node-babel-helper-define-polyfill-provider (0.3.3~0~20220913+ds1-1) ...
#5 43.71 Selecting previously unselected package node-babel-plugin-polyfill-corejs2.
#5 43.72 Preparing to unpack .../374-node-babel-plugin-polyfill-corejs2_0.3.3~0~20220913+ds1-1_all.deb ...
#5 43.73 Unpacking node-babel-plugin-polyfill-corejs2 (0.3.3~0~20220913+ds1-1) ...
#5 43.75 Selecting previously unselected package node-caniuse-lite.
#5 43.76 Preparing to unpack .../375-node-caniuse-lite_1.0.30001436+dfsg+~1.0.1-1_all.deb ...
#5 43.76 Unpacking node-caniuse-lite (1.0.30001436+dfsg+~1.0.1-1) ...
#5 43.83 Selecting previously unselected package node-electron-to-chromium.
#5 43.83 Preparing to unpack .../376-node-electron-to-chromium_1.4.284-1_all.deb ...
#5 43.83 Unpacking node-electron-to-chromium (1.4.284-1) ...
#5 43.85 Selecting previously unselected package node-picocolors.
#5 43.86 Preparing to unpack .../377-node-picocolors_1.0.0-4_all.deb ...
#5 43.86 Unpacking node-picocolors (1.0.0-4) ...
#5 43.87 Selecting previously unselected package node-browserslist.
#5 43.87 Preparing to unpack .../378-node-browserslist_4.21.4+~cs6.1.17-2_all.deb ...
#5 43.87 Unpacking node-browserslist (4.21.4+~cs6.1.17-2) ...
#5 43.89 Selecting previously unselected package node-core-js-compat.
#5 43.90 Preparing to unpack .../379-node-core-js-compat_3.26.1-3_all.deb ...
#5 43.90 Unpacking node-core-js-compat (3.26.1-3) ...
#5 43.91 Selecting previously unselected package node-babel-plugin-polyfill-corejs3.
#5 43.92 Preparing to unpack .../380-node-babel-plugin-polyfill-corejs3_0.6.0~0~20220913+ds1-1_all.deb ...
#5 43.92 Unpacking node-babel-plugin-polyfill-corejs3 (0.6.0~0~20220913+ds1-1) ...
#5 43.94 Selecting previously unselected package node-babel-plugin-polyfill-regenerator.
#5 43.94 Preparing to unpack .../381-node-babel-plugin-polyfill-regenerator_0.4.1~0~20220913+ds1-1_all.deb ...
#5 43.94 Unpacking node-babel-plugin-polyfill-regenerator (0.4.1~0~20220913+ds1-1) ...
#5 43.96 Selecting previously unselected package node-color-name.
#5 43.96 Preparing to unpack .../382-node-color-name_1.1.4+~1.1.1-2_all.deb ...
#5 43.96 Unpacking node-color-name (1.1.4+~1.1.1-2) ...
#5 43.98 Selecting previously unselected package node-color-convert.
#5 43.98 Preparing to unpack .../383-node-color-convert_2.0.1+~cs2.0.0-2_all.deb ...
#5 43.98 Unpacking node-color-convert (2.0.1+~cs2.0.0-2) ...
#5 44.00 Selecting previously unselected package node-ansi-styles.
#5 44.00 Preparing to unpack .../384-node-ansi-styles_6.2.1-2_all.deb ...
#5 44.00 Unpacking node-ansi-styles (6.2.1-2) ...
#5 44.01 Selecting previously unselected package node-chalk.
#5 44.02 Preparing to unpack .../385-node-chalk_5.2.0-1_all.deb ...
#5 44.02 Unpacking node-chalk (5.2.0-1) ...
#5 44.04 Selecting previously unselected package node-for-in.
#5 44.04 Preparing to unpack .../386-node-for-in_1.0.2-4_all.deb ...
#5 44.04 Unpacking node-for-in (1.0.2-4) ...
#5 44.06 Selecting previously unselected package node-for-own.
#5 44.06 Preparing to unpack .../387-node-for-own_1.0.0-3_all.deb ...
#5 44.06 Unpacking node-for-own (1.0.0-3) ...
#5 44.08 Selecting previously unselected package node-is-plain-object.
#5 44.08 Preparing to unpack .../388-node-is-plain-object_5.0.0-7_all.deb ...
#5 44.08 Unpacking node-is-plain-object (5.0.0-7) ...
#5 44.09 Selecting previously unselected package node-is-extendable.
#5 44.10 Preparing to unpack .../389-node-is-extendable_1.0.1-3_all.deb ...
#5 44.10 Unpacking node-is-extendable (1.0.1-3) ...
#5 44.11 Selecting previously unselected package node-clone-deep.
#5 44.12 Preparing to unpack .../390-node-clone-deep_4.0.1+~cs7.0.2-1_all.deb ...
#5 44.12 Unpacking node-clone-deep (4.0.1+~cs7.0.2-1) ...
#5 44.13 Selecting previously unselected package node-commander.
#5 44.14 Preparing to unpack .../391-node-commander_9.4.1-1_all.deb ...
#5 44.14 Unpacking node-commander (9.4.1-1) ...
#5 44.17 Selecting previously unselected package node-core-js.
#5 44.17 Preparing to unpack .../392-node-core-js_3.26.1-3_all.deb ...
#5 44.17 Unpacking node-core-js (3.26.1-3) ...
#5 44.39 Selecting previously unselected package node-core-js-pure.
#5 44.39 Preparing to unpack .../393-node-core-js-pure_3.26.1-3_all.deb ...
#5 44.39 Unpacking node-core-js-pure (3.26.1-3) ...
#5 44.60 Selecting previously unselected package node-fs-readdir-recursive.
#5 44.61 Preparing to unpack .../394-node-fs-readdir-recursive_1.1.0+~1.1.0-1_all.deb ...
#5 44.61 Unpacking node-fs-readdir-recursive (1.1.0+~1.1.0-1) ...
#5 44.62 Selecting previously unselected package node-js-tokens.
#5 44.62 Preparing to unpack .../395-node-js-tokens_8.0.0-2_all.deb ...
#5 44.63 Unpacking node-js-tokens (8.0.0-2) ...
#5 44.64 Selecting previously unselected package node-jsesc.
#5 44.65 Preparing to unpack .../396-node-jsesc_3.0.2+~3.0.1-1_all.deb ...
#5 44.65 Unpacking node-jsesc (3.0.2+~3.0.1-1) ...
#5 44.67 Selecting previously unselected package node-json5.
#5 44.67 Preparing to unpack .../397-node-json5_2.2.3+dfsg-1_all.deb ...
#5 44.67 Unpacking node-json5 (2.2.3+dfsg-1) ...
#5 44.69 Selecting previously unselected package node-quick-lru.
#5 44.69 Preparing to unpack .../398-node-quick-lru_6.1.1-4_all.deb ...
#5 44.69 Unpacking node-quick-lru (6.1.1-4) ...
#5 44.70 Selecting previously unselected package node-regenerator-transform.
#5 44.71 Preparing to unpack .../399-node-regenerator-transform_0.15.1+~0.10.8-1_all.deb ...
#5 44.71 Unpacking node-regenerator-transform (0.15.1+~0.10.8-1) ...
#5 44.73 Selecting previously unselected package node-regjsgen.
#5 44.74 Preparing to unpack .../400-node-regjsgen_0.7.1+ds-1_all.deb ...
#5 44.74 Unpacking node-regjsgen (0.7.1+ds-1) ...
#5 44.75 Selecting previously unselected package node-regjsparser.
#5 44.75 Preparing to unpack .../401-node-regjsparser_0.9.1+ds-2_all.deb ...
#5 44.76 Unpacking node-regjsparser (0.9.1+ds-2) ...
#5 44.77 Selecting previously unselected package node-unicode-canonical-property-names-ecmascript.
#5 44.78 Preparing to unpack .../402-node-unicode-canonical-property-names-ecmascript_2.0.0-2_all.deb ...
#5 44.78 Unpacking node-unicode-canonical-property-names-ecmascript (2.0.0-2) ...
#5 44.79 Selecting previously unselected package node-unicode-property-aliases-ecmascript.
#5 44.79 Preparing to unpack .../403-node-unicode-property-aliases-ecmascript_2.1.0+ds-1_all.deb ...
#5 44.79 Unpacking node-unicode-property-aliases-ecmascript (2.1.0+ds-1) ...
#5 44.81 Selecting previously unselected package node-unicode-match-property-ecmascript.
#5 44.81 Preparing to unpack .../404-node-unicode-match-property-ecmascript_2.0.0-2_all.deb ...
#5 44.81 Unpacking node-unicode-match-property-ecmascript (2.0.0-2) ...
#5 44.82 Selecting previously unselected package node-unicode-match-property-value-ecmascript.
#5 44.83 Preparing to unpack .../405-node-unicode-match-property-value-ecmascript_2.1.0+ds-1_all.deb ...
#5 44.83 Unpacking node-unicode-match-property-value-ecmascript (2.1.0+ds-1) ...
#5 44.85 Selecting previously unselected package node-regexpu-core.
#5 44.85 Preparing to unpack .../406-node-regexpu-core_5.2.2-3_all.deb ...
#5 44.85 Unpacking node-regexpu-core (5.2.2-3) ...
#5 44.87 Selecting previously unselected package node-source-map-support.
#5 44.87 Preparing to unpack .../407-node-source-map-support_0.5.21+ds+~0.5.4-1_all.deb ...
#5 44.87 Unpacking node-source-map-support (0.5.21+ds+~0.5.4-1) ...
#5 44.89 Selecting previously unselected package node-to-fast-properties.
#5 44.90 Preparing to unpack .../408-node-to-fast-properties_3.0.1-3_all.deb ...
#5 44.90 Unpacking node-to-fast-properties (3.0.1-3) ...
#5 44.91 Selecting previously unselected package node-v8flags.
#5 44.91 Preparing to unpack .../409-node-v8flags_3.2.0+~3.1.1-1_all.deb ...
#5 44.92 Unpacking node-v8flags (3.2.0+~3.1.1-1) ...
#5 44.94 Selecting previously unselected package node-babel7.
#5 44.94 Preparing to unpack .../410-node-babel7_7.20.15+ds1+~cs214.269.168-3+deb12u2_all.deb ...
#5 44.94 Unpacking node-babel7 (7.20.15+ds1+~cs214.269.168-3+deb12u2) ...
#5 45.12 Selecting previously unselected package node-is-arrayish.
#5 45.13 Preparing to unpack .../411-node-is-arrayish_0.3.2-3_all.deb ...
#5 45.13 Unpacking node-is-arrayish (0.3.2-3) ...
#5 45.15 Selecting previously unselected package node-error-ex.
#5 45.15 Preparing to unpack .../412-node-error-ex_1.3.2-4_all.deb ...
#5 45.15 Unpacking node-error-ex (1.3.2-4) ...
#5 45.17 Selecting previously unselected package node-json-parse-better-errors.
#5 45.17 Preparing to unpack .../413-node-json-parse-better-errors_1.0.2+~cs3.3.1-2_all.deb ...
#5 45.17 Unpacking node-json-parse-better-errors (1.0.2+~cs3.3.1-2) ...
#5 45.19 Selecting previously unselected package node-parse-json.
#5 45.19 Preparing to unpack .../414-node-parse-json_5.2.0+~cs5.1.7-1_all.deb ...
#5 45.19 Unpacking node-parse-json (5.2.0+~cs5.1.7-1) ...
#5 45.21 Selecting previously unselected package node-hosted-git-info.
#5 45.21 Preparing to unpack .../415-node-hosted-git-info_6.1.1-2_all.deb ...
#5 45.21 Unpacking node-hosted-git-info (6.1.1-2) ...
#5 45.23 Selecting previously unselected package node-spdx-license-ids.
#5 45.24 Preparing to unpack .../416-node-spdx-license-ids_3.0.12-1_all.deb ...
#5 45.24 Unpacking node-spdx-license-ids (3.0.12-1) ...
#5 45.25 Selecting previously unselected package node-spdx-exceptions.
#5 45.26 Preparing to unpack .../417-node-spdx-exceptions_2.3.0-2_all.deb ...
#5 45.26 Unpacking node-spdx-exceptions (2.3.0-2) ...
#5 45.27 Selecting previously unselected package node-spdx-expression-parse.
#5 45.28 Preparing to unpack .../418-node-spdx-expression-parse_3.0.1+~3.0.1-1_all.deb ...
#5 45.29 Unpacking node-spdx-expression-parse (3.0.1+~3.0.1-1) ...
#5 45.30 Selecting previously unselected package node-spdx-correct.
#5 45.31 Preparing to unpack .../419-node-spdx-correct_3.1.1-2_all.deb ...
#5 45.31 Unpacking node-spdx-correct (3.1.1-2) ...
#5 45.32 Selecting previously unselected package node-validate-npm-package-license.
#5 45.33 Preparing to unpack .../420-node-validate-npm-package-license_3.0.4-2_all.deb ...
#5 45.33 Unpacking node-validate-npm-package-license (3.0.4-2) ...
#5 45.34 Selecting previously unselected package node-normalize-package-data.
#5 45.35 Preparing to unpack .../421-node-normalize-package-data_4.0.1+~2.4.1-1_all.deb ...
#5 45.35 Unpacking node-normalize-package-data (4.0.1+~2.4.1-1) ...
#5 45.37 Selecting previously unselected package node-read-pkg.
#5 45.37 Preparing to unpack .../422-node-read-pkg_5.2.0-2_all.deb ...
#5 45.37 Unpacking node-read-pkg (5.2.0-2) ...
#5 45.39 Selecting previously unselected package node-uuid.
#5 45.40 Preparing to unpack .../423-node-uuid_8.3.2+~8.3.3-3_all.deb ...
#5 45.40 Unpacking node-uuid (8.3.2+~8.3.3-3) ...
#5 45.42 Selecting previously unselected package node-isexe.
#5 45.42 Preparing to unpack .../424-node-isexe_2.0.0+~2.0.1-5_all.deb ...
#5 45.42 Unpacking node-isexe (2.0.0+~2.0.1-5) ...
#5 45.44 Selecting previously unselected package node-which.
#5 45.45 Preparing to unpack .../425-node-which_2.0.2+~cs1.3.2-3_all.deb ...
#5 45.45 Unpacking node-which (2.0.2+~cs1.3.2-3) ...
#5 45.47 Selecting previously unselected package node-is-typedarray.
#5 45.47 Preparing to unpack .../426-node-is-typedarray_1.0.0-4_all.deb ...
#5 45.47 Unpacking node-is-typedarray (1.0.0-4) ...
#5 45.49 Selecting previously unselected package node-typedarray-to-buffer.
#5 45.49 Preparing to unpack .../427-node-typedarray-to-buffer_4.0.0-2_all.deb ...
#5 45.49 Unpacking node-typedarray-to-buffer (4.0.0-2) ...
#5 45.51 Selecting previously unselected package node-write-file-atomic.
#5 45.51 Preparing to unpack .../428-node-write-file-atomic_4.0.2+~4.0.0-1_all.deb ...
#5 45.51 Unpacking node-write-file-atomic (4.0.2+~4.0.0-1) ...
#5 45.53 Selecting previously unselected package node-slice-ansi.
#5 45.54 Preparing to unpack .../429-node-slice-ansi_5.0.0+~cs9.0.0-5_all.deb ...
#5 45.54 Unpacking node-slice-ansi (5.0.0+~cs9.0.0-5) ...
#5 45.56 Selecting previously unselected package node-ansi-regex.
#5 45.56 Preparing to unpack .../430-node-ansi-regex_5.0.1-1_all.deb ...
#5 45.57 Unpacking node-ansi-regex (5.0.1-1) ...
#5 45.58 Selecting previously unselected package node-strip-ansi.
#5 45.59 Preparing to unpack .../431-node-strip-ansi_6.0.1-2_all.deb ...
#5 45.59 Unpacking node-strip-ansi (6.0.1-2) ...
#5 45.60 Selecting previously unselected package node-clone.
#5 45.61 Preparing to unpack .../432-node-clone_2.1.2-4_all.deb ...
#5 45.61 Unpacking node-clone (2.1.2-4) ...
#5 45.62 Selecting previously unselected package node-defaults.
#5 45.63 Preparing to unpack .../433-node-defaults_1.0.4+~1.0.3-1_all.deb ...
#5 45.63 Unpacking node-defaults (1.0.4+~1.0.3-1) ...
#5 45.65 Selecting previously unselected package node-wcwidth.js.
#5 45.65 Preparing to unpack .../434-node-wcwidth.js_1.0.2-2_all.deb ...
#5 45.66 Unpacking node-wcwidth.js (1.0.2-2) ...
#5 45.67 Selecting previously unselected package node-string-width.
#5 45.68 Preparing to unpack .../435-node-string-width_4.2.3+~cs13.2.3-1_all.deb ...
#5 45.68 Unpacking node-string-width (4.2.3+~cs13.2.3-1) ...
#5 45.69 Selecting previously unselected package node-wrap-ansi.
#5 45.70 Preparing to unpack .../436-node-wrap-ansi_8.0.1+~8.0.1-3_all.deb ...
#5 45.70 Unpacking node-wrap-ansi (8.0.1+~8.0.1-3) ...
#5 45.71 Selecting previously unselected package node-cliui.
#5 45.72 Preparing to unpack .../437-node-cliui_7.0.4+repack+~cs3.1.0-4_all.deb ...
#5 45.72 Unpacking node-cliui (7.0.4+repack+~cs3.1.0-4) ...
#5 45.74 Selecting previously unselected package node-get-caller-file.
#5 45.74 Preparing to unpack .../438-node-get-caller-file_2.0.5+~cs1.1.1-4_all.deb ...
#5 45.74 Unpacking node-get-caller-file (2.0.5+~cs1.1.1-4) ...
#5 45.76 Selecting previously unselected package node-require-directory.
#5 45.77 Preparing to unpack .../439-node-require-directory_2.1.1+~2.1.2-1_all.deb ...
#5 45.77 Unpacking node-require-directory (2.1.1+~2.1.2-1) ...
#5 45.79 Selecting previously unselected package node-y18n.
#5 45.79 Preparing to unpack .../440-node-y18n_5.0.8+~5.0.0-3_all.deb ...
#5 45.79 Unpacking node-y18n (5.0.8+~5.0.0-3) ...
#5 45.81 Selecting previously unselected package node-camelcase.
#5 45.81 Preparing to unpack .../441-node-camelcase_7.0.0-3_all.deb ...
#5 45.81 Unpacking node-camelcase (7.0.0-3) ...
#5 45.83 Selecting previously unselected package node-yargs-parser.
#5 45.84 Preparing to unpack .../442-node-yargs-parser_21.1.1+~21.0.0-4_all.deb ...
#5 45.84 Unpacking node-yargs-parser (21.1.1+~21.0.0-4) ...
#5 45.86 Selecting previously unselected package node-yargs.
#5 45.87 Preparing to unpack .../443-node-yargs_16.2.0+~16.0.4-7_all.deb ...
#5 45.87 Unpacking node-yargs (16.2.0+~16.0.4-7) ...
#5 45.90 Selecting previously unselected package node-istanbul.
#5 45.91 Preparing to unpack .../444-node-istanbul_0.4.5+repack10+~cs97.25.57-3_all.deb ...
#5 45.91 Unpacking node-istanbul (0.4.5+repack10+~cs97.25.57-3) ...
#5 45.96 Selecting previously unselected package node-through.
#5 45.96 Preparing to unpack .../445-node-through_2.3.8+~cs0.0.30-1_all.deb ...
#5 45.96 Unpacking node-through (2.3.8+~cs0.0.30-1) ...
#5 45.98 Selecting previously unselected package node-resumer.
#5 45.99 Preparing to unpack .../446-node-resumer_0.0.0-6_all.deb ...
#5 45.99 Unpacking node-resumer (0.0.0-6) ...
#5 46.00 Selecting previously unselected package node-tape.
#5 46.01 Preparing to unpack .../447-node-tape_5.6.1+~cs8.20.19-1_all.deb ...
#5 46.01 Unpacking node-tape (5.6.1+~cs8.20.19-1) ...
#5 46.03 Selecting previously unselected package node-deep-equal.
#5 46.03 Preparing to unpack .../448-node-deep-equal_2.1.0+~cs31.12.80-1_all.deb ...
#5 46.03 Unpacking node-deep-equal (2.1.0+~cs31.12.80-1) ...
#5 46.06 Selecting previously unselected package libjs-util.
#5 46.07 Preparing to unpack .../449-libjs-util_0.12.5+~1.0.10-1_all.deb ...
#5 46.07 Unpacking libjs-util (0.12.5+~1.0.10-1) ...
#5 46.08 Selecting previously unselected package libldap-common.
#5 46.09 Preparing to unpack .../450-libldap-common_2.5.13+dfsg-5_all.deb ...
#5 46.09 Unpacking libldap-common (2.5.13+dfsg-5) ...
#5 46.11 Selecting previously unselected package libnet-http-perl.
#5 46.11 Preparing to unpack .../451-libnet-http-perl_6.22-1_all.deb ...
#5 46.12 Unpacking libnet-http-perl (6.22-1) ...
#5 46.13 Selecting previously unselected package libtry-tiny-perl.
#5 46.14 Preparing to unpack .../452-libtry-tiny-perl_0.31-2_all.deb ...
#5 46.14 Unpacking libtry-tiny-perl (0.31-2) ...
#5 46.16 Selecting previously unselected package libwww-robotrules-perl.
#5 46.17 Preparing to unpack .../453-libwww-robotrules-perl_6.02-1_all.deb ...
#5 46.17 Unpacking libwww-robotrules-perl (6.02-1) ...
#5 46.18 Selecting previously unselected package libwww-perl.
#5 46.19 Preparing to unpack .../454-libwww-perl_6.68-1_all.deb ...
#5 46.19 Unpacking libwww-perl (6.68-1) ...
#5 46.22 Selecting previously unselected package liblwp-protocol-https-perl.
#5 46.22 Preparing to unpack .../455-liblwp-protocol-https-perl_6.10-1_all.deb ...
#5 46.23 Unpacking liblwp-protocol-https-perl (6.10-1) ...
#5 46.24 Selecting previously unselected package libnet-smtp-ssl-perl.
#5 46.25 Preparing to unpack .../456-libnet-smtp-ssl-perl_1.04-2_all.deb ...
#5 46.25 Unpacking libnet-smtp-ssl-perl (1.04-2) ...
#5 46.26 Selecting previously unselected package libmailtools-perl.
#5 46.27 Preparing to unpack .../457-libmailtools-perl_2.21-2_all.deb ...
#5 46.27 Unpacking libmailtools-perl (2.21-2) ...
#5 46.29 Selecting previously unselected package libxml-parser-perl.
#5 46.30 Preparing to unpack .../458-libxml-parser-perl_2.46-4+deb12u1_amd64.deb ...
#5 46.30 Unpacking libxml-parser-perl (2.46-4+deb12u1) ...
#5 46.33 Selecting previously unselected package libxml-twig-perl.
#5 46.33 Preparing to unpack .../459-libxml-twig-perl_1%3a3.52-2_all.deb ...
#5 46.34 Unpacking libxml-twig-perl (1:3.52-2) ...
#5 46.36 Selecting previously unselected package libnet-dbus-perl.
#5 46.37 Preparing to unpack .../460-libnet-dbus-perl_1.2.0-2_amd64.deb ...
#5 46.37 Unpacking libnet-dbus-perl (1.2.0-2) ...
#5 46.40 Selecting previously unselected package libssl-dev:amd64.
#5 46.41 Preparing to unpack .../461-libssl-dev_3.0.20-1~deb12u2_amd64.deb ...
#5 46.41 Unpacking libssl-dev:amd64 (3.0.20-1~deb12u2) ...
#5 46.58 Selecting previously unselected package libuv1-dev:amd64.
#5 46.58 Preparing to unpack .../462-libuv1-dev_1.44.2-1+deb12u1_amd64.deb ...
#5 46.59 Unpacking libuv1-dev:amd64 (1.44.2-1+deb12u1) ...
#5 46.61 Selecting previously unselected package libnode-dev.
#5 46.62 Preparing to unpack .../463-libnode-dev_18.20.4+dfsg-1~deb12u2_amd64.deb ...
#5 46.62 Unpacking libnode-dev (18.20.4+dfsg-1~deb12u2) ...
#5 46.68 Selecting previously unselected package libnotify4:amd64.
#5 46.69 Preparing to unpack .../464-libnotify4_0.8.1-1_amd64.deb ...
#5 46.69 Unpacking libnotify4:amd64 (0.8.1-1) ...
#5 46.70 Selecting previously unselected package libnotify-bin.
#5 46.71 Preparing to unpack .../465-libnotify-bin_0.8.1-1_amd64.deb ...
#5 46.71 Unpacking libnotify-bin (0.8.1-1) ...
#5 46.74 Selecting previously unselected package libpython3.11:amd64.
#5 46.74 Preparing to unpack .../466-libpython3.11_3.11.2-6+deb12u8_amd64.deb ...
#5 46.75 Unpacking libpython3.11:amd64 (3.11.2-6+deb12u8) ...
#5 46.92 Selecting previously unselected package zlib1g-dev:amd64.
#5 46.93 Preparing to unpack .../467-zlib1g-dev_1%3a1.2.13.dfsg-1_amd64.deb ...
#5 46.93 Unpacking zlib1g-dev:amd64 (1:1.2.13.dfsg-1) ...
#5 46.97 Selecting previously unselected package libpython3.11-dev:amd64.
#5 46.97 Preparing to unpack .../468-libpython3.11-dev_3.11.2-6+deb12u8_amd64.deb ...
#5 46.98 Unpacking libpython3.11-dev:amd64 (3.11.2-6+deb12u8) ...
#5 47.31 Selecting previously unselected package libpython3-dev:amd64.
#5 47.32 Preparing to unpack .../469-libpython3-dev_3.11.2-1+b1_amd64.deb ...
#5 47.32 Unpacking libpython3-dev:amd64 (3.11.2-1+b1) ...
#5 47.33 Selecting previously unselected package libsasl2-modules:amd64.
#5 47.34 Preparing to unpack .../470-libsasl2-modules_2.1.28+dfsg-10_amd64.deb ...
#5 47.35 Unpacking libsasl2-modules:amd64 (2.1.28+dfsg-10) ...
#5 47.37 Selecting previously unselected package libsm6:amd64.
#5 47.38 Preparing to unpack .../471-libsm6_2%3a1.2.3-1_amd64.deb ...
#5 47.38 Unpacking libsm6:amd64 (2:1.2.3-1) ...
#5 47.40 Selecting previously unselected package libsodium23:amd64.
#5 47.40 Preparing to unpack .../472-libsodium23_1.0.18-1+deb12u1_amd64.deb ...
#5 47.40 Unpacking libsodium23:amd64 (1.0.18-1+deb12u1) ...
#5 47.43 Selecting previously unselected package libtext-iconv-perl:amd64.
#5 47.44 Preparing to unpack .../473-libtext-iconv-perl_1.7-8_amd64.deb ...
#5 47.44 Unpacking libtext-iconv-perl:amd64 (1.7-8) ...
#5 47.45 Selecting previously unselected package libtie-ixhash-perl.
#5 47.46 Preparing to unpack .../474-libtie-ixhash-perl_1.23-4_all.deb ...
#5 47.46 Unpacking libtie-ixhash-perl (1.23-4) ...
#5 47.48 Selecting previously unselected package libx11-protocol-perl.
#5 47.48 Preparing to unpack .../475-libx11-protocol-perl_0.56-9_all.deb ...
#5 47.48 Unpacking libx11-protocol-perl (0.56-9) ...
#5 47.50 Selecting previously unselected package libxt6:amd64.
#5 47.51 Preparing to unpack .../476-libxt6_1%3a1.2.1-1.1_amd64.deb ...
#5 47.51 Unpacking libxt6:amd64 (1:1.2.1-1.1) ...
#5 47.57 Selecting previously unselected package libxmu6:amd64.
#5 47.57 Preparing to unpack .../477-libxmu6_2%3a1.1.3-3_amd64.deb ...
#5 47.58 Unpacking libxmu6:amd64 (2:1.1.3-3) ...
#5 47.59 Selecting previously unselected package libxaw7:amd64.
#5 47.60 Preparing to unpack .../478-libxaw7_2%3a1.0.14-1_amd64.deb ...
#5 47.60 Unpacking libxaw7:amd64 (2:1.0.14-1) ...
#5 47.62 Selecting previously unselected package libxcb-shape0:amd64.
#5 47.63 Preparing to unpack .../479-libxcb-shape0_1.15-1_amd64.deb ...
#5 47.63 Unpacking libxcb-shape0:amd64 (1.15-1) ...
#5 47.65 Selecting previously unselected package libxcomposite1:amd64.
#5 47.65 Preparing to unpack .../480-libxcomposite1_1%3a0.4.5-1_amd64.deb ...
#5 47.66 Unpacking libxcomposite1:amd64 (1:0.4.5-1) ...
#5 47.67 Selecting previously unselected package libxrender1:amd64.
#5 47.68 Preparing to unpack .../481-libxrender1_1%3a0.9.10-1.1_amd64.deb ...
#5 47.68 Unpacking libxrender1:amd64 (1:0.9.10-1.1) ...
#5 47.69 Selecting previously unselected package libxcursor1:amd64.
#5 47.70 Preparing to unpack .../482-libxcursor1_1%3a1.2.1-1_amd64.deb ...
#5 47.70 Unpacking libxcursor1:amd64 (1:1.2.1-1) ...
#5 47.71 Selecting previously unselected package libxft2:amd64.
#5 47.72 Preparing to unpack .../483-libxft2_2.3.6-1_amd64.deb ...
#5 47.72 Unpacking libxft2:amd64 (2.3.6-1) ...
#5 47.75 Selecting previously unselected package libxi6:amd64.
#5 47.75 Preparing to unpack .../484-libxi6_2%3a1.8-1+b1_amd64.deb ...
#5 47.76 Unpacking libxi6:amd64 (2:1.8-1+b1) ...
#5 47.78 Selecting previously unselected package libxinerama1:amd64.
#5 47.78 Preparing to unpack .../485-libxinerama1_2%3a1.1.4-3_amd64.deb ...
#5 47.78 Unpacking libxinerama1:amd64 (2:1.1.4-3) ...
#5 47.80 Selecting previously unselected package libxkbfile1:amd64.
#5 47.81 Preparing to unpack .../486-libxkbfile1_1%3a1.1.0-1_amd64.deb ...
#5 47.81 Unpacking libxkbfile1:amd64 (1:1.1.0-1) ...
#5 47.83 Selecting previously unselected package libxml-xpathengine-perl.
#5 47.84 Preparing to unpack .../487-libxml-xpathengine-perl_0.14-2_all.deb ...
#5 47.84 Unpacking libxml-xpathengine-perl (0.14-2) ...
#5 47.86 Selecting previously unselected package libxmuu1:amd64.
#5 47.86 Preparing to unpack .../488-libxmuu1_2%3a1.1.3-3_amd64.deb ...
#5 47.86 Unpacking libxmuu1:amd64 (2:1.1.3-3) ...
#5 47.88 Selecting previously unselected package libxrandr2:amd64.
#5 47.89 Preparing to unpack .../489-libxrandr2_2%3a1.5.2-2+b1_amd64.deb ...
#5 47.89 Unpacking libxrandr2:amd64 (2:1.5.2-2+b1) ...
#5 47.90 Selecting previously unselected package libxtst6:amd64.
#5 47.91 Preparing to unpack .../490-libxtst6_2%3a1.2.3-1.1_amd64.deb ...
#5 47.91 Unpacking libxtst6:amd64 (2:1.2.3-1.1) ...
#5 47.92 Selecting previously unselected package libxv1:amd64.
#5 47.93 Preparing to unpack .../491-libxv1_2%3a1.0.11-1.1_amd64.deb ...
#5 47.93 Unpacking libxv1:amd64 (2:1.0.11-1.1) ...
#5 47.95 Selecting previously unselected package libxxf86dga1:amd64.
#5 47.95 Preparing to unpack .../492-libxxf86dga1_2%3a1.1.5-1_amd64.deb ...
#5 47.96 Unpacking libxxf86dga1:amd64 (2:1.1.5-1) ...
#5 47.97 Selecting previously unselected package manpages-dev.
#5 47.98 Preparing to unpack .../493-manpages-dev_6.03-2_all.deb ...
#5 47.98 Unpacking manpages-dev (6.03-2) ...
#5 48.15 Selecting previously unselected package node-agent-base.
#5 48.16 Preparing to unpack .../494-node-agent-base_6.0.2+~cs5.4.2-2_all.deb ...
#5 48.16 Unpacking node-agent-base (6.0.2+~cs5.4.2-2) ...
#5 48.18 Selecting previously unselected package node-ajv-keywords.
#5 48.18 Preparing to unpack .../495-node-ajv-keywords_3.5.2-2_all.deb ...
#5 48.18 Unpacking node-ajv-keywords (3.5.2-2) ...
#5 48.20 Selecting previously unselected package node-ansi-escapes.
#5 48.20 Preparing to unpack .../496-node-ansi-escapes_5.0.0+really.4.3.1-1_all.deb ...
#5 48.20 Unpacking node-ansi-escapes (5.0.0+really.4.3.1-1) ...
#5 48.22 Selecting previously unselected package node-aproba.
#5 48.23 Preparing to unpack .../497-node-aproba_2.0.0-3_all.deb ...
#5 48.23 Unpacking node-aproba (2.0.0-3) ...
#5 48.24 Selecting previously unselected package node-delegates.
#5 48.25 Preparing to unpack .../498-node-delegates_1.0.0-3_all.deb ...
#5 48.25 Unpacking node-delegates (1.0.0-3) ...
#5 48.26 Selecting previously unselected package node-are-we-there-yet.
#5 48.27 Preparing to unpack .../499-node-are-we-there-yet_3.0.1+~1.1.0-1_all.deb ...
#5 48.27 Unpacking node-are-we-there-yet (3.0.1+~1.1.0-1) ...
#5 48.28 Selecting previously unselected package node-async-each.
#5 48.29 Preparing to unpack .../500-node-async-each_1.0.3-3_all.deb ...
#5 48.29 Unpacking node-async-each (1.0.3-3) ...
#5 48.30 Selecting previously unselected package node-auto-bind.
#5 48.31 Preparing to unpack .../501-node-auto-bind_4.0.0-2_all.deb ...
#5 48.31 Unpacking node-auto-bind (4.0.0-2) ...
#5 48.33 Selecting previously unselected package node-babel-plugin-lodash.
#5 48.34 Preparing to unpack .../502-node-babel-plugin-lodash_3.3.4+~cs2.0.1-6_all.deb ...
#5 48.34 Unpacking node-babel-plugin-lodash (3.3.4+~cs2.0.1-6) ...
#5 48.36 Selecting previously unselected package node-isobject.
#5 48.37 Preparing to unpack .../503-node-isobject_4.0.0-2_all.deb ...
#5 48.37 Unpacking node-isobject (4.0.0-2) ...
#5 48.39 Selecting previously unselected package node-object-visit.
#5 48.39 Preparing to unpack .../504-node-object-visit_1.0.1-5_all.deb ...
#5 48.40 Unpacking node-object-visit (1.0.1-5) ...
#5 48.41 Selecting previously unselected package node-map-visit.
#5 48.41 Preparing to unpack .../505-node-map-visit_1.0.0-4_all.deb ...
#5 48.42 Unpacking node-map-visit (1.0.0-4) ...
#5 48.43 Selecting previously unselected package node-collection-visit.
#5 48.44 Preparing to unpack .../506-node-collection-visit_1.0.0-4_all.deb ...
#5 48.44 Unpacking node-collection-visit (1.0.0-4) ...
#5 48.46 Selecting previously unselected package node-get-value.
#5 48.47 Preparing to unpack .../507-node-get-value_1%3a3.0.1-4_all.deb ...
#5 48.47 Unpacking node-get-value (1:3.0.1-4) ...
#5 48.48 Selecting previously unselected package node-sellside-emitter.
#5 48.49 Preparing to unpack .../508-node-sellside-emitter_1.2.1-3_all.deb ...
#5 48.49 Unpacking node-sellside-emitter (1.2.1-3) ...
#5 48.50 Selecting previously unselected package node-is-primitive.
#5 48.51 Preparing to unpack .../509-node-is-primitive_3.0.1-3_all.deb ...
#5 48.51 Unpacking node-is-primitive (3.0.1-3) ...
#5 48.52 Selecting previously unselected package node-set-value.
#5 48.53 Preparing to unpack .../510-node-set-value_4.1.0+~4.0.1-2_all.deb ...
#5 48.53 Unpacking node-set-value (4.1.0+~4.0.1-2) ...
#5 48.55 Selecting previously unselected package node-union-value.
#5 48.56 Preparing to unpack .../511-node-union-value_2.0.1-4_all.deb ...
#5 48.56 Unpacking node-union-value (2.0.1-4) ...
#5 48.57 Selecting previously unselected package node-has-values.
#5 48.58 Preparing to unpack .../512-node-has-values_2.0.1-4_all.deb ...
#5 48.58 Unpacking node-has-values (2.0.1-4) ...
#5 48.59 Selecting previously unselected package node-has-value.
#5 48.60 Preparing to unpack .../513-node-has-value_2.0.2-4_all.deb ...
#5 48.60 Unpacking node-has-value (2.0.2-4) ...
#5 48.61 Selecting previously unselected package node-unset-value.
#5 48.62 Preparing to unpack .../514-node-unset-value_2.0.1-1_all.deb ...
#5 48.62 Unpacking node-unset-value (2.0.1-1) ...
#5 48.64 Selecting previously unselected package node-cache-base.
#5 48.64 Preparing to unpack .../515-node-cache-base_4.0.2-1_all.deb ...
#5 48.64 Unpacking node-cache-base (4.0.2-1) ...
#5 48.66 Selecting previously unselected package node-is-descriptor.
#5 48.66 Preparing to unpack .../516-node-is-descriptor_3.0.0-2_all.deb ...
#5 48.66 Unpacking node-is-descriptor (3.0.0-2) ...
#5 48.68 Selecting previously unselected package node-define-property.
#5 48.69 Preparing to unpack .../517-node-define-property_2.0.2+really+2.0.2-3_all.deb ...
#5 48.69 Unpacking node-define-property (2.0.2+really+2.0.2-3) ...
#5 48.70 Selecting previously unselected package node-mixin-deep.
#5 48.70 Preparing to unpack .../518-node-mixin-deep_2.0.1-3_all.deb ...
#5 48.70 Unpacking node-mixin-deep (2.0.1-3) ...
#5 48.71 Selecting previously unselected package node-pascalcase.
#5 48.72 Preparing to unpack .../519-node-pascalcase_1.0.0-1_all.deb ...
#5 48.73 Unpacking node-pascalcase (1.0.0-1) ...
#5 48.74 Selecting previously unselected package node-base.
#5 48.75 Preparing to unpack .../520-node-base_3.0.0-3_all.deb ...
#5 48.76 Unpacking node-base (3.0.0-3) ...
#5 48.77 Selecting previously unselected package node-base64-js.
#5 48.78 Preparing to unpack .../521-node-base64-js_1.5.1+dfsg+~1.3.0-2_all.deb ...
#5 48.79 Unpacking node-base64-js (1.5.1+dfsg+~1.3.0-2) ...
#5 48.80 Selecting previously unselected package node-binary-extensions.
#5 48.80 Preparing to unpack .../522-node-binary-extensions_2.2.0-2_all.deb ...
#5 48.80 Unpacking node-binary-extensions (2.2.0-2) ...
#5 48.82 Selecting previously unselected package node-builtins.
#5 48.83 Preparing to unpack .../523-node-builtins_5.0.1-1_all.deb ...
#5 48.83 Unpacking node-builtins (5.0.1-1) ...
#5 48.84 Selecting previously unselected package node-chownr.
#5 48.85 Preparing to unpack .../524-node-chownr_2.0.0-2_all.deb ...
#5 48.85 Unpacking node-chownr (2.0.0-2) ...
#5 48.87 Selecting previously unselected package node-iconv-lite.
#5 48.88 Preparing to unpack .../525-node-iconv-lite_0.6.3-3_all.deb ...
#5 48.88 Unpacking node-iconv-lite (0.6.3-3) ...
#5 48.90 Selecting previously unselected package node-encoding.
#5 48.91 Preparing to unpack .../526-node-encoding_0.1.13-2_all.deb ...
#5 48.91 Unpacking node-encoding (0.1.13-2) ...
#5 48.92 Selecting previously unselected package node-jsonparse.
#5 48.93 Preparing to unpack .../527-node-jsonparse_1.3.1-10_all.deb ...
#5 48.93 Unpacking node-jsonparse (1.3.1-10) ...
#5 48.94 Selecting previously unselected package node-minipass.
#5 48.95 Preparing to unpack .../528-node-minipass_3.3.6+~cs9.4.19-1+deb12u1_all.deb ...
#5 48.95 Unpacking node-minipass (3.3.6+~cs9.4.19-1+deb12u1) ...
#5 48.97 Selecting previously unselected package node-iferr.
#5 48.98 Preparing to unpack .../529-node-iferr_1.0.2+~1.0.2-1_all.deb ...
#5 48.98 Unpacking node-iferr (1.0.2+~1.0.2-1) ...
#5 48.99 Selecting previously unselected package node-fs-write-stream-atomic.
#5 49.00 Preparing to unpack .../530-node-fs-write-stream-atomic_1.0.10-6_all.deb ...
#5 49.00 Unpacking node-fs-write-stream-atomic (1.0.10-6) ...
#5 49.01 Selecting previously unselected package node-run-queue.
#5 49.02 Preparing to unpack .../531-node-run-queue_2.0.0-3_all.deb ...
#5 49.02 Unpacking node-run-queue (2.0.0-3) ...
#5 49.04 Selecting previously unselected package node-copy-concurrently.
#5 49.04 Preparing to unpack .../532-node-copy-concurrently_1.0.5-9_all.deb ...
#5 49.04 Unpacking node-copy-concurrently (1.0.5-9) ...
#5 49.06 Selecting previously unselected package node-move-concurrently.
#5 49.07 Preparing to unpack .../533-node-move-concurrently_1.0.1-5_all.deb ...
#5 49.07 Unpacking node-move-concurrently (1.0.1-5) ...
#5 49.08 Selecting previously unselected package node-promise-inflight.
#5 49.09 Preparing to unpack .../534-node-promise-inflight_1.0.1+~1.0.0-1_all.deb ...
#5 49.09 Unpacking node-promise-inflight (1.0.1+~1.0.0-1) ...
#5 49.10 Selecting previously unselected package node-ssri.
#5 49.11 Preparing to unpack .../535-node-ssri_9.0.1-2_all.deb ...
#5 49.11 Unpacking node-ssri (9.0.1-2) ...
#5 49.12 Selecting previously unselected package node-unique-filename.
#5 49.13 Preparing to unpack .../536-node-unique-filename_1.1.1+ds-2_all.deb ...
#5 49.13 Unpacking node-unique-filename (1.1.1+ds-2) ...
#5 49.15 Selecting previously unselected package node-cacache.
#5 49.16 Preparing to unpack .../537-node-cacache_17.0.3+~cs10.3.7-1_all.deb ...
#5 49.16 Unpacking node-cacache (17.0.3+~cs10.3.7-1) ...
#5 49.18 Selecting previously unselected package node-is-binary-path.
#5 49.19 Preparing to unpack .../538-node-is-binary-path_2.1.0-5_all.deb ...
#5 49.19 Unpacking node-is-binary-path (2.1.0-5) ...
#5 49.20 Selecting previously unselected package node-path-is-absolute.
#5 49.21 Preparing to unpack .../539-node-path-is-absolute_2.0.0-2_all.deb ...
#5 49.21 Unpacking node-path-is-absolute (2.0.0-2) ...
#5 49.22 Selecting previously unselected package node-set-immediate-shim.
#5 49.23 Preparing to unpack .../540-node-set-immediate-shim_2.0.0-2_all.deb ...
#5 49.23 Unpacking node-set-immediate-shim (2.0.0-2) ...
#5 49.25 Selecting previously unselected package node-readdirp.
#5 49.26 Preparing to unpack .../541-node-readdirp_3.6.0-1_all.deb ...
#5 49.26 Unpacking node-readdirp (3.6.0-1) ...
#5 49.27 Selecting previously unselected package node-chokidar.
#5 49.28 Preparing to unpack .../542-node-chokidar_3.5.3-2_all.deb ...
#5 49.28 Unpacking node-chokidar (3.5.3-2) ...
#5 49.30 Selecting previously unselected package node-tslib.
#5 49.30 Preparing to unpack .../543-node-tslib_2.4.1-1_all.deb ...
#5 49.30 Unpacking node-tslib (2.4.1-1) ...
#5 49.32 Selecting previously unselected package node-chrome-trace-event.
#5 49.33 Preparing to unpack .../544-node-chrome-trace-event_1.0.3-2_all.deb ...
#5 49.33 Unpacking node-chrome-trace-event (1.0.3-2) ...
#5 49.35 Selecting previously unselected package node-ci-info.
#5 49.35 Preparing to unpack .../545-node-ci-info_3.6.1+~cs1.1.0-1_all.deb ...
#5 49.35 Unpacking node-ci-info (3.6.1+~cs1.1.0-1) ...
#5 49.37 Selecting previously unselected package node-cli-boxes.
#5 49.38 Preparing to unpack .../546-node-cli-boxes_2.2.1-2_all.deb ...
#5 49.38 Unpacking node-cli-boxes (2.2.1-2) ...
#5 49.39 Selecting previously unselected package node-restore-cursor.
#5 49.39 Preparing to unpack .../547-node-restore-cursor_4.0.0-2_all.deb ...
#5 49.40 Unpacking node-restore-cursor (4.0.0-2) ...
#5 49.41 Selecting previously unselected package node-cli-cursor.
#5 49.42 Preparing to unpack .../548-node-cli-cursor_4.0.0-3_all.deb ...
#5 49.42 Unpacking node-cli-cursor (4.0.0-3) ...
#5 49.44 Selecting previously unselected package node-colors.
#5 49.45 Preparing to unpack .../549-node-colors_1.4.0-4_all.deb ...
#5 49.45 Unpacking node-colors (1.4.0-4) ...
#5 49.47 Selecting previously unselected package node-cli-table.
#5 49.47 Preparing to unpack .../550-node-cli-table_0.3.11+~cs0.13.4-3_all.deb ...
#5 49.47 Unpacking node-cli-table (0.3.11+~cs0.13.4-3) ...
#5 49.49 Selecting previously unselected package node-cli-truncate.
#5 49.50 Preparing to unpack .../551-node-cli-truncate_2.1.0-5_all.deb ...
#5 49.50 Unpacking node-cli-truncate (2.1.0-5) ...
#5 49.52 Selecting previously unselected package node-columnify.
#5 49.52 Preparing to unpack .../552-node-columnify_1.6.0+~1.5.1-1_all.deb ...
#5 49.52 Unpacking node-columnify (1.6.0+~1.5.1-1) ...
#5 49.54 Selecting previously unselected package node-console-control-strings.
#5 49.55 Preparing to unpack .../553-node-console-control-strings_1.1.0-3_all.deb ...
#5 49.55 Unpacking node-console-control-strings (1.1.0-3) ...
#5 49.57 Selecting previously unselected package node-growl.
#5 49.58 Preparing to unpack .../554-node-growl_1.10.5-4_all.deb ...
#5 49.58 Unpacking node-growl (1.10.5-4) ...
#5 49.60 Selecting previously unselected package node-lcov-parse.
#5 49.60 Preparing to unpack .../555-node-lcov-parse_1.0.0+20170612git80d039574ed9-6_all.deb ...
#5 49.60 Unpacking node-lcov-parse (1.0.0+20170612git80d039574ed9-6) ...
#5 49.62 Selecting previously unselected package node-log-driver.
#5 49.62 Preparing to unpack .../556-node-log-driver_1.2.7+git+20180219+bba1761737-7_all.deb ...
#5 49.62 Unpacking node-log-driver (1.2.7+git+20180219+bba1761737-7) ...
#5 49.64 Selecting previously unselected package node-data-uri-to-buffer.
#5 49.65 Preparing to unpack .../557-node-data-uri-to-buffer_4.0.0-3_all.deb ...
#5 49.65 Unpacking node-data-uri-to-buffer (4.0.0-3) ...
#5 49.66 Selecting previously unselected package node-fetch.
#5 49.67 Preparing to unpack .../558-node-fetch_3.3.0+~cs11.4.11-2_all.deb ...
#5 49.67 Unpacking node-fetch (3.3.0+~cs11.4.11-2) ...
#5 49.71 Selecting previously unselected package node-coveralls.
#5 49.72 Preparing to unpack .../559-node-coveralls_3.1.1-2_all.deb ...
#5 49.72 Unpacking node-coveralls (3.1.1-2) ...
#5 49.74 Selecting previously unselected package node-css-selector-tokenizer.
#5 49.75 Preparing to unpack .../560-node-css-selector-tokenizer_0.8.0+~cs4.8.3-1_all.deb ...
#5 49.75 Unpacking node-css-selector-tokenizer (0.8.0+~cs4.8.3-1) ...
#5 49.77 Selecting previously unselected package node-postcss.
#5 49.78 Preparing to unpack .../561-node-postcss_8.4.20+~cs8.0.23-1+deb12u1_all.deb ...
#5 49.78 Unpacking node-postcss (8.4.20+~cs8.0.23-1+deb12u1) ...
#5 49.81 Selecting previously unselected package node-icss-utils.
#5 49.81 Preparing to unpack .../562-node-icss-utils_5.1.0+~5.1.0-1_all.deb ...
#5 49.81 Unpacking node-icss-utils (5.1.0+~5.1.0-1) ...
#5 49.83 Selecting previously unselected package node-postcss-modules-extract-imports.
#5 49.84 Preparing to unpack .../563-node-postcss-modules-extract-imports_3.0.0-2_all.deb ...
#5 49.84 Unpacking node-postcss-modules-extract-imports (3.0.0-2) ...
#5 49.85 Selecting previously unselected package node-postcss-modules-values.
#5 49.86 Preparing to unpack .../564-node-postcss-modules-values_4.0.0+~4.0.0-1_all.deb ...
#5 49.86 Unpacking node-postcss-modules-values (4.0.0+~4.0.0-1) ...
#5 49.88 Selecting previously unselected package node-postcss-value-parser.
#5 49.88 Preparing to unpack .../565-node-postcss-value-parser_4.2.0-1_all.deb ...
#5 49.88 Unpacking node-postcss-value-parser (4.2.0-1) ...
#5 49.90 Selecting previously unselected package node-prr.
#5 49.90 Preparing to unpack .../566-node-prr_1.0.1-3_all.deb ...
#5 49.90 Unpacking node-prr (1.0.1-3) ...
#5 49.92 Selecting previously unselected package node-errno.
#5 49.93 Preparing to unpack .../567-node-errno_1.0.0-3_all.deb ...
#5 49.93 Unpacking node-errno (1.0.0-3) ...
#5 49.95 Selecting previously unselected package node-memory-fs.
#5 49.95 Preparing to unpack .../568-node-memory-fs_0.5.0+~0.3.3-2_all.deb ...
#5 49.95 Unpacking node-memory-fs (0.5.0+~0.3.3-2) ...
#5 49.97 Selecting previously unselected package node-tapable.
#5 49.97 Preparing to unpack .../569-node-tapable_2.2.1-2_all.deb ...
#5 49.98 Unpacking node-tapable (2.2.1-2) ...
#5 49.99 Selecting previously unselected package node-enhanced-resolve.
#5 50.00 Preparing to unpack .../570-node-enhanced-resolve_5.10.0-1_all.deb ...
#5 50.00 Unpacking node-enhanced-resolve (5.10.0-1) ...
#5 50.02 Selecting previously unselected package node-es-module-lexer.
#5 50.02 Preparing to unpack .../571-node-es-module-lexer_1.1.0+dfsg-2+deb12u1_all.deb ...
#5 50.02 Unpacking node-es-module-lexer (1.1.0+dfsg-2+deb12u1) ...
#5 50.04 Selecting previously unselected package node-events.
#5 50.05 Preparing to unpack .../572-node-events_3.3.0+~3.0.0-3_all.deb ...
#5 50.05 Unpacking node-events (3.3.0+~3.0.0-3) ...
#5 50.07 Selecting previously unselected package node-resolve-cwd.
#5 50.08 Preparing to unpack .../573-node-resolve-cwd_3.0.0-2_all.deb ...
#5 50.08 Unpacking node-resolve-cwd (3.0.0-2) ...
#5 50.09 Selecting previously unselected package node-jest-debbundle.
#5 50.10 Preparing to unpack .../574-node-jest-debbundle_29.3.1~ds1+~cs70.48.25-2_all.deb ...
#5 50.10 Unpacking node-jest-debbundle (29.3.1~ds1+~cs70.48.25-2) ...
#5 50.14 Selecting previously unselected package node-interpret.
#5 50.16 Preparing to unpack .../575-node-interpret_2.2.0-3_all.deb ...
#5 50.16 Unpacking node-interpret (2.2.0-3) ...
#5 50.17 Selecting previously unselected package node-merge-stream.
#5 50.18 Preparing to unpack .../576-node-merge-stream_2.0.0+~1.1.2-2_all.deb ...
#5 50.18 Unpacking node-merge-stream (2.0.0+~1.1.2-2) ...
#5 50.19 Selecting previously unselected package node-jest-worker.
#5 50.20 Preparing to unpack .../577-node-jest-worker_29.3.1~ds1+~cs70.48.25-2_all.deb ...
#5 50.20 Unpacking node-jest-worker (29.3.1~ds1+~cs70.48.25-2) ...
#5 50.23 Selecting previously unselected package node-loader-runner.
#5 50.23 Preparing to unpack .../578-node-loader-runner_4.3.0-1_all.deb ...
#5 50.23 Unpacking node-loader-runner (4.3.0-1) ...
#5 50.25 Selecting previously unselected package node-mime.
#5 50.26 Preparing to unpack .../579-node-mime_3.0.0+dfsg+~cs3.97.1-1_all.deb ...
#5 50.27 Unpacking node-mime (3.0.0+dfsg+~cs3.97.1-1) ...
#5 50.28 Selecting previously unselected package node-mime-types.
#5 50.29 Preparing to unpack .../580-node-mime-types_2.1.35-1_all.deb ...
#5 50.29 Unpacking node-mime-types (2.1.35-1) ...
#5 50.31 Selecting previously unselected package node-rechoir.
#5 50.31 Preparing to unpack .../581-node-rechoir_0.8.0+~0.6.1-2_all.deb ...
#5 50.31 Unpacking node-rechoir (0.8.0+~0.6.1-2) ...
#5 50.33 Selecting previously unselected package node-schema-utils.
#5 50.34 Preparing to unpack .../582-node-schema-utils_3.1.1~ds-2_all.deb ...
#5 50.34 Unpacking node-schema-utils (3.1.1~ds-2) ...
#5 50.35 Selecting previously unselected package node-randombytes.
#5 50.36 Preparing to unpack .../583-node-randombytes_2.1.0+~2.0.0-2_all.deb ...
#5 50.36 Unpacking node-randombytes (2.1.0+~2.0.0-2) ...
#5 50.38 Selecting previously unselected package node-serialize-javascript.
#5 50.38 Preparing to unpack .../584-node-serialize-javascript_6.0.0-2+deb12u1_all.deb ...
#5 50.38 Unpacking node-serialize-javascript (6.0.0-2+deb12u1) ...
#5 50.39 Selecting previously unselected package node-watchpack.
#5 50.40 Preparing to unpack .../585-node-watchpack_2.4.0+~cs2.8.1-1_all.deb ...
#5 50.40 Unpacking node-watchpack (2.4.0+~cs2.8.1-1) ...
#5 50.42 Selecting previously unselected package node-webassemblyjs.
#5 50.43 Preparing to unpack .../586-node-webassemblyjs_1.11.4+dfsg+~cs10.11.17-2_all.deb ...
#5 50.43 Unpacking node-webassemblyjs (1.11.4+dfsg+~cs10.11.17-2) ...
#5 50.49 Selecting previously unselected package node-source-list-map.
#5 50.50 Preparing to unpack .../587-node-source-list-map_2.0.1+dfsg-2_all.deb ...
#5 50.50 Unpacking node-source-list-map (2.0.1+dfsg-2) ...
#5 50.51 Selecting previously unselected package node-webpack-sources.
#5 50.53 Preparing to unpack .../588-node-webpack-sources_3.2.3+~3.2.0-2_all.deb ...
#5 50.53 Unpacking node-webpack-sources (3.2.3+~3.2.0-2) ...
#5 50.55 Selecting previously unselected package node-terser.
#5 50.56 Preparing to unpack .../589-node-terser_5.16.5-2_all.deb ...
#5 50.56 Unpacking node-terser (5.16.5-2) ...
#5 50.59 Selecting previously unselected package terser.
#5 50.60 Preparing to unpack .../590-terser_5.16.5-2_all.deb ...
#5 50.60 Unpacking terser (5.16.5-2) ...
#5 50.62 Selecting previously unselected package webpack.
#5 50.63 Preparing to unpack .../591-webpack_5.75.0+dfsg+~cs17.16.14-1+deb12u1_all.deb ...
#5 50.63 Unpacking webpack (5.75.0+dfsg+~cs17.16.14-1+deb12u1) ...
#5 50.72 Selecting previously unselected package node-css-loader.
#5 50.73 Preparing to unpack .../592-node-css-loader_6.7.2+~cs14.0.11-1_all.deb ...
#5 50.73 Unpacking node-css-loader (6.7.2+~cs14.0.11-1) ...
#5 50.76 Selecting previously unselected package node-mimic-response.
#5 50.77 Preparing to unpack .../593-node-mimic-response_3.1.0-8_all.deb ...
#5 50.77 Unpacking node-mimic-response (3.1.0-8) ...
#5 50.78 Selecting previously unselected package node-decompress-response.
#5 50.79 Preparing to unpack .../594-node-decompress-response_6.0.0-2_all.deb ...
#5 50.79 Unpacking node-decompress-response (6.0.0-2) ...
#5 50.80 Selecting previously unselected package node-depd.
#5 50.81 Preparing to unpack .../595-node-depd_2.0.0-2_all.deb ...
#5 50.81 Unpacking node-depd (2.0.0-2) ...
#5 50.83 Selecting previously unselected package node-diff.
#5 50.84 Preparing to unpack .../596-node-diff_5.0.0~dfsg+~5.0.1-4_all.deb ...
#5 50.84 Unpacking node-diff (5.0.0~dfsg+~5.0.1-4) ...
#5 50.86 Selecting previously unselected package node-end-of-stream.
#5 50.87 Preparing to unpack .../597-node-end-of-stream_1.4.4+~1.4.1-1_all.deb ...
#5 50.87 Unpacking node-end-of-stream (1.4.4+~1.4.1-1) ...
#5 50.89 Selecting previously unselected package node-err-code.
#5 50.89 Preparing to unpack .../598-node-err-code_2.0.3+dfsg-3_all.deb ...
#5 50.90 Unpacking node-err-code (2.0.3+dfsg-3) ...
#5 50.91 Selecting previously unselected package node-time-stamp.
#5 50.92 Preparing to unpack .../599-node-time-stamp_2.2.0-2_all.deb ...
#5 50.92 Unpacking node-time-stamp (2.2.0-2) ...
#5 50.94 Selecting previously unselected package node-fancy-log.
#5 50.95 Preparing to unpack .../600-node-fancy-log_1.3.3+~cs1.3.1-2_all.deb ...
#5 50.95 Unpacking node-fancy-log (1.3.3+~cs1.3.1-2) ...
#5 50.97 Selecting previously unselected package node-has-unicode.
#5 50.97 Preparing to unpack .../601-node-has-unicode_2.0.1-5_all.deb ...
#5 50.98 Unpacking node-has-unicode (2.0.1-5) ...
#5 50.99 Selecting previously unselected package node-wide-align.
#5 51.00 Preparing to unpack .../602-node-wide-align_1.1.3-4_all.deb ...
#5 51.00 Unpacking node-wide-align (1.1.3-4) ...
#5 51.02 Selecting previously unselected package node-gauge.
#5 51.03 Preparing to unpack .../603-node-gauge_4.0.4-1_all.deb ...
#5 51.03 Unpacking node-gauge (4.0.4-1) ...
#5 51.05 Selecting previously unselected package node-pump.
#5 51.05 Preparing to unpack .../604-node-pump_3.0.0-5_all.deb ...
#5 51.05 Unpacking node-pump (3.0.0-5) ...
#5 51.07 Selecting previously unselected package node-get-stream.
#5 51.08 Preparing to unpack .../605-node-get-stream_6.0.1-1_all.deb ...
#5 51.08 Unpacking node-get-stream (6.0.1-1) ...
#5 51.09 Selecting previously unselected package node-lowercase-keys.
#5 51.10 Preparing to unpack .../606-node-lowercase-keys_2.0.0-2_all.deb ...
#5 51.10 Unpacking node-lowercase-keys (2.0.0-2) ...
#5 51.11 Selecting previously unselected package node-json-buffer.
#5 51.11 Preparing to unpack .../607-node-json-buffer_3.0.1+~3.0.0-1_all.deb ...
#5 51.12 Unpacking node-json-buffer (3.0.1+~3.0.0-1) ...
#5 51.13 Selecting previously unselected package node-p-cancelable.
#5 51.14 Preparing to unpack .../608-node-p-cancelable_2.1.1-1_all.deb ...
#5 51.14 Unpacking node-p-cancelable (2.1.1-1) ...
#5 51.15 Selecting previously unselected package node-got.
#5 51.16 Preparing to unpack .../609-node-got_11.8.5+~cs58.13.36-3_all.deb ...
#5 51.16 Unpacking node-got (11.8.5+~cs58.13.36-3) ...
#5 51.19 Selecting previously unselected package node-https-proxy-agent.
#5 51.19 Preparing to unpack .../610-node-https-proxy-agent_5.0.1+~cs8.0.0-3_all.deb ...
#5 51.19 Unpacking node-https-proxy-agent (5.0.1+~cs8.0.0-3) ...
#5 51.21 Selecting previously unselected package node-set-blocking.
#5 51.22 Preparing to unpack .../611-node-set-blocking_2.0.0-2_all.deb ...
#5 51.22 Unpacking node-set-blocking (2.0.0-2) ...
#5 51.23 Selecting previously unselected package node-npmlog.
#5 51.25 Preparing to unpack .../612-node-npmlog_7.0.1+~4.1.4-1_all.deb ...
#5 51.25 Unpacking node-npmlog (7.0.1+~4.1.4-1) ...
#5 51.26 Selecting previously unselected package node-osenv.
#5 51.27 Preparing to unpack .../613-node-osenv_0.1.5+~0.1.1-1_all.deb ...
#5 51.27 Unpacking node-osenv (0.1.5+~0.1.1-1) ...
#5 51.29 Selecting previously unselected package node-tar.
#5 51.29 Preparing to unpack .../614-node-tar_6.1.13+~cs7.0.5-1+deb12u1_all.deb ...
#5 51.30 Unpacking node-tar (6.1.13+~cs7.0.5-1+deb12u1) ...
#5 51.32 Selecting previously unselected package node-gyp.
#5 51.32 Preparing to unpack .../615-node-gyp_9.3.0-2_all.deb ...
#5 51.32 Unpacking node-gyp (9.3.0-2) ...
#5 51.34 Selecting previously unselected package node-ieee754.
#5 51.35 Preparing to unpack .../616-node-ieee754_1.2.1-3_all.deb ...
#5 51.35 Unpacking node-ieee754 (1.2.1-3) ...
#5 51.36 Selecting previously unselected package node-ini.
#5 51.37 Preparing to unpack .../617-node-ini_3.0.1-2_all.deb ...
#5 51.37 Unpacking node-ini (3.0.1-2) ...
#5 51.38 Selecting previously unselected package node-ip.
#5 51.39 Preparing to unpack .../618-node-ip_2.0.0+~1.1.0-1_all.deb ...
#5 51.39 Unpacking node-ip (2.0.0+~1.1.0-1) ...
#5 51.40 Selecting previously unselected package node-ip-regex.
#5 51.41 Preparing to unpack .../619-node-ip-regex_4.3.0+~4.1.1-1_all.deb ...
#5 51.41 Unpacking node-ip-regex (4.3.0+~4.1.1-1) ...
#5 51.43 Selecting previously unselected package node-mute-stream.
#5 51.43 Preparing to unpack .../620-node-mute-stream_0.0.8+~0.0.1-3_all.deb ...
#5 51.44 Unpacking node-mute-stream (0.0.8+~0.0.1-3) ...
#5 51.45 Selecting previously unselected package node-negotiator.
#5 51.46 Preparing to unpack .../621-node-negotiator_0.6.3+~0.6.1-1_all.deb ...
#5 51.46 Unpacking node-negotiator (0.6.3+~0.6.1-1) ...
#5 51.48 Selecting previously unselected package node-read-package-json.
#5 51.49 Preparing to unpack .../622-node-read-package-json_5.0.2+~2.0.0-1_all.deb ...
#5 51.49 Unpacking node-read-package-json (5.0.2+~2.0.0-1) ...
#5 51.50 Selecting previously unselected package node-npm-bundled.
#5 51.51 Preparing to unpack .../623-node-npm-bundled_2.0.1-2_all.deb ...
#5 51.51 Unpacking node-npm-bundled (2.0.1-2) ...
#5 51.52 Selecting previously unselected package node-validate-npm-package-name.
#5 51.53 Preparing to unpack .../624-node-validate-npm-package-name_5.0.0+~4.0.0-1_all.deb ...
#5 51.53 Unpacking node-validate-npm-package-name (5.0.0+~4.0.0-1) ...
#5 51.55 Selecting previously unselected package node-npm-package-arg.
#5 51.56 Preparing to unpack .../625-node-npm-package-arg_10.0.0+~3.0.0-2_all.deb ...
#5 51.56 Unpacking node-npm-package-arg (10.0.0+~3.0.0-2) ...
#5 51.58 Selecting previously unselected package xdg-utils.
#5 51.59 Preparing to unpack .../626-xdg-utils_1.1.3-4.1_all.deb ...
#5 51.59 Unpacking xdg-utils (1.1.3-4.1) ...
#5 51.61 Selecting previously unselected package node-opener.
#5 51.61 Preparing to unpack .../627-node-opener_1.5.2+~1.4.0-1_all.deb ...
#5 51.61 Unpacking node-opener (1.5.2+~1.4.0-1) ...
#5 51.63 Selecting previously unselected package node-retry.
#5 51.64 Preparing to unpack .../628-node-retry_0.13.1+~0.12.1-1_all.deb ...
#5 51.64 Unpacking node-retry (0.13.1+~0.12.1-1) ...
#5 51.65 Selecting previously unselected package node-promise-retry.
#5 51.66 Preparing to unpack .../629-node-promise-retry_2.0.1-4_all.deb ...
#5 51.66 Unpacking node-promise-retry (2.0.1-4) ...
#5 51.68 Selecting previously unselected package node-read.
#5 51.69 Preparing to unpack .../630-node-read_1.0.7-5_all.deb ...
#5 51.69 Unpacking node-read (1.0.7-5) ...
#5 51.70 Selecting previously unselected package node-promzard.
#5 51.71 Preparing to unpack .../631-node-promzard_0.3.0-2_all.deb ...
#5 51.71 Unpacking node-promzard (0.3.0-2) ...
#5 51.72 Selecting previously unselected package node-shell-quote.
#5 51.73 Preparing to unpack .../632-node-shell-quote_1.7.4+~1.7.1-1+deb12u1_all.deb ...
#5 51.73 Unpacking node-shell-quote (1.7.4+~1.7.1-1+deb12u1) ...
#5 51.75 Selecting previously unselected package node-stack-utils.
#5 51.76 Preparing to unpack .../633-node-stack-utils_2.0.6+~2.0.1-1_all.deb ...
#5 51.76 Unpacking node-stack-utils (2.0.6+~2.0.1-1) ...
#5 51.78 Selecting previously unselected package node-yaml.
#5 51.79 Preparing to unpack .../634-node-yaml_2.1.3-2_all.deb ...
#5 51.79 Unpacking node-yaml (2.1.3-2) ...
#5 51.83 Selecting previously unselected package node-tap-parser.
#5 51.83 Preparing to unpack .../635-node-tap-parser_11.0.2+~cs2.1.4-1_all.deb ...
#5 51.83 Unpacking node-tap-parser (11.0.2+~cs2.1.4-1) ...
#5 51.86 Selecting previously unselected package node-tap-mocha-reporter.
#5 51.86 Preparing to unpack .../636-node-tap-mocha-reporter_5.0.3+~2.0.2-2_all.deb ...
#5 51.87 Unpacking node-tap-mocha-reporter (5.0.3+~2.0.2-2) ...
#5 51.89 Selecting previously unselected package node-widest-line.
#5 51.89 Preparing to unpack .../637-node-widest-line_3.1.0-2_all.deb ...
#5 51.89 Unpacking node-widest-line (3.1.0-2) ...
#5 51.91 Selecting previously unselected package node-ws.
#5 51.91 Preparing to unpack .../638-node-ws_8.11.0+~cs13.7.3-1_all.deb ...
#5 51.92 Unpacking node-ws (8.11.0+~cs13.7.3-1) ...
#5 51.93 Selecting previously unselected package node-tap.
#5 51.94 Preparing to unpack .../639-node-tap_16.3.2+ds1+~cs50.8.16-1+deb12u1_all.deb ...
#5 51.94 Unpacking node-tap (16.3.2+ds1+~cs50.8.16-1+deb12u1) ...
#5 51.97 Selecting previously unselected package node-text-table.
#5 51.97 Preparing to unpack .../640-node-text-table_0.2.0-4_all.deb ...
#5 51.98 Unpacking node-text-table (0.2.0-4) ...
#5 51.99 Selecting previously unselected package nodejs-doc.
#5 52.00 Preparing to unpack .../641-nodejs-doc_18.20.4+dfsg-1~deb12u2_all.deb ...
#5 52.00 Unpacking nodejs-doc (18.20.4+dfsg-1~deb12u2) ...
#5 52.19 Selecting previously unselected package npm.
#5 52.19 Preparing to unpack .../642-npm_9.2.0~ds1-1_all.deb ...
#5 52.20 Unpacking npm (9.2.0~ds1-1) ...
#5 52.30 Selecting previously unselected package publicsuffix.
#5 52.31 Preparing to unpack .../643-publicsuffix_20230209.2326-1_all.deb ...
#5 52.31 Unpacking publicsuffix (20230209.2326-1) ...
#5 52.33 Selecting previously unselected package python3.11-dev.
#5 52.34 Preparing to unpack .../644-python3.11-dev_3.11.2-6+deb12u8_amd64.deb ...
#5 52.34 Unpacking python3.11-dev (3.11.2-6+deb12u8) ...
#5 52.37 Selecting previously unselected package python3-lib2to3.
#5 52.38 Preparing to unpack .../645-python3-lib2to3_3.11.2-3_all.deb ...
#5 52.38 Unpacking python3-lib2to3 (3.11.2-3) ...
#5 52.40 Selecting previously unselected package python3-distutils.
#5 52.41 Preparing to unpack .../646-python3-distutils_3.11.2-3_all.deb ...
#5 52.41 Unpacking python3-distutils (3.11.2-3) ...
#5 52.43 Selecting previously unselected package python3-dev.
#5 52.44 Preparing to unpack .../647-python3-dev_3.11.2-1+b1_amd64.deb ...
#5 52.45 Unpacking python3-dev (3.11.2-1+b1) ...
#5 52.46 Selecting previously unselected package python3-setuptools.
#5 52.47 Preparing to unpack .../648-python3-setuptools_66.1.1-1+deb12u2_all.deb ...
#5 52.47 Unpacking python3-setuptools (66.1.1-1+deb12u2) ...
#5 52.53 Selecting previously unselected package python3-wheel.
#5 52.54 Preparing to unpack .../649-python3-wheel_0.38.4-2_all.deb ...
#5 52.54 Unpacking python3-wheel (0.38.4-2) ...
#5 52.56 Selecting previously unselected package python3-pip.
#5 52.57 Preparing to unpack .../650-python3-pip_23.0.1+dfsg-1_all.deb ...
#5 52.57 Unpacking python3-pip (23.0.1+dfsg-1) ...
#5 52.69 Selecting previously unselected package vim-runtime.
#5 52.70 Preparing to unpack .../651-vim-runtime_2%3a9.0.1378-2+deb12u2_all.deb ...
#5 52.71 Adding 'diversion of /usr/share/vim/vim90/doc/help.txt to /usr/share/vim/vim90/doc/help.txt.vim-tiny by vim-runtime'
#5 52.72 Adding 'diversion of /usr/share/vim/vim90/doc/tags to /usr/share/vim/vim90/doc/tags.vim-tiny by vim-runtime'
#5 52.72 Unpacking vim-runtime (2:9.0.1378-2+deb12u2) ...
#5 53.10 Selecting previously unselected package vim.
#5 53.12 Preparing to unpack .../652-vim_2%3a9.0.1378-2+deb12u2_amd64.deb ...
#5 53.12 Unpacking vim (2:9.0.1378-2+deb12u2) ...
#5 53.24 Selecting previously unselected package x11-utils.
#5 53.25 Preparing to unpack .../653-x11-utils_7.7+5_amd64.deb ...
#5 53.25 Unpacking x11-utils (7.7+5) ...
#5 53.28 Selecting previously unselected package x11-xserver-utils.
#5 53.29 Preparing to unpack .../654-x11-xserver-utils_7.7+9+b1_amd64.deb ...
#5 53.29 Unpacking x11-xserver-utils (7.7+9+b1) ...
#5 53.32 Selecting previously unselected package xauth.
#5 53.33 Preparing to unpack .../655-xauth_1%3a1.1.2-1_amd64.deb ...
#5 53.33 Unpacking xauth (1:1.1.2-1) ...
#5 53.35 Selecting previously unselected package xdg-user-dirs.
#5 53.35 Preparing to unpack .../656-xdg-user-dirs_0.18-1_amd64.deb ...
#5 53.36 Unpacking xdg-user-dirs (0.18-1) ...
#5 53.38 Selecting previously unselected package xxd.
#5 53.39 Preparing to unpack .../657-xxd_2%3a9.0.1378-2+deb12u2_amd64.deb ...
#5 53.39 Unpacking xxd (2:9.0.1378-2+deb12u2) ...
#5 53.41 Selecting previously unselected package libegl1:amd64.
#5 53.42 Preparing to unpack .../658-libegl1_1.6.0-1_amd64.deb ...
#5 53.42 Unpacking libegl1:amd64 (1.6.0-1) ...
#5 53.44 Selecting previously unselected package zutty.
#5 53.45 Preparing to unpack .../659-zutty_0.14.0.20230218+dfsg1-1_amd64.deb ...
#5 53.45 Unpacking zutty (0.14.0.20230218+dfsg1-1) ...
#5 53.49 Setting up libksba8:amd64 (1.6.3-2) ...
#5 53.50 Setting up media-types (10.0.0) ...
#5 53.50 Setting up libtext-iconv-perl:amd64 (1.7-8) ...
#5 53.50 Setting up javascript-common (11+nmu1) ...
#5 53.52 Setting up node-colors (1.4.0-4) ...
#5 53.52 Setting up node-fs.realpath (1.0.0-3) ...
#5 53.52 Setting up libwayland-server0:amd64 (1.21.0-1) ...
#5 53.53 Setting up node-ampproject-remapping (2.2.0+~cs5.15.37-1) ...
#5 53.53 Setting up node-diff (5.0.0~dfsg+~5.0.1-4) ...
#5 53.53 Setting up libaom3:amd64 (3.6.0-1+deb12u2) ...
#5 53.54 Setting up libpciaccess0:amd64 (0.17-2) ...
#5 53.54 Setting up libabsl20220623:amd64 (20220623.1-1+deb12u2) ...
#5 53.54 Setting up libxau6:amd64 (1:1.0.9-1) ...
#5 53.55 Setting up libkeyutils1:amd64 (1.6.3-2) ...
#5 53.55 Setting up libapparmor1:amd64 (3.0.8-3) ...
#5 53.55 Setting up libpsl5:amd64 (0.21.2-1) ...
#5 53.56 Setting up node-abbrev (1.1.1+~1.1.2-1) ...
#5 53.56 Setting up node-path-is-inside (1.0.2+~1.0.0-1) ...
#5 53.56 Setting up libjs-sprintf-js (1.1.2+ds1+~1.1.2-1) ...
#5 53.57 Setting up libsodium23:amd64 (1.0.18-1+deb12u1) ...
#5 53.57 Setting up libgpm2:amd64 (1.20.7-10+b1) ...
#5 53.57 Setting up libicu72:amd64 (72.1-3+deb12u1) ...
#5 53.57 Setting up node-pify (5.0.0+~cs5.0.1-1) ...
#5 53.58 Setting up node-p-limit (4.0.0+~cs4.0.0-5) ...
#5 53.58 Setting up node-yallist (4.0.0+~4.0.1-1) ...
#5 53.58 Setting up liblerc4:amd64 (4.0.0+ds-2) ...
#5 53.59 Setting up libjs-inherits (2.0.4-6) ...
#5 53.59 Setting up node-p-cancelable (2.1.1-1) ...
#5 53.59 Setting up node-is-windows (1.0.2+~cs1.0.0-1) ...
#5 53.59 Setting up node-ansi-regex (5.0.1-1) ...
#5 53.60 Setting up wget (1.21.3-1+deb12u1) ...
#5 53.60 Setting up node-yaml (2.1.3-2) ...
#5 53.60 Setting up node-loader-runner (4.3.0-1) ...
#5 53.61 Setting up node-object-inspect (1.12.2+~cs1.8.1-1) ...
#5 53.61 Setting up node-slash (4.0.0-3) ...
#5 53.61 Setting up xdg-user-dirs (0.18-1) ...
#5 53.62 Setting up node-util-deprecate (1.0.2-3) ...
#5 53.63 Setting up node-ieee754 (1.2.1-3) ...
#5 53.63 Setting up node-fs-readdir-recursive (1.1.0+~1.1.0-1) ...
#5 53.63 Setting up node-v8flags (3.2.0+~3.1.1-1) ...
#5 53.64 Setting up node-retry (0.13.1+~0.12.1-1) ...
#5 53.64 Setting up node-get-caller-file (2.0.5+~cs1.1.1-4) ...
#5 53.64 Setting up node-arrify (2.0.1-3) ...
#5 53.65 Setting up node-eslint-visitor-keys (3.3.0+~1.0.0-1) ...
#5 53.65 Setting up libglib2.0-0:amd64 (2.74.6-2+deb12u9) ...
#5 53.65 No schema files found: doing nothing.
#5 53.66 Setting up node-caniuse-lite (1.0.30001436+dfsg+~1.0.1-1) ...
#5 53.66 Setting up manpages (6.03-2) ...
#5 53.67 Setting up node-isobject (4.0.0-2) ...
#5 53.67 Setting up libglvnd0:amd64 (1.6.0-1) ...
#5 53.67 Setting up node-get-value (1:3.0.1-4) ...
#5 53.68 Setting up node-delegates (1.0.0-3) ...
#5 53.68 Setting up libtirpc-common (1.3.3+ds-1) ...
#5 53.68 Setting up node-depd (2.0.0-2) ...
#5 53.69 Setting up node-isexe (2.0.0+~2.0.1-5) ...
#5 53.69 Setting up libcbor0.8:amd64 (0.8.0-2+b1) ...
#5 53.69 Setting up libbrotli1:amd64 (1.0.9-2+b6) ...
#5 53.70 Setting up node-jsonparse (1.3.1-10) ...
#5 53.70 Setting up libsqlite3-0:amd64 (3.40.1-2+deb12u2) ...
#5 53.70 Setting up node-core-js-pure (3.26.1-3) ...
#5 53.70 Setting up node-es-module-lexer (1.1.0+dfsg-2+deb12u1) ...
#5 53.70 Setting up libsasl2-modules:amd64 (2.1.28+dfsg-10) ...
#5 53.71 Setting up node-path-exists (5.0.0-8) ...
#5 53.72 Setting up libgdk-pixbuf2.0-common (2.42.10+dfsg-1+deb12u4) ...
#5 53.72 Setting up node-unicode-match-property-value-ecmascript (2.1.0+ds-1) ...
#5 53.73 Setting up node-escape-string-regexp (4.0.0-2) ...
#5 53.73 Setting up node-through (2.3.8+~cs0.0.30-1) ...
#5 53.74 Setting up binutils-common:amd64 (2.40-2) ...
#5 53.74 Setting up libjs-source-map (0.7.0++dfsg2+really.0.6.1-15) ...
#5 53.75 Setting up x11-common (1:7.7+23) ...
#5 53.83 invoke-rc.d: could not determine current runlevel
#5 53.83 invoke-rc.d: policy-rc.d denied execution of restart.
#5 53.83 Setting up node-p-locate (6.0.0-12) ...
#5 53.84 Setting up libsensors-config (1:3.6.0-7.1) ...
#5 53.84 Setting up node-negotiator (0.6.3+~0.6.1-1) ...
#5 53.85 Setting up node-tslib (2.4.1-1) ...
#5 53.85 Setting up libnghttp2-14:amd64 (1.52.0-1+deb12u3) ...
#5 53.85 Setting up node-strip-bom (4.0.0-2) ...
#5 53.86 Setting up libdeflate0:amd64 (1.14-1) ...
#5 53.87 Setting up less (590-2.1~deb12u2) ...
#5 53.87 Setting up perl-openssl-defaults:amd64 (7+b1) ...
#5 53.88 Setting up node-stack-utils (2.0.6+~2.0.1-1) ...
#5 53.88 Setting up linux-libc-dev:amd64 (6.1.180-1) ...
#5 53.88 Setting up libctf-nobfd0:amd64 (2.40-2) ...
#5 53.89 Setting up node-ci-info (3.6.1+~cs1.1.0-1) ...
#5 53.89 Setting up node-color-name (1.1.4+~1.1.1-2) ...
#5 53.89 Setting up node-chrome-trace-event (1.0.3-2) ...
#5 53.89 Setting up node-json-buffer (3.0.1+~3.0.0-1) ...
#5 53.90 Setting up node-electron-to-chromium (1.4.284-1) ...
#5 53.90 Setting up node-cjs-module-lexer (1.2.2+dfsg-5) ...
#5 53.90 Setting up node-console-control-strings (1.1.0-3) ...
#5 53.90 Setting up libnpth0:amd64 (1.6-3) ...
#5 53.91 Setting up krb5-locales (1.20.1-2+deb12u5) ...
#5 53.91 Setting up node-source-list-map (2.0.1+dfsg-2) ...
#5 53.91 Setting up node-camelcase (7.0.0-3) ...
#5 53.91 Setting up node-resumer (0.0.0-6) ...
#5 53.92 Setting up libc-ares2:amd64 (1.18.1-3) ...
#5 53.92 Setting up node-uuid (8.3.2+~8.3.3-3) ...
#5 53.92 Setting up libsvtav1enc1:amd64 (1.4.1+dfsg-1) ...
#5 53.93 Setting up libassuan0:amd64 (2.5.5-5) ...
#5 53.93 Setting up node-pascalcase (1.0.0-1) ...
#5 53.93 Setting up libgomp1:amd64 (12.2.0-14+deb12u1) ...
#5 53.93 Setting up bzip2 (1.0.8-5+b1) ...
#5 53.94 Setting up libldap-common (2.5.13+dfsg-5) ...
#5 53.94 Setting up node-auto-bind (4.0.0-2) ...
#5 53.95 Setting up node-terser (5.16.5-2) ...
#5 53.95 Setting up libjbig0:amd64 (2.1-6.1) ...
#5 53.95 Setting up node-path-type (4.0.0-3) ...
#5 53.95 Setting up node-indent-string (4.0.0-2) ...
#5 53.96 Setting up librav1e0:amd64 (0.5.1-6) ...
#5 53.96 Setting up xxd (2:9.0.1378-2+deb12u2) ...
#5 53.96 Setting up node-typedarray (0.0.7-1) ...
#5 53.97 Setting up libfakeroot:amd64 (1.31-1.2) ...
#5 53.97 Setting up libjansson4:amd64 (2.14-2) ...
#5 53.98 Setting up node-function-bind (1.1.1+repacked+~1.0.3-2) ...
#5 53.98 Setting up node-clone (2.1.2-4) ...
#5 53.98 Setting up node-p-map (4.0.0+~3.1.0+~3.0.1-1) ...
#5 53.98 Setting up node-iferr (1.0.2+~1.0.2-1) ...
#5 53.99 Setting up libkrb5support0:amd64 (1.20.1-2+deb12u5) ...
#5 53.99 Setting up node-chownr (2.0.0-2) ...
#5 53.99 Setting up node-has-flag (4.0.0-3) ...
#5 54.00 Setting up node-estraverse (5.3.0+ds+~5.1.1-1) ...
#5 54.00 Setting up libsasl2-modules-db:amd64 (2.1.28+dfsg-10) ...
#5 54.00 Setting up node-regjsgen (0.7.1+ds-1) ...
#5 54.00 Setting up fakeroot (1.31-1.2) ...
#5 54.01 update-alternatives: using /usr/bin/fakeroot-sysv to provide /usr/bin/fakeroot (fakeroot) in auto mode
#5 54.01 update-alternatives: warning: skip creation of /usr/share/man/man1/fakeroot.1.gz because associated file /usr/share/man/man1/fakeroot-sysv.1.gz (of link group fakeroot) doesn't exist
#5 54.01 update-alternatives: warning: skip creation of /usr/share/man/man1/faked.1.gz because associated file /usr/share/man/man1/faked-sysv.1.gz (of link group fakeroot) doesn't exist
#5 54.01 update-alternatives: warning: skip creation of /usr/share/man/es/man1/fakeroot.1.gz because associated file /usr/share/man/es/man1/fakeroot-sysv.1.gz (of link group fakeroot) doesn't exist
#5 54.01 update-alternatives: warning: skip creation of /usr/share/man/es/man1/faked.1.gz because associated file /usr/share/man/es/man1/faked-sysv.1.gz (of link group fakeroot) doesn't exist
#5 54.01 update-alternatives: warning: skip creation of /usr/share/man/fr/man1/fakeroot.1.gz because associated file /usr/share/man/fr/man1/fakeroot-sysv.1.gz (of link group fakeroot) doesn't exist
#5 54.01 update-alternatives: warning: skip creation of /usr/share/man/fr/man1/faked.1.gz because associated file /usr/share/man/fr/man1/faked-sysv.1.gz (of link group fakeroot) doesn't exist
#5 54.01 update-alternatives: warning: skip creation of /usr/share/man/sv/man1/fakeroot.1.gz because associated file /usr/share/man/sv/man1/fakeroot-sysv.1.gz (of link group fakeroot) doesn't exist
#5 54.01 update-alternatives: warning: skip creation of /usr/share/man/sv/man1/faked.1.gz because associated file /usr/share/man/sv/man1/faked-sysv.1.gz (of link group fakeroot) doesn't exist
#5 54.01 Setting up node-lodash-packages (4.17.21+dfsg+~cs8.31.198.20210220-9) ...
#5 54.01 Setting up node-json-schema-traverse (1.0.0-3) ...
#5 54.02 Setting up node-inherits (2.0.4-6) ...
#5 54.02 Setting up node-path-is-absolute (2.0.0-2) ...
#5 54.03 Setting up node-locate-path (7.1.1-2) ...
#5 54.03 Setting up node-ini (3.0.1-2) ...
#5 54.03 Setting up node-postcss-value-parser (4.2.0-1) ...
#5 54.04 Setting up libfontenc1:amd64 (1:1.1.4-1) ...
#5 54.04 Setting up perl-modules-5.36 (5.36.0-7+deb12u3) ...
#5 54.04 Setting up node-is-descriptor (3.0.0-2) ...
#5 54.04 Setting up libz3-4:amd64 (4.8.12-3.1) ...
#5 54.05 Setting up node-safe-buffer (5.2.1+~cs2.1.2-3) ...
#5 54.05 Setting up node-promise-inflight (1.0.1+~1.0.0-1) ...
#5 54.05 Setting up libglib2.0-data (2.74.6-2+deb12u9) ...
#5 54.06 Setting up libuv1:amd64 (1.44.2-1+deb12u1) ...
#5 54.06 Setting up rpcsvc-proto (1.4.3-1) ...
#5 54.06 Setting up vim-common (2:9.0.1378-2+deb12u2) ...
#5 54.07 Setting up libgles2:amd64 (1.6.0-1) ...
#5 54.07 Setting up node-json-parse-better-errors (1.0.2+~cs3.3.1-2) ...
#5 54.08 Setting up libjpeg62-turbo:amd64 (1:2.1.5-2) ...
#5 54.08 Setting up node-unicode-canonical-property-names-ecmascript (2.0.0-2) ...
#5 54.08 Setting up node-sprintf-js (1.1.2+ds1+~1.1.2-1) ...
#5 54.09 Setting up node-flatted (3.2.7~ds-1+deb12u1) ...
#5 54.09 Setting up node-y18n (5.0.8+~5.0.0-3) ...
#5 54.10 Setting up node-fast-deep-equal (3.1.3-3) ...
#5 54.10 Setting up node-shebang-regex (3.0.0-2) ...
#5 54.10 Setting up node-err-code (2.0.3+dfsg-3) ...
#5 54.11 Setting up node-resolve-from (5.0.0+~3.1.0+~3.3.0+~2.0.0-1) ...
#5 54.11 Setting up libx11-data (2:1.8.4-2+deb12u2) ...
#5 54.11 Setting up make (4.3-4.1) ...
#5 54.12 Setting up libmpfr6:amd64 (4.2.0-1) ...
#5 54.12 Setting up gnupg-l10n (2.2.40-1.1+deb12u2) ...
#5 54.12 Setting up librtmp1:amd64 (2.4+20151223.gitfa8646d.1-2+b2) ...
#5 54.12 Setting up node-balanced-match (2.0.0-1) ...
#5 54.13 Setting up node-convert-source-map (1.9.0+~1.5.2-1) ...
#5 54.13 Setting up node-brace-expansion (2.0.1-2) ...
#5 54.14 Setting up node-is-stream (3.0.0-4) ...
#5 54.15 Setting up node-spdx-exceptions (2.3.0-2) ...
#5 54.15 Setting up libdbus-1-3:amd64 (1.14.10-1~deb12u1) ...
#5 54.15 Setting up xz-utils (5.4.1-1+deb12u1) ...
#5 54.16 update-alternatives: using /usr/bin/xz to provide /usr/bin/lzma (lzma) in auto mode
#5 54.16 update-alternatives: warning: skip creation of /usr/share/man/man1/lzma.1.gz because associated file /usr/share/man/man1/xz.1.gz (of link group lzma) doesn't exist
#5 54.16 update-alternatives: warning: skip creation of /usr/share/man/man1/unlzma.1.gz because associated file /usr/share/man/man1/unxz.1.gz (of link group lzma) doesn't exist
#5 54.16 update-alternatives: warning: skip creation of /usr/share/man/man1/lzcat.1.gz because associated file /usr/share/man/man1/xzcat.1.gz (of link group lzma) doesn't exist
#5 54.16 update-alternatives: warning: skip creation of /usr/share/man/man1/lzmore.1.gz because associated file /usr/share/man/man1/xzmore.1.gz (of link group lzma) doesn't exist
#5 54.16 update-alternatives: warning: skip creation of /usr/share/man/man1/lzless.1.gz because associated file /usr/share/man/man1/xzless.1.gz (of link group lzma) doesn't exist
#5 54.16 update-alternatives: warning: skip creation of /usr/share/man/man1/lzdiff.1.gz because associated file /usr/share/man/man1/xzdiff.1.gz (of link group lzma) doesn't exist
#5 54.16 update-alternatives: warning: skip creation of /usr/share/man/man1/lzcmp.1.gz because associated file /usr/share/man/man1/xzcmp.1.gz (of link group lzma) doesn't exist
#5 54.16 update-alternatives: warning: skip creation of /usr/share/man/man1/lzgrep.1.gz because associated file /usr/share/man/man1/xzgrep.1.gz (of link group lzma) doesn't exist
#5 54.16 update-alternatives: warning: skip creation of /usr/share/man/man1/lzegrep.1.gz because associated file /usr/share/man/man1/xzegrep.1.gz (of link group lzma) doesn't exist
#5 54.16 update-alternatives: warning: skip creation of /usr/share/man/man1/lzfgrep.1.gz because associated file /usr/share/man/man1/xzfgrep.1.gz (of link group lzma) doesn't exist
#5 54.16 Setting up libquadmath0:amd64 (12.2.0-14+deb12u1) ...
#5 54.16 Setting up node-js-tokens (8.0.0-2) ...
#5 54.17 Setting up node-core-js (3.26.1-3) ...
#5 54.17 Setting up node-interpret (2.2.0-3) ...
#5 54.18 Setting up node-set-blocking (2.0.0-2) ...
#5 54.18 Setting up node-prr (1.0.1-3) ...
#5 54.18 Setting up libssl-dev:amd64 (3.0.20-1~deb12u2) ...
#5 54.18 Setting up libpng16-16:amd64 (1.6.39-2+deb12u5) ...
#5 54.19 Setting up libmpc3:amd64 (1.3.1-1) ...
#5 54.19 Setting up node-repeat-string (1.6.1+repack-1) ...
#5 54.19 Setting up libatomic1:amd64 (12.2.0-14+deb12u1) ...
#5 54.20 Setting up node-globals (13.18.0-1) ...
#5 54.20 Setting up node-deep-is (0.1.4-1) ...
#5 54.20 Setting up patch (2.7.6-7) ...
#5 54.20 Setting up sudo (1.9.13p3-1+deb12u4) ...
#5 54.23 invoke-rc.d: could not determine current runlevel
#5 54.23 invoke-rc.d: policy-rc.d denied execution of start.
#5 54.23 Setting up fonts-dejavu-core (2.37-6) ...
#5 54.25 Setting up node-signal-exit (3.0.7+~3.0.1-1) ...
#5 54.25 Setting up libgav1-1:amd64 (0.18.0-1+b1) ...
#5 54.25 Setting up node-randombytes (2.1.0+~2.0.0-2) ...
#5 54.26 Setting up libsensors5:amd64 (1:3.6.0-7.1) ...
#5 54.26 Setting up libncursesw6:amd64 (6.4-4) ...
#5 54.26 Setting up libk5crypto3:amd64 (1.20.1-2+deb12u5) ...
#5 54.27 Setting up node-source-map (0.7.0++dfsg2+really.0.6.1-15) ...
#5 54.27 Setting up libdav1d6:amd64 (1.0.0-2+deb12u1) ...
#5 54.27 Setting up node-wrappy (1.0.2-3) ...
#5 54.28 Setting up node-object-visit (1.0.1-5) ...
#5 54.28 Setting up libglapi-mesa:amd64 (22.3.6-1+deb12u2) ...
#5 54.28 Setting up node-text-table (0.2.0-4) ...
#5 54.29 Setting up libsasl2-2:amd64 (2.1.28+dfsg-10) ...
#5 54.29 Setting up node-require-directory (2.1.1+~2.1.2-1) ...
#5 54.29 Setting up node-ip (2.0.0+~1.1.0-1) ...
#5 54.29 Setting up nodejs-doc (18.20.4+dfsg-1~deb12u2) ...
#5 54.30 Setting up node-quick-lru (6.1.1-4) ...
#5 54.30 Setting up node-regenerator-runtime (0.15.1+~0.10.8-1) ...
#5 54.30 Setting up libwebp7:amd64 (1.2.4-0.2+deb12u1) ...
#5 54.30 Setting up libubsan1:amd64 (12.2.0-14+deb12u1) ...
#5 54.31 Setting up node-to-fast-properties (3.0.1-3) ...
#5 54.31 Setting up node-defaults (1.0.4+~1.0.3-1) ...
#5 54.31 Setting up nano (7.2-1+deb12u1) ...
#5 54.32 update-alternatives: using /bin/nano to provide /usr/bin/editor (editor) in auto mode
#5 54.32 update-alternatives: warning: skip creation of /usr/share/man/man1/editor.1.gz because associated file /usr/share/man/man1/nano.1.gz (of link group editor) doesn't exist
#5 54.32 update-alternatives: using /bin/nano to provide /usr/bin/pico (pico) in auto mode
#5 54.32 update-alternatives: warning: skip creation of /usr/share/man/man1/pico.1.gz because associated file /usr/share/man/man1/nano.1.gz (of link group pico) doesn't exist
#5 54.32 Setting up node-mute-stream (0.0.8+~0.0.1-3) ...
#5 54.33 Setting up node-memfs (3.4.12+~cs1.0.3-1) ...
#5 54.33 Setting up node-mimic-response (3.1.0-8) ...
#5 54.34 Setting up node-commander (9.4.1-1) ...
#5 54.34 Setting up libnuma1:amd64 (2.0.16-1) ...
#5 54.34 Setting up libjs-typedarray-to-buffer (4.0.0-2) ...
#5 54.34 Setting up node-graceful-fs (4.2.10-1) ...
#5 54.35 Setting up node-merge-stream (2.0.0+~1.1.2-2) ...
#5 54.35 Setting up node-is-path-cwd (2.2.0-2) ...
#5 54.35 Setting up libxshmfence1:amd64 (1.3-1) ...
#5 54.36 Setting up libcrypt-dev:amd64 (1:4.4.33-2) ...
#5 54.36 Setting up libtiff6:amd64 (4.5.0-6+deb12u4) ...
#5 54.37 Setting up dbus-session-bus-common (1.14.10-1~deb12u1) ...
#5 54.37 Setting up node-jsonify (0.0.1-1) ...
#5 54.37 Setting up libasan8:amd64 (12.2.0-14+deb12u1) ...
#5 54.38 Setting up node-json-stable-stringify (1.0.2+~cs5.2.34-1) ...
#5 54.38 Setting up node-fast-levenshtein (2.0.6+ds-3) ...
#5 54.38 Setting up libjs-regenerate (1.4.2-3) ...
#5 54.39 Setting up node-aproba (2.0.0-3) ...
#5 54.39 Setting up node-unicode-property-aliases-ecmascript (2.1.0+ds-1) ...
#5 54.39 Setting up node-binary-extensions (2.2.0-2) ...
#5 54.40 Setting up node-is-plain-object (5.0.0-7) ...
#5 54.40 Setting up node-eslint-utils (3.0.0-3) ...
#5 54.40 Setting up node-path-dirname (1.0.2-2) ...
#5 54.41 Setting up node-ip-regex (4.3.0+~4.1.1-1) ...
#5 54.41 Setting up git-man (1:2.39.5-0+deb12u3) ...
#5 54.41 Setting up node-spdx-license-ids (3.0.12-1) ...
#5 54.42 Setting up node-string-decoder (1.3.0-6) ...
#5 54.42 Setting up libssh2-1:amd64 (1.10.0-3+b1) ...
#5 54.43 Setting up node-esutils (2.0.3+~2.0.0-1) ...
#5 54.43 Setting up netbase (6.4) ...
#5 54.44 Setting up node-time-stamp (2.2.0-2) ...
#5 54.44 Setting up node-commondir (1.0.1+~1.0.0-1) ...
#5 54.45 Setting up libjs-prettify (2015.12.04+dfsg-1.1) ...
#5 54.46 Setting up libjs-events (3.3.0+~3.0.0-3) ...
#5 54.46 Setting up node-run-queue (2.0.0-3) ...
#5 54.46 Setting up libkrb5-3:amd64 (1.20.1-2+deb12u5) ...
#5 54.47 Setting up node-core-util-is (1.0.3-1) ...
#5 54.47 Setting up node-json-schema (0.4.0+~7.0.11-1) ...
#5 54.47 Setting up node-prelude-ls (1.2.1+dfsg-3) ...
#5 54.47 Setting up node-minimatch (5.1.1+~5.1.2-1) ...
#5 54.48 Setting up node-cli-boxes (2.2.1-2) ...
#5 54.48 Setting up libtsan2:amd64 (12.2.0-14+deb12u1) ...
#5 54.48 Setting up libjs-jquery (3.6.1+dfsg+~3.5.14-1) ...
#5 54.49 Setting up libbinutils:amd64 (2.40-2) ...
#5 54.49 Setting up vim-runtime (2:9.0.1378-2+deb12u2) ...
#5 54.58 Setting up libjs-async (0.8.0-6) ...
#5 54.59 Setting up dbus-system-bus-common (1.14.10-1~deb12u1) ...
#5 54.64 Setting up node-imurmurhash (0.1.4+dfsg+~0.1.1-2) ...
#5 54.64 Setting up node-xtend (4.0.2-3) ...
#5 54.64 Setting up libfido2-1:amd64 (1.12.0-2+b1) ...
#5 54.65 Setting up libisl23:amd64 (0.25-1.1) ...
#5 54.65 Setting up node-set-immediate-shim (2.0.0-2) ...
#5 54.65 Setting up node-foreground-child (2.0.0-5) ...
#5 54.66 Setting up libde265-0:amd64 (1.0.11-1+deb12u2) ...
#5 54.66 Setting up libc-dev-bin (2.36-9+deb12u14) ...
#5 54.66 Setting up node-wordwrap (1.0.0-4) ...
#5 54.67 Setting up node-read (1.0.7-5) ...
#5 54.67 Setting up node-regexpp (3.2.0-4+deb12u1) ...
#5 54.67 Setting up openssl (3.0.20-1~deb12u2) ...
#5 54.68 Setting up libbsd0:amd64 (0.11.7-2) ...
#5 54.68 Setting up node-is-arrayish (0.3.2-3) ...
#5 54.68 Setting up libdrm-common (2.4.114-1) ...
#5 54.69 Setting up libyuv0:amd64 (0.0~git20230123.b2528b0-1) ...
#5 54.69 Setting up libelf1:amd64 (0.188-2.1) ...
#5 54.70 Setting up node-base64-js (1.5.1+dfsg+~1.3.0-2) ...
#5 54.70 Setting up node-map-visit (1.0.0-4) ...
#5 54.70 Setting up node-esquery (1.4.2~ds-1) ...
#5 54.71 Setting up node-npm-run-path (5.1.0+~4.0.0-8) ...
#5 54.71 Setting up readline-common (8.2-1.3) ...
#5 54.72 Setting up publicsuffix (20230209.2326-1) ...
#5 54.72 Setting up libxml2:amd64 (2.9.14+dfsg-1.3~deb12u6) ...
#5 54.72 Setting up node-is-buffer (2.0.5-2) ...
#5 54.73 Setting up xdg-utils (1.1.3-4.1) ...
#5 54.73 update-alternatives: using /usr/bin/xdg-open to provide /usr/bin/open (open) in auto mode
#5 54.73 update-alternatives: warning: skip creation of /usr/share/man/man1/open.1.gz because associated file /usr/share/man/man1/xdg-open.1.gz (of link group open) doesn't exist
#5 54.74 Setting up node-color-convert (2.0.1+~cs2.0.0-2) ...
#5 54.74 Setting up libcc1-0:amd64 (12.2.0-14+deb12u1) ...
#5 54.74 Setting up dbus-bin (1.14.10-1~deb12u1) ...
#5 54.75 Setting up liblocale-gettext-perl (1.07-5) ...
#5 54.75 Setting up node-data-uri-to-buffer (4.0.0-3) ...
#5 54.75 Setting up liblsan0:amd64 (12.2.0-14+deb12u1) ...
#5 54.76 Setting up node-async-each (1.0.3-3) ...
#5 54.76 Setting up libitm1:amd64 (12.2.0-14+deb12u1) ...
#5 54.77 Setting up node-isarray (2.0.5-4) ...
#5 54.77 Setting up node-osenv (0.1.5+~0.1.1-1) ...
#5 54.77 Setting up node-is-plain-obj (3.0.0-2) ...
#5 54.77 Setting up node-is-extglob (2.1.1-5) ...
#5 54.78 Setting up node-tapable (2.2.1-2) ...
#5 54.78 Setting up libgdbm6:amd64 (1.23-3) ...
#5 54.78 Setting up node-shebang-command (2.0.0-1) ...
#5 54.79 Setting up libjs-underscore (1.13.4~dfsg+~1.11.4-3) ...
#5 54.79 Setting up libjs-is-typedarray (1.0.0-4) ...
#5 54.79 Setting up node-lowercase-keys (2.0.0-2) ...
#5 54.80 Setting up node-babel-plugin-add-module-exports (1.0.4+dfsg1~cs5.8.0-4) ...
#5 54.80 Setting up node-decompress-response (6.0.0-2) ...
#5 54.80 Setting up node-process-nextick-args (2.0.1-3) ...
#5 54.80 Setting up node-has-unicode (2.0.1-5) ...
#5 54.81 Setting up node-busboy (1.6.0+~cs2.6.0-2) ...
#5 54.81 Setting up libwayland-client0:amd64 (1.21.0-1) ...
#5 54.82 Setting up libctf0:amd64 (2.40-2) ...
#5 54.82 Setting up pinentry-curses (1.2.1-1) ...
#5 54.82 Setting up libuv1-dev:amd64 (1.44.2-1+deb12u1) ...
#5 54.84 Setting up node-readable-stream (3.6.0+~cs3.0.0-4) ...
#5 54.85 Setting up manpages-dev (6.03-2) ...
#5 54.85 Setting up libice6:amd64 (2:1.0.10-1) ...
#5 54.85 Setting up libxdmcp6:amd64 (1:1.1.2-3) ...
#5 54.86 Setting up node-lru-cache (7.14.1-1) ...
#5 54.86 Setting up node-promise-retry (2.0.1-4) ...
#5 54.86 Setting up cpp-12 (12.2.0-14+deb12u1) ...
#5 54.87 Setting up libxcb1:amd64 (1.15-1) ...
#5 54.87 Setting up node-supports-color (8.1.1+~8.1.1-1) ...
#5 54.87 Setting up vim (2:9.0.1378-2+deb12u2) ...
#5 54.88 update-alternatives: using /usr/bin/vim.basic to provide /usr/bin/ex (ex) in auto mode
#5 54.88 update-alternatives: warning: skip creation of /usr/share/man/man1/ex.1.gz because associated file /usr/share/man/man1/vim.1.gz (of link group ex) doesn't exist
#5 54.88 update-alternatives: warning: skip creation of /usr/share/man/da/man1/ex.1.gz because associated file /usr/share/man/da/man1/vim.1.gz (of link group ex) doesn't exist
#5 54.88 update-alternatives: warning: skip creation of /usr/share/man/de/man1/ex.1.gz because associated file /usr/share/man/de/man1/vim.1.gz (of link group ex) doesn't exist
#5 54.88 update-alternatives: warning: skip creation of /usr/share/man/fr/man1/ex.1.gz because associated file /usr/share/man/fr/man1/vim.1.gz (of link group ex) doesn't exist
#5 54.88 update-alternatives: warning: skip creation of /usr/share/man/it/man1/ex.1.gz because associated file /usr/share/man/it/man1/vim.1.gz (of link group ex) doesn't exist
#5 54.88 update-alternatives: warning: skip creation of /usr/share/man/ja/man1/ex.1.gz because associated file /usr/share/man/ja/man1/vim.1.gz (of link group ex) doesn't exist
#5 54.88 update-alternatives: warning: skip creation of /usr/share/man/pl/man1/ex.1.gz because associated file /usr/share/man/pl/man1/vim.1.gz (of link group ex) doesn't exist
#5 54.88 update-alternatives: warning: skip creation of /usr/share/man/ru/man1/ex.1.gz because associated file /usr/share/man/ru/man1/vim.1.gz (of link group ex) doesn't exist
#5 54.88 update-alternatives: warning: skip creation of /usr/share/man/tr/man1/ex.1.gz because associated file /usr/share/man/tr/man1/vim.1.gz (of link group ex) doesn't exist
#5 54.88 update-alternatives: using /usr/bin/vim.basic to provide /usr/bin/rview (rview) in auto mode
#5 54.88 update-alternatives: using /usr/bin/vim.basic to provide /usr/bin/rvim (rvim) in auto mode
#5 54.88 update-alternatives: using /usr/bin/vim.basic to provide /usr/bin/vi (vi) in auto mode
#5 54.88 update-alternatives: warning: skip creation of /usr/share/man/man1/vi.1.gz because associated file /usr/share/man/man1/vim.1.gz (of link group vi) doesn't exist
#5 54.88 update-alternatives: warning: skip creation of /usr/share/man/da/man1/vi.1.gz because associated file /usr/share/man/da/man1/vim.1.gz (of link group vi) doesn't exist
#5 54.88 update-alternatives: warning: skip creation of /usr/share/man/de/man1/vi.1.gz because associated file /usr/share/man/de/man1/vim.1.gz (of link group vi) doesn't exist
#5 54.88 update-alternatives: warning: skip creation of /usr/share/man/fr/man1/vi.1.gz because associated file /usr/share/man/fr/man1/vim.1.gz (of link group vi) doesn't exist
#5 54.88 update-alternatives: warning: skip creation of /usr/share/man/it/man1/vi.1.gz because associated file /usr/share/man/it/man1/vim.1.gz (of link group vi) doesn't exist
#5 54.88 update-alternatives: warning: skip creation of /usr/share/man/ja/man1/vi.1.gz because associated file /usr/share/man/ja/man1/vim.1.gz (of link group vi) doesn't exist
#5 54.88 update-alternatives: warning: skip creation of /usr/share/man/pl/man1/vi.1.gz because associated file /usr/share/man/pl/man1/vim.1.gz (of link group vi) doesn't exist
#5 54.88 update-alternatives: warning: skip creation of /usr/share/man/ru/man1/vi.1.gz because associated file /usr/share/man/ru/man1/vim.1.gz (of link group vi) doesn't exist
#5 54.88 update-alternatives: warning: skip creation of /usr/share/man/tr/man1/vi.1.gz because associated file /usr/share/man/tr/man1/vim.1.gz (of link group vi) doesn't exist
#5 54.88 update-alternatives: using /usr/bin/vim.basic to provide /usr/bin/view (view) in auto mode
#5 54.88 update-alternatives: warning: skip creation of /usr/share/man/man1/view.1.gz because associated file /usr/share/man/man1/vim.1.gz (of link group view) doesn't exist
#5 54.88 update-alternatives: warning: skip creation of /usr/share/man/da/man1/view.1.gz because associated file /usr/share/man/da/man1/vim.1.gz (of link group view) doesn't exist
#5 54.88 update-alternatives: warning: skip creation of /usr/share/man/de/man1/view.1.gz because associated file /usr/share/man/de/man1/vim.1.gz (of link group view) doesn't exist
#5 54.88 update-alternatives: warning: skip creation of /usr/share/man/fr/man1/view.1.gz because associated file /usr/share/man/fr/man1/vim.1.gz (of link group view) doesn't exist
#5 54.88 update-alternatives: warning: skip creation of /usr/share/man/it/man1/view.1.gz because associated file /usr/share/man/it/man1/vim.1.gz (of link group view) doesn't exist
#5 54.88 update-alternatives: warning: skip creation of /usr/share/man/ja/man1/view.1.gz because associated file /usr/share/man/ja/man1/vim.1.gz (of link group view) doesn't exist
#5 54.88 update-alternatives: warning: skip creation of /usr/share/man/pl/man1/view.1.gz because associated file /usr/share/man/pl/man1/vim.1.gz (of link group view) doesn't exist
#5 54.88 update-alternatives: warning: skip creation of /usr/share/man/ru/man1/view.1.gz because associated file /usr/share/man/ru/man1/vim.1.gz (of link group view) doesn't exist
#5 54.88 update-alternatives: warning: skip creation of /usr/share/man/tr/man1/view.1.gz because associated file /usr/share/man/tr/man1/vim.1.gz (of link group view) doesn't exist
#5 54.88 update-alternatives: using /usr/bin/vim.basic to provide /usr/bin/vim (vim) in auto mode
#5 54.89 update-alternatives: using /usr/bin/vim.basic to provide /usr/bin/vimdiff (vimdiff) in auto mode
#5 54.89 Setting up libxcb-xfixes0:amd64 (1.15-1) ...
#5 54.89 Setting up libavif15:amd64 (0.11.1-1+deb12u1) ...
#5 54.89 Setting up node-error-ex (1.3.2-4) ...
#5 54.90 Setting up node-once (1.4.0-7) ...
#5 54.90 Setting up node-webpack-sources (3.2.3+~3.2.0-2) ...
#5 54.91 Setting up node-n3 (1.16.3+~1.2.3+~1.10.4-1) ...
#5 54.91 Setting up fontconfig-config (2.14.1-4) ...
#5 55.07 Setting up node-serialize-javascript (6.0.0-2+deb12u1) ...
#5 55.07 Setting up libxcb-glx0:amd64 (1.15-1) ...
#5 55.07 Setting up node-resolve (1.22.1+~cs5.31.10-1) ...
#5 55.08 Setting up libedit2:amd64 (3.1-20221030-2) ...
#5 55.08 Setting up libreadline8:amd64 (8.2-1.3) ...
#5 55.08 Setting up node-are-we-there-yet (3.0.1+~1.1.0-1) ...
#5 55.09 Setting up node-shell-quote (1.7.4+~1.7.1-1+deb12u1) ...
#5 55.09 Setting up libxcb-shape0:amd64 (1.15-1) ...
#5 55.09 Setting up node-find-up (6.3.0-7) ...
#5 55.09 Setting up node-kind-of (6.0.3+dfsg-2) ...
#5 55.10 Setting up libxcb-shm0:amd64 (1.15-1) ...
#5 55.10 Setting up node-is-binary-path (2.1.0-5) ...
#5 55.10 Setting up dbus-daemon (1.14.10-1~deb12u1) ...
#5 55.11 Setting up node-events (3.3.0+~3.0.0-3) ...
#5 55.11 Setting up node-minimist (1.2.7+~cs5.3.2-2) ...
#5 55.11 Setting up libldap-2.5-0:amd64 (2.5.13+dfsg-5) ...
#5 55.12 Setting up node-fancy-log (1.3.3+~cs1.3.1-2) ...
#5 55.12 Setting up node-define-property (2.0.2+really+2.0.2-3) ...
#5 55.12 Setting up libxcb-present0:amd64 (1.15-1) ...
#5 55.13 Setting up node-promzard (0.3.0-2) ...
#5 55.13 Setting up node-wcwidth.js (1.0.2-2) ...
#5 55.13 Setting up node-resolve-cwd (3.0.0-2) ...
#5 55.14 Setting up node-fetch (3.3.0+~cs11.4.11-2) ...
#5 55.14 Setting up ca-certificates (20250419~deb12u1) ...
#5 55.50 Updating certificates in /etc/ssl/certs...
#5 55.93 150 added, 0 removed; done.
#5 55.96 Setting up node-babel7-runtime (7.20.15+ds1+~cs214.269.168-3+deb12u2) ...
#5 55.96 Setting up node-iconv-lite (0.6.3-3) ...
#5 55.96 Setting up node-type-check (0.4.0+dfsg-3) ...
#5 55.97 Setting up libgprofng0:amd64 (2.40-2) ...
#5 55.97 Setting up node-rechoir (0.8.0+~0.6.1-2) ...
#5 55.97 Setting up libfreetype6:amd64 (2.12.1+dfsg-5+deb12u4) ...
#5 55.97 Setting up node-ansi-styles (6.2.1-2) ...
#5 55.98 Setting up libxcb-sync1:amd64 (1.15-1) ...
#5 55.98 Setting up node-pkg-dir (5.0.0-2) ...
#5 55.98 Setting up dbus (1.14.10-1~deb12u1) ...
#5 56.00 invoke-rc.d: could not determine current runlevel
#5 56.00 invoke-rc.d: policy-rc.d denied execution of start.
#5 56.00 Setting up libgcc-12-dev:amd64 (12.2.0-14+deb12u1) ...
#5 56.00 Setting up shared-mime-info (2.2-1) ...
#5 56.90 Setting up libgssapi-krb5-2:amd64 (1.20.1-2+deb12u5) ...
#5 56.90 Setting up node-collection-visit (1.0.0-4) ...
#5 56.90 Setting up node-restore-cursor (4.0.0-2) ...
#5 56.91 Setting up node-async (0.8.0-6) ...
#5 56.91 Setting up node-optimist (0.6.1+~0.0.30-2) ...
#5 56.91 Setting up libgdbm-compat4:amd64 (1.23-3) ...
#5 56.92 Setting up node-spdx-expression-parse (3.0.1+~3.0.1-1) ...
#5 56.92 Setting up libjs-sphinxdoc (5.3.0-4) ...
#5 56.92 Setting up libx265-199:amd64 (3.5-2+b1) ...
#5 56.92 Setting up node-concat-stream (2.0.0+~2.0.0-2) ...
#5 56.93 Setting up libxcb-dri2-0:amd64 (1.15-1) ...
#5 56.93 Setting up node-is-typedarray (1.0.0-4) ...
#5 56.93 Setting up node-undici (5.15.0+dfsg1+~cs20.10.9.3-1+deb12u4) ...
#5 56.94 Setting up libdrm2:amd64 (2.4.114-1+b1) ...
#5 56.94 Setting up node-inflight (1.0.6-2) ...
#5 56.94 Setting up libxcb-randr0:amd64 (1.15-1) ...
#5 56.94 Setting up cpp (4:12.2.0-3) ...
#5 56.95 Setting up libllvm15:amd64 (1:15.0.6-4+b1) ...
#5 56.95 Setting up node-hosted-git-info (6.1.1-2) ...
#5 56.96 Setting up gpgconf (2.2.40-1.1+deb12u2) ...
#5 56.96 Setting up libcurl4:amd64 (7.88.1-10+deb12u15) ...
#5 56.96 Setting up libx11-6:amd64 (2:1.8.4-2+deb12u2) ...
#5 56.97 Setting up libgdk-pixbuf-2.0-0:amd64 (2.42.10+dfsg-1+deb12u4) ...
#5 56.98 Setting up node-has-values (2.0.1-4) ...
#5 56.98 Setting up curl (7.88.1-10+deb12u15) ...
#5 56.99 Setting up libfontconfig1:amd64 (2.14.1-4) ...
#5 56.99 Setting up libxkbfile1:amd64 (1:1.1.0-1) ...
#5 56.99 Setting up node-encoding (0.1.13-2) ...
#5 57.00 Setting up libxcomposite1:amd64 (1:0.4.5-1) ...
#5 57.00 Setting up libsm6:amd64 (2:1.2.3-1) ...
#5 57.00 Setting up libperl5.36:amd64 (5.36.0-7+deb12u3) ...
#5 57.00 Setting up libxmuu1:amd64 (2:1.1.3-3) ...
#5 57.01 Setting up gpg (2.2.40-1.1+deb12u2) ...
#5 57.01 Setting up node-slice-ansi (5.0.0+~cs9.0.0-5) ...
#5 57.01 Setting up gnupg-utils (2.2.40-1.1+deb12u2) ...
#5 57.02 Setting up binutils-x86-64-linux-gnu (2.40-2) ...
#5 57.02 Setting up libdrm-amdgpu1:amd64 (2.4.114-1+b1) ...
#5 57.02 Setting up node-fs-write-stream-atomic (1.0.10-6) ...
#5 57.03 Setting up libtirpc3:amd64 (1.3.3+ds-1) ...
#5 57.03 Setting up libxcb-dri3-0:amd64 (1.15-1) ...
#5 57.03 Setting up node-cli-cursor (4.0.0-3) ...
#5 57.04 Setting up libx11-xcb1:amd64 (2:1.8.4-2+deb12u2) ...
#5 57.04 Setting up libdrm-nouveau2:amd64 (2.4.114-1+b1) ...
#5 57.04 Setting up gpg-agent (2.2.40-1.1+deb12u2) ...
#5 57.49 Setting up node-end-of-stream (1.4.4+~1.4.1-1) ...
#5 57.50 Setting up libxpm4:amd64 (1:3.5.12-1.1+deb12u1) ...
#5 57.50 Setting up node-pump (3.0.0-5) ...
#5 57.50 Setting up libxrender1:amd64 (1:0.9.10-1.1) ...
#5 57.50 Setting up libgbm1:amd64 (22.3.6-1+deb12u2) ...
#5 57.51 Setting up node-regenerator-transform (0.15.1+~0.10.8-1) ...
#5 57.51 Setting up libdrm-radeon1:amd64 (2.4.114-1+b1) ...
#5 57.51 Setting up openssh-client (1:9.2p1-2+deb12u10) ...
#5 57.56 Setting up gpgsm (2.2.40-1.1+deb12u2) ...
#5 57.57 Setting up libdrm-intel1:amd64 (2.4.114-1+b1) ...
#5 57.57 Setting up libgl1-mesa-dri:amd64 (22.3.6-1+deb12u2) ...
#5 57.58 Setting up libheif1:amd64 (1.15.1-1+deb12u1) ...
#5 57.58 Setting up libxext6:amd64 (2:1.3.4-1+b1) ...
#5 57.58 Setting up libcurl3-gnutls:amd64 (7.88.1-10+deb12u15) ...
#5 57.59 Setting up binutils (2.40-2) ...
#5 57.59 Setting up libxxf86vm1:amd64 (1:1.1.4-1+b2) ...
#5 57.59 Setting up node-levn (0.4.1+dfsg-2) ...
#5 57.59 Setting up dirmngr (2.2.40-1.1+deb12u2) ...
#5 57.72 Setting up node-spdx-correct (3.1.1-2) ...
#5 57.73 Setting up perl (5.36.0-7+deb12u3) ...
#5 57.74 Setting up libegl-mesa0:amd64 (22.3.6-1+deb12u2) ...
#5 57.74 Setting up libtirpc-dev:amd64 (1.3.3+ds-1) ...
#5 57.75 Setting up node-glob (8.0.3+~cs8.4.15-1) ...
#5 57.75 Setting up libdata-dump-perl (1.25-1) ...
#5 57.75 Setting up gcc-12 (12.2.0-14+deb12u1) ...
#5 57.76 Setting up libxfixes3:amd64 (1:6.0.0-2) ...
#5 57.76 Setting up libipc-system-simple-perl (1.30-2) ...
#5 57.76 Setting up libxml-xpathengine-perl (0.14-2) ...
#5 57.77 Setting up libnotify4:amd64 (0.8.1-1) ...
#5 57.77 Setting up node-get-stream (6.0.1-1) ...
#5 57.77 Setting up libxinerama1:amd64 (2:1.1.4-3) ...
#5 57.78 Setting up libgd3:amd64 (2.3.3-9+deb12u1) ...
#5 57.78 Setting up libxv1:amd64 (2:1.0.11-1.1) ...
#5 57.78 Setting up node-got (11.8.5+~cs58.13.36-3) ...
#5 57.79 Setting up libio-html-perl (1.004-3) ...
#5 57.79 Setting up libxrandr2:amd64 (2:1.5.2-2+b1) ...
#5 57.79 Setting up libxt6:amd64 (1:1.2.1-1.1) ...
#5 57.80 Setting up node-typedarray-to-buffer (4.0.0-2) ...
#5 57.80 Setting up libdpkg-perl (1.21.23) ...
#5 57.80 Setting up libtimedate-perl (2.3300-2) ...
#5 57.81 Setting up libnotify-bin (0.8.1-1) ...
#5 57.81 Setting up libregexp-ipv6-perl (0.03-3) ...
#5 57.81 Setting up gpg-wks-server (2.2.40-1.1+deb12u2) ...
#5 57.81 Setting up xauth (1:1.1.2-1) ...
#5 57.82 Setting up libgdk-pixbuf2.0-bin (2.42.10+dfsg-1+deb12u4) ...
#5 57.82 Setting up node-minipass (3.3.6+~cs9.4.19-1+deb12u1) ...
#5 57.82 Setting up node-has-value (2.0.2-4) ...
#5 57.82 Setting up libnsl2:amd64 (1.3.0-2) ...
#5 57.83 Setting up libegl1:amd64 (1.6.0-1) ...
#5 57.83 Setting up node-unset-value (2.0.1-1) ...
#5 57.83 Setting up liburi-perl (5.17-1) ...
#5 57.84 Setting up libx11-protocol-perl (0.56-9) ...
#5 57.84 Setting up libc-devtools (2.36-9+deb12u14) ...
#5 57.84 Setting up libnet-ssleay-perl:amd64 (1.92-2+b1) ...
#5 57.85 Setting up node-validate-npm-package-license (3.0.4-2) ...
#5 57.85 Setting up node-optionator (0.9.1+dfsg+~cs1.2.3-1) ...
#5 57.85 Setting up node-ssri (9.0.1-2) ...
#5 57.86 Setting up libhttp-date-perl (6.05-2) ...
#5 57.86 Setting up libxft2:amd64 (2.3.6-1) ...
#5 57.86 Setting up libxmu6:amd64 (2:1.1.3-3) ...
#5 57.87 Setting up libfile-basedir-perl (0.09-2) ...
#5 57.87 Setting up libtie-ixhash-perl (1.23-4) ...
#5 57.87 Setting up libglx-mesa0:amd64 (22.3.6-1+deb12u2) ...
#5 57.88 Setting up libfile-listing-perl (6.15-1) ...
#5 57.88 Setting up libxi6:amd64 (2:1.8-1+b1) ...
#5 57.88 Setting up gpg-wks-client (2.2.40-1.1+deb12u2) ...
#5 57.89 Setting up libglx0:amd64 (1.6.0-1) ...
#5 57.89 Setting up libfont-afm-perl (1.20-4) ...
#5 57.89 Setting up node-write-file-atomic (4.0.2+~4.0.0-1) ...
#5 57.90 Setting up libfile-fcntllock-perl (0.22-4+b1) ...
#5 57.90 Setting up libclone-perl:amd64 (0.46-1) ...
#5 57.90 Setting up libalgorithm-diff-perl (1.201-1) ...
#5 57.90 Setting up libio-stringy-perl (2.111-3) ...
#5 57.91 Setting up libxtst6:amd64 (2:1.2.3-1.1) ...
#5 57.91 Setting up libhtml-tagset-perl (3.20-6) ...
#5 57.91 Setting up libauthen-sasl-perl (2.1600-3) ...
#5 57.91 Setting up libpython3.11-stdlib:amd64 (3.11.2-6+deb12u8) ...
#5 57.92 Setting up libxcursor1:amd64 (1:1.2.1-1) ...
#5 57.92 Setting up liblwp-mediatypes-perl (6.04-2) ...
#5 57.92 Setting up libtry-tiny-perl (0.31-2) ...
#5 57.93 Setting up libxxf86dga1:amd64 (2:1.1.5-1) ...
#5 57.93 Setting up libnet-http-perl (6.22-1) ...
#5 57.94 Setting up node-growl (1.10.5-4) ...
#5 57.95 Setting up libencode-locale-perl (1.05-3) ...
#5 57.95 Setting up libxaw7:amd64 (2:1.0.14-1) ...
#5 57.95 Setting up x11-xserver-utils (7.7+9+b1) ...
#5 57.96 Setting up gcc (4:12.2.0-3) ...
#5 57.97 Setting up dpkg-dev (1.21.23) ...
#5 57.97 Setting up liberror-perl (0.17029-2) ...
#5 57.98 Setting up libgl1:amd64 (1.6.0-1) ...
#5 57.98 Setting up git (1:2.39.5-0+deb12u3) ...
#5 57.99 Setting up libfile-desktopentry-perl (0.22-3) ...
#5 57.99 Setting up libwww-robotrules-perl (6.02-1) ...
#5 58.00 Setting up zutty (0.14.0.20230218+dfsg1-1) ...
#5 58.00 update-alternatives: using /usr/bin/zutty to provide /usr/bin/x-terminal-emulator (x-terminal-emulator) in auto mode
#5 58.00 update-alternatives: warning: skip creation of /usr/share/man/man1/x-terminal-emulator.1.gz because associated file /usr/share/man/man1/zutty.1.gz (of link group x-terminal-emulator) doesn't exist
#5 58.00 Setting up libnsl-dev:amd64 (1.3.0-2) ...
#5 58.00 Setting up libhtml-parser-perl:amd64 (3.81-1+deb12u1) ...
#5 58.01 Setting up gnupg (2.2.40-1.1+deb12u2) ...
#5 58.01 Setting up x11-utils (7.7+5) ...
#5 58.03 Setting up libc6-dev:amd64 (2.36-9+deb12u14) ...
#5 58.03 Setting up libalgorithm-diff-xs-perl:amd64 (0.04-8+b1) ...
#5 58.03 Setting up libio-socket-ssl-perl (2.081-2) ...
#5 58.04 Setting up libpython3-stdlib:amd64 (3.11.2-1+b1) ...
#5 58.04 Setting up libalgorithm-merge-perl (0.08-5) ...
#5 58.04 Setting up libhttp-message-perl (6.44-1) ...
#5 58.05 Setting up libhtml-form-perl (6.11-1) ...
#5 58.05 Setting up libfile-mimeinfo-perl (0.33-1) ...
#5 58.05 Setting up python3.11 (3.11.2-6+deb12u8) ...
#5 58.64 Setting up libhttp-negotiate-perl (6.01-2) ...
#5 58.65 Setting up libpython3.11:amd64 (3.11.2-6+deb12u8) ...
#5 58.65 Setting up libstdc++-12-dev:amd64 (12.2.0-14+deb12u1) ...
#5 58.65 Setting up libhttp-cookies-perl (6.10-1) ...
#5 58.65 Setting up libhtml-tree-perl (5.07-3) ...
#5 58.66 Setting up python3 (3.11.2-1+b1) ...
#5 58.76 Setting up libhtml-format-perl (2.16-2) ...
#5 58.76 Setting up python3-six (1.16.0-4) ...
#5 58.85 Setting up libexpat1-dev:amd64 (2.5.0-1+deb12u2) ...
#5 58.86 Setting up libnet-smtp-ssl-perl (1.04-2) ...
#5 58.86 Setting up libmailtools-perl (2.21-2) ...
#5 58.86 Setting up zlib1g-dev:amd64 (1:1.2.13.dfsg-1) ...
#5 58.86 Setting up libhttp-daemon-perl (6.16-1+deb13u1~deb12u1) ...
#5 58.87 Setting up python3-lib2to3 (3.11.2-3) ...
#5 58.94 Setting up g++-12 (12.2.0-14+deb12u1) ...
#5 58.95 Setting up python3-pkg-resources (66.1.1-1+deb12u2) ...
#5 59.14 Setting up python3-distutils (3.11.2-3) ...
#5 59.24 Setting up python3-setuptools (66.1.1-1+deb12u2) ...
#5 59.60 Setting up python3-wheel (0.38.4-2) ...
#5 59.70 Setting up libpython3.11-dev:amd64 (3.11.2-6+deb12u8) ...
#5 59.71 Setting up python3-pip (23.0.1+dfsg-1) ...
#5 60.52 Setting up g++ (4:12.2.0-3) ...
#5 60.52 update-alternatives: using /usr/bin/g++ to provide /usr/bin/c++ (c++) in auto mode
#5 60.52 Setting up build-essential (12.9) ...
#5 60.53 Setting up gyp (0.1+20220404git9ecf45e-2) ...
#5 60.75 Setting up libpython3-dev:amd64 (3.11.2-1+b1) ...
#5 60.75 Setting up python3.11-dev (3.11.2-6+deb12u8) ...
#5 60.75 Setting up python3-dev (3.11.2-1+b1) ...
#5 60.76 Setting up node-acorn (8.8.1+ds+~cs25.17.7-2) ...
#5 60.76 Setting up node-espree (9.4.1~dfsg-1) ...
#5 60.77 Setting up node-define-properties (1.1.4+~1.1.3-1) ...
#5 60.78 Setting up libwww-perl (6.68-1) ...
#5 60.79 Setting up libnode108:amd64 (18.20.4+dfsg-1~deb12u2) ...
#5 60.79 Setting up nodejs (18.20.4+dfsg-1~deb12u2) ...
#5 60.79 update-alternatives: using /usr/bin/nodejs to provide /usr/bin/js (js) in auto mode
#5 60.79 update-alternatives: warning: skip creation of /usr/share/man/man1/js.1.gz because associated file /usr/share/man/man1/nodejs.1.gz (of link group js) doesn't exist
#5 60.79 Setting up node-argparse (2.0.1-2) ...
#5 60.80 Setting up node-sellside-emitter (1.2.1-3) ...
#5 60.80 Setting up terser (5.16.5-2) ...
#5 60.80 Setting up node-mime (3.0.0+dfsg+~cs3.97.1-1) ...
#5 60.81 Setting up node-source-map-support (0.5.21+ds+~0.5.4-1) ...
#5 60.81 Setting up node-unique-filename (1.1.1+ds-2) ...
#5 60.82 Setting up node-unicode-match-property-ecmascript (2.0.0-2) ...
#5 60.82 Setting up node-defined (1.0.1+~1.0.0-1) ...
#5 60.83 Setting up node-mime-types (2.1.35-1) ...
#5 60.83 Setting up node-ansi-escapes (5.0.0+really.4.3.1-1) ...
#5 60.83 Setting up node-lcov-parse (1.0.0+20170612git80d039574ed9-6) ...
#5 60.84 Setting up node-strip-ansi (6.0.1-2) ...
#5 60.84 Setting up node-write (2.0.0~6.0.0+~3.0.4+~2.0.0+~1.0.0+~2.0.1-5) ...
#5 60.84 Setting up node-ignore (5.2.1-1) ...
#5 60.85 Setting up node-chalk (5.2.0-1) ...
#5 60.85 Setting up node-which (2.0.2+~cs1.3.2-3) ...
#5 60.85 Setting up node-punycode (2.1.1-6) ...
#5 60.86 Setting up node-css-selector-tokenizer (0.8.0+~cs4.8.3-1) ...
#5 60.86 Setting up node-tap-parser (11.0.2+~cs2.1.4-1) ...
#5 60.87 Setting up node-esprima (4.0.1+ds+~4.0.3-2) ...
#5 60.88 Setting up node-is-path-inside (3.0.3-2) ...
#5 60.88 Setting up node-neo-async (2.6.2+~cs3.0.0-2) ...
#5 60.89 Setting up node-mkdirp (1.0.4+~1.0.2-4) ...
#5 60.90 Setting up node-uri-js (4.4.0+dfsg-8) ...
#5 60.90 Setting up node-es6-error (4.1.1-5) ...
#5 60.90 Setting up node-opener (1.5.2+~1.4.0-1) ...
#5 60.90 Setting up node-archy (1.0.0-6) ...
#5 60.91 Setting up node-js-yaml (4.1.0+dfsg+~4.0.5-7) ...
#5 60.91 Setting up node-nopt (5.0.0-4) ...
#5 60.91 Setting up node-lodash (4.17.21+dfsg+~cs8.31.198.20210220-9) ...
#5 60.92 Setting up node-progress (2.0.3-2) ...
#5 60.92 Setting up node-json5 (2.2.3+dfsg-1) ...
#5 60.92 Setting up node-debbundle-es-to-primitive (1.2.1+~cs9.7.25-2) ...
#5 60.93 Setting up node-ms (2.1.3+~cs0.7.31-3) ...
#5 60.93 Setting up node-rimraf (3.0.2-2) ...
#5 60.93 Setting up node-string-width (4.2.3+~cs13.2.3-1) ...
#5 60.94 Setting up node-deep-equal (2.1.0+~cs31.12.80-1) ...
#5 60.94 Setting up node-regenerate (1.4.2-3) ...
#5 60.94 Setting up node-semver (7.3.5+~7.3.9-2) ...
#5 60.95 Setting up node-picocolors (1.0.0-4) ...
#5 60.95 Setting up liblwp-protocol-https-perl (6.10-1) ...
#5 60.95 Setting up node-es-abstract (1.20.4+~cs26.27.47-1) ...
#5 60.96 Setting up node-builtins (5.0.1-1) ...
#5 60.96 Setting up node-is-primitive (3.0.1-3) ...
#5 60.96 Setting up node-log-driver (1.2.7+git+20180219+bba1761737-7) ...
#5 60.97 Setting up libxml-parser-perl (2.46-4+deb12u1) ...
#5 60.97 Setting up handlebars (3:4.7.7+~4.1.0-1) ...
#5 60.98 Setting up node-object-assign (4.1.1-7) ...
#5 60.98 Setting up node-is-glob (4.0.3-2) ...
#5 60.98 Setting up node-v8-compile-cache (2.3.0-3+deb12u1) ...
#5 60.99 Setting up node-flat-cache (3.0.4~6.0.0+~3.0.4+~2.0.0+~1.0.0+~2.0.1-5) ...
#5 60.99 Setting up node-is-number (7.0.0-4) ...
#5 60.99 Setting up node-for-in (1.0.2-4) ...
#5 61.00 Setting up node-webassemblyjs (1.11.4+dfsg+~cs10.11.17-2) ...
#5 61.00 Setting up node-strip-json-comments (4.0.0-4) ...
#5 61.00 Setting up libnode-dev (18.20.4+dfsg-1~deb12u2) ...
#5 61.01 Setting up node-is-extendable (1.0.1-3) ...
#5 61.01 Setting up node-columnify (1.6.0+~1.5.1-1) ...
#5 61.01 Setting up node-doctrine (3.0.0-4) ...
#5 61.01 Setting up node-copy-concurrently (1.0.5-9) ...
#5 61.02 Setting up node-set-value (4.1.0+~4.0.1-2) ...
#5 61.02 Setting up node-ajv (6.12.6-3) ...
#5 61.02 Setting up libxml-twig-perl (1:3.52-2) ...
#5 61.03 Setting up node-jsesc (3.0.2+~3.0.1-1) ...
#5 61.03 Setting up node-regjsparser (0.9.1+ds-2) ...
#5 61.03 Setting up node-errno (1.0.0-3) ...
#5 61.04 Setting up node-decamelize (4.0.0-2) ...
#5 61.04 Setting up node-move-concurrently (1.0.1-5) ...
#5 61.04 Setting up libnet-dbus-perl (1.2.0-2) ...
#5 61.05 Setting up node-normalize-path (3.0.0+~3.0.0-1) ...
#5 61.05 Setting up node-functional-red-black-tree (1.0.1+20181105-7) ...
#5 61.05 Setting up node-debug (4.3.4+~cs4.1.7-1) ...
#5 61.06 Setting up libjs-util (0.12.5+~1.0.10-1) ...
#5 61.06 Setting up node-agent-base (6.0.2+~cs5.4.2-2) ...
#5 61.07 Setting up node-browserslist (4.21.4+~cs6.1.17-2) ...
#5 61.07 Setting up node-yargs-parser (21.1.1+~21.0.0-4) ...
#5 61.07 Setting up node-coveralls (3.1.1-2) ...
#5 61.08 Setting up node-make-dir (3.1.0-3) ...
#5 61.08 Setting up node-validate-npm-package-name (5.0.0+~4.0.0-1) ...
#5 61.08 Setting up node-esrecurse (4.3.0-2) ...
#5 61.09 Setting up node-tap-mocha-reporter (5.0.3+~2.0.2-2) ...
#5 61.09 Setting up node-file-entry-cache (6.0.0+~3.0.4+~2.0.0+~1.0.0+~2.0.1-5) ...
#5 61.09 Setting up node-wrap-ansi (8.0.1+~8.0.1-3) ...
#5 61.10 Setting up node-normalize-package-data (4.0.1+~2.4.1-1) ...
#5 61.10 Setting up node-for-own (1.0.0-3) ...
#5 61.10 Setting up node-eslint-scope (7.1.1+~3.7.4-1) ...
#5 61.11 Setting up node-escodegen (2.0.0+dfsg+~0.0.7-2) ...
#5 61.11 Setting up node-widest-line (3.1.0-2) ...
#5 61.11 Setting up node-mixin-deep (2.0.1-3) ...
#5 61.12 Setting up node-memory-fs (0.5.0+~0.3.3-2) ...
#5 61.12 Setting up node-babel-helper-define-polyfill-provider (0.3.3~0~20220913+ds1-1) ...
#5 61.12 Setting up node-cli-table (0.3.11+~cs0.13.4-3) ...
#5 61.13 Setting up node-tar (6.1.13+~cs7.0.5-1+deb12u1) ...
#5 61.13 Setting up node-regenerate-unicode-properties (10.1.0+ds-1) ...
#5 61.13 Setting up node-glob-parent (6.0.2+~5.1.1-2) ...
#5 61.14 Setting up node-cli-truncate (2.1.0-5) ...
#5 61.14 Setting up node-enhanced-resolve (5.10.0-1) ...
#5 61.14 Setting up node-postcss (8.4.20+~cs8.0.23-1+deb12u1) ...
#5 61.15 Setting up node-wide-align (1.1.3-4) ...
#5 61.15 Setting up node-npm-package-arg (10.0.0+~3.0.0-2) ...
#5 61.16 Setting up node-anymatch (3.1.3+~cs4.6.1-2) ...
#5 61.16 Setting up node-postcss-modules-extract-imports (3.0.0-2) ...
#5 61.16 Setting up node-https-proxy-agent (5.0.1+~cs8.0.0-3) ...
#5 61.17 Setting up node-cliui (7.0.4+repack+~cs3.1.0-4) ...
#5 61.17 Setting up node-regexpu-core (5.2.2-3) ...
#5 61.18 Setting up node-yargs (16.2.0+~16.0.4-7) ...
#5 61.19 Setting up node-to-regex-range (5.0.1-4) ...
#5 61.19 Setting up node-union-value (2.0.1-4) ...
#5 61.20 Setting up node-cacache (17.0.3+~cs10.3.7-1) ...
#5 61.20 Setting up node-babel-plugin-polyfill-corejs2 (0.3.3~0~20220913+ds1-1) ...
#5 61.20 Setting up node-ajv-keywords (3.5.2-2) ...
#5 61.21 Setting up node-read-package-json (5.0.2+~2.0.0-1) ...
#5 61.21 Setting up node-core-js-compat (3.26.1-3) ...
#5 61.21 Setting up node-clone-deep (4.0.1+~cs7.0.2-1) ...
#5 61.22 Setting up eslint (6.4.0~dfsg+~6.1.9-7) ...
#5 61.22 Setting up node-util (0.12.5+~1.0.10-1) ...
#5 61.22 Setting up node-babel-plugin-polyfill-regenerator (0.4.1~0~20220913+ds1-1) ...
#5 61.23 Setting up node-gauge (4.0.4-1) ...
#5 61.23 Setting up node-readdirp (3.6.0-1) ...
#5 61.23 Setting up node-ws (8.11.0+~cs13.7.3-1) ...
#5 61.24 Setting up node-cache-base (4.0.2-1) ...
#5 61.24 Setting up node-icss-utils (5.1.0+~5.1.0-1) ...
#5 61.24 Setting up node-npm-bundled (2.0.1-2) ...
#5 61.25 Setting up node-schema-utils (3.1.1~ds-2) ...
#5 61.25 Setting up node-assert (2.0.0+~cs3.9.8-2) ...
#5 61.26 Setting up node-jest-worker (29.3.1~ds1+~cs70.48.25-2) ...
#5 61.26 Setting up node-npmlog (7.0.1+~4.1.4-1) ...
#5 61.26 Setting up node-babel-plugin-polyfill-corejs3 (0.6.0~0~20220913+ds1-1) ...
#5 61.27 Setting up node-postcss-modules-values (4.0.0+~4.0.0-1) ...
#5 61.27 Setting up node-fill-range (7.0.1+~7.0.0-1) ...
#5 61.28 Setting up node-base (3.0.0-3) ...
#5 61.28 Setting up node-gyp (9.3.0-2) ...
#5 61.29 Setting up node-braces (3.0.2+~3.0.1-1) ...
#5 61.29 Setting up node-chokidar (3.5.3-2) ...
#5 61.29 Setting up node-watchpack (2.4.0+~cs2.8.1-1) ...
#5 61.30 Setting up node-micromatch (4.0.5+~4.0.2-1) ...
#5 61.30 Setting up node-globby (13.1.3+~cs16.25.40-1+deb12u1) ...
#5 61.30 Setting up node-del (7.0.0-5) ...
#5 61.31 Setting up node-find-cache-dir (3.3.2+~3.2.1-1) ...
#5 61.31 Setting up node-babel7 (7.20.15+ds1+~cs214.269.168-3+deb12u2) ...
#5 61.32 update-alternatives: using /usr/bin/babeljs-7 to provide /usr/bin/babeljs (babeljs) in auto mode
#5 61.32 update-alternatives: using /usr/bin/babeljs-7-external-helpers to provide /usr/bin/babeljs-external-helpers (babeljs-external-helpers) in auto mode
#5 61.32 update-alternatives: using /usr/bin/babeljs-7-node to provide /usr/bin/babeljs-node (babeljs-node) in auto mode
#5 61.32 update-alternatives: using /usr/bin/babeljs-7-parser to provide /usr/bin/babeljs-parser (babeljs-parser) in auto mode
#5 61.33 Setting up node-babel-plugin-lodash (3.3.4+~cs2.0.1-6) ...
#5 61.33 Setting up node-jest-debbundle (29.3.1~ds1+~cs70.48.25-2) ...
#5 61.33 Setting up node-parse-json (5.2.0+~cs5.1.7-1) ...
#5 61.34 Setting up node-read-pkg (5.2.0-2) ...
#5 61.34 Setting up node-istanbul (0.4.5+repack10+~cs97.25.57-3) ...
#5 61.34 Setting up node-tape (5.6.1+~cs8.20.19-1) ...
#5 61.35 Setting up webpack (5.75.0+dfsg+~cs17.16.14-1+deb12u1) ...
#5 61.35 Setting up node-tap (16.3.2+ds1+~cs50.8.16-1+deb12u1) ...
#5 61.36 Setting up node-css-loader (6.7.2+~cs14.0.11-1) ...
#5 61.36 Setting up npm (9.2.0~ds1-1) ...
#5 61.37 Processing triggers for libc-bin (2.36-9+deb12u14) ...
#5 61.38 Processing triggers for ca-certificates (20250419~deb12u1) ...
#5 61.39 Updating certificates in /etc/ssl/certs...
#5 61.71 0 added, 0 removed; done.
#5 61.71 Running hooks in /etc/ca-certificates/update.d...
#5 61.71 done.
#5 DONE 61.9s

#6 [3/4] WORKDIR /workspace
#6 DONE 0.0s

#7 [4/4] RUN useradd -m -s /bin/bash ghostuser &&     echo "ghostuser ALL=(ALL) NOPASSWD:ALL" >> /etc/sudoers &&     chown -R ghostuser:ghostuser /workspace
#7 DONE 0.1s

#8 exporting to image
#8 exporting layers
#8 exporting layers 4.0s done
#8 writing image sha256:9ac1b47ecc1a3ba1342975fe88e3618e28b4c2c48ecea6a7a3ede9140dce9b8f done
#8 naming to docker.io/library/colab-debian:latest done
#8 DONE 4.0s
✅ Successfully built colab-debian:latest

Building fedora image...
#0 building with "default" instance using docker driver

#1 [internal] load build definition from Dockerfile.fedora
#1 transferring dockerfile: 622B done
#1 DONE 0.0s

#2 [internal] load metadata for docker.io/library/fedora:39
#2 DONE 5.8s

#3 [internal] load .dockerignore
#3 transferring context: 2B done
#3 DONE 0.0s

#4 [1/4] FROM docker.io/library/fedora:39@sha256:d63d63fe593749a5e8dbc8152427d40bbe0ece53d884e00e5f3b44859efa5077
#4 resolve docker.io/library/fedora:39@sha256:d63d63fe593749a5e8dbc8152427d40bbe0ece53d884e00e5f3b44859efa5077 done
#4 sha256:d63d63fe593749a5e8dbc8152427d40bbe0ece53d884e00e5f3b44859efa5077 4.66kB / 4.66kB done
#4 sha256:2c060df36801d0b1c616ec5e0dcb79f0513b8ee245d9629d033c40e698cfa809 1.03kB / 1.03kB done
#4 sha256:2f29760e1bf258d128a684e79be7b80eb394f4067fe012d7446e84b39960c1d1 1.03kB / 1.03kB done
#4 sha256:0c6321f3889d450dcf0c3bd9dcccf322a20dc351997ef7bd4261de4796b551d4 0B / 64.95MB 0.1s
#4 sha256:0c6321f3889d450dcf0c3bd9dcccf322a20dc351997ef7bd4261de4796b551d4 4.19MB / 64.95MB 0.9s
#4 sha256:0c6321f3889d450dcf0c3bd9dcccf322a20dc351997ef7bd4261de4796b551d4 10.49MB / 64.95MB 1.4s
#4 sha256:0c6321f3889d450dcf0c3bd9dcccf322a20dc351997ef7bd4261de4796b551d4 15.73MB / 64.95MB 1.8s
#4 sha256:0c6321f3889d450dcf0c3bd9dcccf322a20dc351997ef7bd4261de4796b551d4 20.97MB / 64.95MB 2.2s
#4 sha256:0c6321f3889d450dcf0c3bd9dcccf322a20dc351997ef7bd4261de4796b551d4 25.17MB / 64.95MB 2.6s
#4 sha256:0c6321f3889d450dcf0c3bd9dcccf322a20dc351997ef7bd4261de4796b551d4 29.36MB / 64.95MB 2.9s
#4 sha256:0c6321f3889d450dcf0c3bd9dcccf322a20dc351997ef7bd4261de4796b551d4 33.55MB / 64.95MB 3.2s
#4 sha256:0c6321f3889d450dcf0c3bd9dcccf322a20dc351997ef7bd4261de4796b551d4 38.80MB / 64.95MB 3.6s
#4 sha256:0c6321f3889d450dcf0c3bd9dcccf322a20dc351997ef7bd4261de4796b551d4 42.99MB / 64.95MB 4.0s
#4 sha256:0c6321f3889d450dcf0c3bd9dcccf322a20dc351997ef7bd4261de4796b551d4 48.23MB / 64.95MB 4.4s
#4 sha256:0c6321f3889d450dcf0c3bd9dcccf322a20dc351997ef7bd4261de4796b551d4 53.48MB / 64.95MB 4.8s
#4 sha256:0c6321f3889d450dcf0c3bd9dcccf322a20dc351997ef7bd4261de4796b551d4 58.72MB / 64.95MB 5.2s
#4 sha256:0c6321f3889d450dcf0c3bd9dcccf322a20dc351997ef7bd4261de4796b551d4 62.91MB / 64.95MB 5.5s
#4 extracting sha256:0c6321f3889d450dcf0c3bd9dcccf322a20dc351997ef7bd4261de4796b551d4
#4 sha256:0c6321f3889d450dcf0c3bd9dcccf322a20dc351997ef7bd4261de4796b551d4 64.95MB / 64.95MB 5.7s done
#4 extracting sha256:0c6321f3889d450dcf0c3bd9dcccf322a20dc351997ef7bd4261de4796b551d4 1.8s done
#4 DONE 7.6s

#5 [2/4] RUN dnf install -y     bash     git     vim     nano     curl     wget     gcc     gcc-c++     make     python3     python3-pip     nodejs     npm     sudo     && dnf clean all
